GAME_ID,GAME_DATE,SEASON_TYPE,HOME_TEAM_ID,HOME_TEAM_ABBREVIATION,HOME_TEAM_NAME,AWAY_TEAM_ID,AWAY_TEAM_ABBREVIATION,AWAY_TEAM_NAME,HOME_POINTS,AWAY_POINTS
0012400001,2024-10-04,Regular Season,1610612743,DEN,Denver Nuggets,1610612738,BOS,Boston Celtics,103,107
0012400002,2024-10-04,Regular Season,1610612762,UTA,Utah Jazz,15020,NZB,New Zealand Breakers,116,87
0012400003,2024-10-04,Regular Season,1610612747,LAL,Los Angeles Lakers,1610612750,MIN,Minnesota Timberwolves,107,124
0012400004,2024-10-05,Regular Season,1610612746,LAC,LA Clippers,1610612744,GSW,Golden State Warriors,90,91
0012400005,2024-10-06,Regular Season,1610612738,BOS,Boston Celtics,1610612743,DEN,Denver Nuggets,130,104
0012400006,2024-10-06,Regular Season,1610612766,CHA,Charlotte Hornets,1610612752,NYK,New York Knicks,109,111
0012400007,2024-10-06,Regular Season,1610612761,TOR,Toronto Raptors,1610612764,WAS,Washington Wizards,125,98
0012400008,2024-10-06,Regular Season,1610612765,DET,Detroit Pistons,1610612749,MIL,Milwaukee Bucks,120,87
0012400009,2024-10-06,Regular Season,1610612747,LAL,Los Angeles Lakers,1610612756,PHX,Phoenix Suns,114,118
0012400010,2024-10-07,Regular Season,1610612740,NOP,New Orleans Pelicans,1610612753,ORL,Orlando Magic,106,104
0012400011,2024-10-07,Regular Season,1610612755,PHI,Philadelphia 76ers,15020,NZB,New Zealand Breakers,139,84
0012400012,2024-10-07,Regular Season,1610612742,DAL,Dallas Mavericks,1610612763,MEM,Memphis Grizzlies,116,121
0012400013,2024-10-07,Regular Season,1610612759,SAS,San Antonio Spurs,1610612760,OKC,Oklahoma City Thunder,107,112
0012400014,2024-10-07,Regular Season,1610612762,UTA,Utah Jazz,1610612745,HOU,Houston Rockets,122,113
0012400015,2024-10-08,Regular Season,1610612766,CHA,Charlotte Hornets,1610612748,MIA,Miami Heat,111,108
0012400016,2024-10-08,Regular Season,1610612739,CLE,Cleveland Cavaliers,1610612741,CHI,Chicago Bulls,112,116
0012400017,2024-10-08,Regular Season,1610612765,DET,Detroit Pistons,1610612756,PHX,Phoenix Suns,97,105
0012400018,2024-10-08,Regular Season,1610612737,ATL,Atlanta Hawks,1610612754,IND,Indiana Pacers,131,130
0012400019,2024-10-08,Regular Season,1610612746,LAC,LA Clippers,1610612751,BKN,Brooklyn Nets,115,106
0012400020,2024-10-09,Regular Season,1610612752,NYK,New York Knicks,1610612764,WAS,Washington Wizards,117,94
0012400021,2024-10-09,Regular Season,1610612760,OKC,Oklahoma City Thunder,1610612745,HOU,Houston Rockets,113,122
0012400022,2024-10-09,Regular Season,1610612759,SAS,San Antonio Spurs,1610612753,ORL,Orlando Magic,107,97
0012400023,2024-10-09,Regular Season,1610612758,SAC,Sacramento Kings,1610612744,GSW,Golden State Warriors,112,122
0012400024,2024-10-10,Regular Season,1610612739,CLE,Cleveland Cavaliers,1610612754,IND,Indiana Pacers,117,129
0012400025,2024-10-16,Regular Season,1610612748,MIA,Miami Heat,1610612737,ATL,Atlanta Hawks,120,111
0012400026,2024-10-10,Regular Season,1610612742,DAL,Dallas Mavericks,1610612762,UTA,Utah Jazz,102,107
0012400027,2024-10-10,Regular Season,1610612763,MEM,Memphis Grizzlies,1610612766,CHA,Charlotte Hornets,94,119
0012400028,2024-10-10,Regular Season,1610612749,MIL,Milwaukee Bucks,1610612747,LAL,Los Angeles Lakers,102,107
0012400029,2024-10-10,Regular Season,1610612760,OKC,Oklahoma City Thunder,15020,NZB,New Zealand Breakers,117,89
0012400031,2024-10-11,Regular Season,1610612764,WAS,Washington Wizards,1610612761,TOR,Toronto Raptors,113,95
0012400032,2024-10-11,Regular Season,1610612750,MIN,Minnesota Timberwolves,1610612755,PHI,Philadelphia 76ers,121,111
0012400033,2024-10-11,Regular Season,1610612744,GSW,Golden State Warriors,1610612758,SAC,Sacramento Kings,109,106
0012400034,2024-10-11,Regular Season,1610612756,PHX,Phoenix Suns,1610612765,DET,Detroit Pistons,91,109
0012400035,2024-10-11,Regular Season,1610612746,LAC,LA Clippers,1610612757,POR,Portland Trail Blazers,101,99
0012400036,2024-10-12,Regular Season,1610612738,BOS,Boston Celtics,1610612755,PHI,Philadelphia 76ers,139,89
0012400037,2024-10-12,Regular Season,1610612741,CHI,Chicago Bulls,1610612763,MEM,Memphis Grizzlies,121,124
0012400038,2024-10-12,Regular Season,1610612759,SAS,San Antonio Spurs,1610612762,UTA,Utah Jazz,126,120
0012400039,2024-10-13,Regular Season,1610612748,MIA,Miami Heat,1610612740,NOP,New Orleans Pelicans,101,99
0012400040,2024-10-13,Regular Season,1610612752,NYK,New York Knicks,1610612750,MIN,Minnesota Timberwolves,115,110
0012400041,2024-10-13,Regular Season,1610612758,SAC,Sacramento Kings,1610612757,POR,Portland Trail Blazers,85,105
0012400042,2024-10-13,Regular Season,1610612738,BOS,Boston Celtics,1610612761,TOR,Toronto Raptors,115,111
0012400043,2024-10-13,Regular Season,1610612743,DEN,Denver Nuggets,1610612756,PHX,Phoenix Suns,114,118
0012400044,2024-10-13,Regular Season,1610612744,GSW,Golden State Warriors,1610612765,DET,Detroit Pistons,111,93
0012400045,2024-10-14,Regular Season,1610612754,IND,Indiana Pacers,1610612763,MEM,Memphis Grizzlies,116,120
0012400046,2024-10-14,Regular Season,1610612737,ATL,Atlanta Hawks,1610612755,PHI,Philadelphia 76ers,89,104
0012400047,2024-10-14,Regular Season,1610612751,BKN,Brooklyn Nets,1610612764,WAS,Washington Wizards,131,92
0012400048,2024-10-14,Regular Season,1610612749,MIL,Milwaukee Bucks,1610612741,CHI,Chicago Bulls,111,107
0012400049,2024-10-14,Regular Season,1610612746,LAC,LA Clippers,1610612742,DAL,Dallas Mavericks,110,96
0012400050,2024-10-15,Regular Season,1610612761,TOR,Toronto Raptors,1610612738,BOS,Boston Celtics,119,118
0012400051,2024-10-15,Regular Season,1610612748,MIA,Miami Heat,1610612759,SAS,San Antonio Spurs,120,117
0012400052,2024-10-15,Regular Season,1610612752,NYK,New York Knicks,1610612766,CHA,Charlotte Hornets,111,105
0012400053,2024-10-15,Regular Season,1610612745,HOU,Houston Rockets,1610612740,NOP,New Orleans Pelicans,118,98
0012400054,2024-10-15,Regular Season,1610612743,DEN,Denver Nuggets,1610612760,OKC,Oklahoma City Thunder,94,124
0012400055,2024-10-15,Regular Season,1610612762,UTA,Utah Jazz,1610612758,SAC,Sacramento Kings,117,114
0012400056,2024-10-15,Regular Season,1610612747,LAL,Los Angeles Lakers,1610612744,GSW,Golden State Warriors,97,111
0012400057,2024-10-16,Regular Season,1610612765,DET,Detroit Pistons,1610612739,CLE,Cleveland Cavaliers,108,92
0012400058,2024-10-16,Regular Season,1610612755,PHI,Philadelphia 76ers,1610612751,BKN,Brooklyn Nets,117,95
0012400059,2024-10-16,Regular Season,1610612741,CHI,Chicago Bulls,1610612750,MIN,Minnesota Timberwolves,125,123
0012400060,2024-10-16,Regular Season,1610612757,POR,Portland Trail Blazers,15025,ULM,Ratiopharm Ulm,111,100
0012400061,2024-10-17,Regular Season,1610612754,IND,Indiana Pacers,1610612766,CHA,Charlotte Hornets,121,116
0012400062,2024-10-17,Regular Season,1610612742,DAL,Dallas Mavericks,1610612749,MIL,Milwaukee Bucks,109,84
0012400063,2024-10-17,Regular Season,1610612745,HOU,Houston Rockets,1610612759,SAS,San Antonio Spurs,129,107
0012400064,2024-10-17,Regular Season,1610612760,OKC,Oklahoma City Thunder,1610612737,ATL,Atlanta Hawks,104,99
0012400065,2024-10-17,Regular Season,1610612756,PHX,Phoenix Suns,1610612747,LAL,Los Angeles Lakers,122,128
0012400066,2024-10-17,Regular Season,1610612746,LAC,LA Clippers,1610612758,SAC,Sacramento Kings,113,91
0012400067,2024-10-18,Regular Season,1610612753,ORL,Orlando Magic,1610612755,PHI,Philadelphia 76ers,114,99
0012400068,2024-10-18,Regular Season,1610612764,WAS,Washington Wizards,1610612752,NYK,New York Knicks,118,117
0012400069,2024-10-18,Regular Season,1610612751,BKN,Brooklyn Nets,1610612761,TOR,Toronto Raptors,112,116
0012400070,2024-10-18,Regular Season,1610612741,CHI,Chicago Bulls,1610612739,CLE,Cleveland Cavaliers,139,137
0012400071,2024-10-18,Regular Season,1610612763,MEM,Memphis Grizzlies,1610612748,MIA,Miami Heat,109,114
0012400072,2024-10-17,Regular Season,1610612750,MIN,Minnesota Timberwolves,1610612743,DEN,Denver Nuggets,126,132
0012400073,2024-10-18,Regular Season,1610612757,POR,Portland Trail Blazers,1610612762,UTA,Utah Jazz,124,86
0012400074,2024-10-18,Regular Season,1610612744,GSW,Golden State Warriors,1610612747,LAL,Los Angeles Lakers,132,74
0022400001,2024-11-12,Regular Season,1610612738,BOS,Boston Celtics,1610612737,ATL,Atlanta Hawks,116,117
0022400002,2024-11-12,Regular Season,1610612765,DET,Detroit Pistons,1610612748,MIA,Miami Heat,123,121
0022400003,2024-11-12,Regular Season,1610612753,ORL,Orlando Magic,1610612766,CHA,Charlotte Hornets,114,89
0022400004,2024-11-12,Regular Season,1610612755,PHI,Philadelphia 76ers,1610612752,NYK,New York Knicks,99,111
0022400005,2024-11-12,Regular Season,1610612749,MIL,Milwaukee Bucks,1610612761,TOR,Toronto Raptors,99,85
0022400006,2024-11-12,Regular Season,1610612762,UTA,Utah Jazz,1610612756,PHX,Phoenix Suns,112,120
0022400007,2024-11-12,Regular Season,1610612744,GSW,Golden State Warriors,1610612742,DAL,Dallas Mavericks,120,117
0022400008,2024-11-12,Regular Season,1610612757,POR,Portland Trail Blazers,1610612750,MIN,Minnesota Timberwolves,122,108
0022400009,2024-11-15,Regular Season,1610612754,IND,Indiana Pacers,1610612748,MIA,Miami Heat,111,124
0022400010,2024-11-15,Regular Season,1610612753,ORL,Orlando Magic,1610612755,PHI,Philadelphia 76ers,98,86
0022400011,2024-11-15,Regular Season,1610612761,TOR,Toronto Raptors,1610612765,DET,Detroit Pistons,95,99
0022400012,2024-11-15,Regular Season,1610612737,ATL,Atlanta Hawks,1610612764,WAS,Washington Wizards,129,117
0022400013,2024-11-15,Regular Season,1610612739,CLE,Cleveland Cavaliers,1610612741,CHI,Chicago Bulls,144,126
0022400014,2024-11-15,Regular Season,1610612752,NYK,New York Knicks,1610612751,BKN,Brooklyn Nets,124,122
0022400015,2024-11-15,Regular Season,1610612759,SAS,San Antonio Spurs,1610612747,LAL,Los Angeles Lakers,115,120
0022400016,2024-11-15,Regular Season,1610612745,HOU,Houston Rockets,1610612746,LAC,LA Clippers,125,104
0022400017,2024-11-15,Regular Season,1610612740,NOP,New Orleans Pelicans,1610612743,DEN,Denver Nuggets,101,94
0022400018,2024-11-15,Regular Season,1610612760,OKC,Oklahoma City Thunder,1610612756,PHX,Phoenix Suns,99,83
0022400019,2024-11-15,Regular Season,1610612744,GSW,Golden State Warriors,1610612763,MEM,Memphis Grizzlies,123,118
0022400020,2024-11-15,Regular Season,1610612758,SAC,Sacramento Kings,1610612750,MIN,Minnesota Timberwolves,126,130
0022400021,2024-11-19,Regular Season,1610612738,BOS,Boston Celtics,1610612739,CLE,Cleveland Cavaliers,120,117
0022400022,2024-11-19,Regular Season,1610612751,BKN,Brooklyn Nets,1610612766,CHA,Charlotte Hornets,116,115
0022400023,2024-11-19,Regular Season,1610612763,MEM,Memphis Grizzlies,1610612743,DEN,Denver Nuggets,110,122
0022400024,2024-11-19,Regular Season,1610612742,DAL,Dallas Mavericks,1610612740,NOP,New Orleans Pelicans,132,91
0022400025,2024-11-19,Regular Season,1610612759,SAS,San Antonio Spurs,1610612760,OKC,Oklahoma City Thunder,110,104
0022400026,2024-11-19,Regular Season,1610612747,LAL,Los Angeles Lakers,1610612762,UTA,Utah Jazz,124,118
0022400027,2024-11-22,Regular Season,1610612755,PHI,Philadelphia 76ers,1610612751,BKN,Brooklyn Nets,113,98
0022400028,2024-11-22,Regular Season,1610612764,WAS,Washington Wizards,1610612738,BOS,Boston Celtics,96,108
0022400029,2024-11-22,Regular Season,1610612749,MIL,Milwaukee Bucks,1610612754,IND,Indiana Pacers,129,117
0022400030,2024-11-22,Regular Season,1610612741,CHI,Chicago Bulls,1610612737,ATL,Atlanta Hawks,136,122
0022400031,2024-11-22,Regular Season,1610612745,HOU,Houston Rockets,1610612757,POR,Portland Trail Blazers,116,88
0022400032,2024-11-22,Regular Season,1610612740,NOP,New Orleans Pelicans,1610612744,GSW,Golden State Warriors,108,112
0022400033,2024-11-22,Regular Season,1610612743,DEN,Denver Nuggets,1610612742,DAL,Dallas Mavericks,120,123
0022400034,2024-11-22,Regular Season,1610612746,LAC,LA Clippers,1610612758,SAC,Sacramento Kings,104,88
0022400035,2024-11-26,Regular Season,1610612764,WAS,Washington Wizards,1610612741,CHI,Chicago Bulls,108,127
0022400036,2024-11-26,Regular Season,1610612748,MIA,Miami Heat,1610612749,MIL,Milwaukee Bucks,103,106
0022400037,2024-11-26,Regular Season,1610612750,MIN,Minnesota Timberwolves,1610612745,HOU,Houston Rockets,111,117
0022400038,2024-11-26,Regular Season,1610612762,UTA,Utah Jazz,1610612759,SAS,San Antonio Spurs,115,128
0022400039,2024-11-26,Regular Season,1610612756,PHX,Phoenix Suns,1610612747,LAL,Los Angeles Lakers,127,100
0022400040,2024-11-29,Regular Season,1610612766,CHA,Charlotte Hornets,1610612752,NYK,New York Knicks,98,99
0022400041,2024-11-29,Regular Season,1610612737,ATL,Atlanta Hawks,1610612739,CLE,Cleveland Cavaliers,117,101
0022400042,2024-11-29,Regular Season,1610612763,MEM,Memphis Grizzlies,1610612740,NOP,New Orleans Pelicans,120,109
0022400043,2024-11-29,Regular Season,1610612751,BKN,Brooklyn Nets,1610612753,ORL,Orlando Magic,100,123
0022400044,2024-11-29,Regular Season,1610612750,MIN,Minnesota Timberwolves,1610612746,LAC,LA Clippers,93,92
0022400045,2024-11-29,Regular Season,1610612754,IND,Indiana Pacers,1610612765,DET,Detroit Pistons,106,130
0022400046,2024-11-29,Regular Season,1610612748,MIA,Miami Heat,1610612761,TOR,Toronto Raptors,121,111
0022400047,2024-11-29,Regular Season,1610612741,CHI,Chicago Bulls,1610612738,BOS,Boston Celtics,129,138
0022400048,2024-11-29,Regular Season,1610612747,LAL,Los Angeles Lakers,1610612760,OKC,Oklahoma City Thunder,93,101
0022400049,2024-11-29,Regular Season,1610612757,POR,Portland Trail Blazers,1610612758,SAC,Sacramento Kings,115,106
0022400050,2024-12-03,Regular Season,1610612766,CHA,Charlotte Hornets,1610612755,PHI,Philadelphia 76ers,104,110
0022400051,2024-12-03,Regular Season,1610612739,CLE,Cleveland Cavaliers,1610612764,WAS,Washington Wizards,118,87
0022400052,2024-12-03,Regular Season,1610612765,DET,Detroit Pistons,1610612749,MIL,Milwaukee Bucks,107,128
0022400053,2024-12-03,Regular Season,1610612752,NYK,New York Knicks,1610612753,ORL,Orlando Magic,121,106
0022400054,2024-12-03,Regular Season,1610612761,TOR,Toronto Raptors,1610612754,IND,Indiana Pacers,122,111
0022400055,2024-12-03,Regular Season,1610612760,OKC,Oklahoma City Thunder,1610612762,UTA,Utah Jazz,133,106
0022400056,2024-12-03,Regular Season,1610612742,DAL,Dallas Mavericks,1610612763,MEM,Memphis Grizzlies,121,116
0022400057,2024-12-03,Regular Season,1610612756,PHX,Phoenix Suns,1610612759,SAS,San Antonio Spurs,104,93
0022400058,2024-12-03,Regular Season,1610612743,DEN,Denver Nuggets,1610612744,GSW,Golden State Warriors,119,115
0022400059,2024-12-03,Regular Season,1610612758,SAC,Sacramento Kings,1610612745,HOU,Houston Rockets,120,111
0022400060,2024-12-03,Regular Season,1610612746,LAC,LA Clippers,1610612757,POR,Portland Trail Blazers,127,105
0022400061,2024-10-22,Regular Season,1610612738,BOS,Boston Celtics,1610612752,NYK,New York Knicks,132,109
0022400062,2024-10-22,Regular Season,1610612747,LAL,Los Angeles Lakers,1610612750,MIN,Minnesota Timberwolves,110,103
0022400063,2024-10-23,Regular Season,1610612765,DET,Detroit Pistons,1610612754,IND,Indiana Pacers,109,115
0022400064,2024-10-23,Regular Season,1610612737,ATL,Atlanta Hawks,1610612751,BKN,Brooklyn Nets,120,116
0022400065,2024-10-23,Regular Season,1610612748,MIA,Miami Heat,1610612753,ORL,Orlando Magic,97,116
0022400066,2024-10-23,Regular Season,1610612755,PHI,Philadelphia 76ers,1610612749,MIL,Milwaukee Bucks,109,124
0022400067,2024-10-23,Regular Season,1610612761,TOR,Toronto Raptors,1610612739,CLE,Cleveland Cavaliers,106,136
0022400068,2024-10-23,Regular Season,1610612745,HOU,Houston Rockets,1610612766,CHA,Charlotte Hornets,105,110
0022400069,2024-10-23,Regular Season,1610612740,NOP,New Orleans Pelicans,1610612741,CHI,Chicago Bulls,123,111
0022400070,2024-10-23,Regular Season,1610612762,UTA,Utah Jazz,1610612763,MEM,Memphis Grizzlies,124,126
0022400071,2024-10-23,Regular Season,1610612746,LAC,LA Clippers,1610612756,PHX,Phoenix Suns,113,116
0022400072,2024-10-23,Regular Season,1610612757,POR,Portland Trail Blazers,1610612744,GSW,Golden State Warriors,104,140
0022400073,2024-10-24,Regular Season,1610612764,WAS,Washington Wizards,1610612738,BOS,Boston Celtics,102,122
0022400074,2024-10-24,Regular Season,1610612742,DAL,Dallas Mavericks,1610612759,SAS,San Antonio Spurs,120,109
0022400075,2024-10-24,Regular Season,1610612743,DEN,Denver Nuggets,1610612760,OKC,Oklahoma City Thunder,87,102
0022400076,2024-10-24,Regular Season,1610612758,SAC,Sacramento Kings,1610612750,MIN,Minnesota Timberwolves,115,117
0022400077,2024-10-25,Regular Season,1610612753,ORL,Orlando Magic,1610612751,BKN,Brooklyn Nets,116,101
0022400078,2024-10-25,Regular Season,1610612761,TOR,Toronto Raptors,1610612755,PHI,Philadelphia 76ers,115,107
0022400079,2024-10-25,Regular Season,1610612737,ATL,Atlanta Hawks,1610612766,CHA,Charlotte Hornets,125,120
0022400080,2024-10-25,Regular Season,1610612739,CLE,Cleveland Cavaliers,1610612765,DET,Detroit Pistons,113,101
0022400081,2024-10-25,Regular Season,1610612752,NYK,New York Knicks,1610612754,IND,Indiana Pacers,123,98
0022400082,2024-10-25,Regular Season,1610612745,HOU,Houston Rockets,1610612763,MEM,Memphis Grizzlies,128,108
0022400083,2024-10-25,Regular Season,1610612749,MIL,Milwaukee Bucks,1610612741,CHI,Chicago Bulls,122,133
0022400084,2024-10-25,Regular Season,1610612762,UTA,Utah Jazz,1610612744,GSW,Golden State Warriors,86,127
0022400085,2024-10-25,Regular Season,1610612747,LAL,Los Angeles Lakers,1610612756,PHX,Phoenix Suns,123,116
0022400086,2024-10-25,Regular Season,1610612757,POR,Portland Trail Blazers,1610612740,NOP,New Orleans Pelicans,103,105
0022400087,2024-10-26,Regular Season,1610612743,DEN,Denver Nuggets,1610612746,LAC,LA Clippers,104,109
0022400088,2024-10-26,Regular Season,1610612766,CHA,Charlotte Hornets,1610612748,MIA,Miami Heat,106,114
0022400089,2024-10-26,Regular Season,1610612765,DET,Detroit Pistons,1610612738,BOS,Boston Celtics,118,124
0022400090,2024-10-26,Regular Season,1610612764,WAS,Washington Wizards,1610612739,CLE,Cleveland Cavaliers,116,135
0022400091,2024-10-26,Regular Season,1610612741,CHI,Chicago Bulls,1610612760,OKC,Oklahoma City Thunder,95,114
0022400092,2024-10-26,Regular Season,1610612763,MEM,Memphis Grizzlies,1610612753,ORL,Orlando Magic,124,111
0022400093,2024-10-26,Regular Season,1610612750,MIN,Minnesota Timberwolves,1610612761,TOR,Toronto Raptors,112,101
0022400094,2024-10-26,Regular Season,1610612759,SAS,San Antonio Spurs,1610612745,HOU,Houston Rockets,109,106
0022400095,2024-10-26,Regular Season,1610612756,PHX,Phoenix Suns,1610612742,DAL,Dallas Mavericks,114,102
0022400096,2024-10-26,Regular Season,1610612747,LAL,Los Angeles Lakers,1610612758,SAC,Sacramento Kings,131,127
0022400097,2024-10-27,Regular Season,1610612754,IND,Indiana Pacers,1610612755,PHI,Philadelphia 76ers,114,118
0022400098,2024-10-27,Regular Season,1610612751,BKN,Brooklyn Nets,1610612749,MIL,Milwaukee Bucks,115,102
0022400099,2024-10-27,Regular Season,1610612757,POR,Portland Trail Blazers,1610612740,NOP,New Orleans Pelicans,125,103
0022400100,2024-10-27,Regular Season,1610612760,OKC,Oklahoma City Thunder,1610612737,ATL,Atlanta Hawks,128,104
0022400101,2024-10-27,Regular Season,1610612744,GSW,Golden State Warriors,1610612746,LAC,LA Clippers,104,112
0022400102,2024-10-28,Regular Season,1610612753,ORL,Orlando Magic,1610612754,IND,Indiana Pacers,119,115
0022400103,2024-10-28,Regular Season,1610612737,ATL,Atlanta Hawks,1610612764,WAS,Washington Wizards,119,121
0022400104,2024-10-28,Regular Season,1610612738,BOS,Boston Celtics,1610612749,MIL,Milwaukee Bucks,119,108
0022400105,2024-10-28,Regular Season,1610612748,MIA,Miami Heat,1610612765,DET,Detroit Pistons,106,98
0022400106,2024-10-28,Regular Season,1610612752,NYK,New York Knicks,1610612739,CLE,Cleveland Cavaliers,104,110
0022400107,2024-10-28,Regular Season,1610612761,TOR,Toronto Raptors,1610612743,DEN,Denver Nuggets,125,127
0022400108,2024-10-28,Regular Season,1610612763,MEM,Memphis Grizzlies,1610612741,CHI,Chicago Bulls,123,126
0022400109,2024-10-28,Regular Season,1610612759,SAS,San Antonio Spurs,1610612745,HOU,Houston Rockets,101,106
0022400110,2024-10-28,Regular Season,1610612742,DAL,Dallas Mavericks,1610612762,UTA,Utah Jazz,110,102
0022400111,2024-10-28,Regular Season,1610612756,PHX,Phoenix Suns,1610612747,LAL,Los Angeles Lakers,109,105
0022400112,2024-10-28,Regular Season,1610612758,SAC,Sacramento Kings,1610612757,POR,Portland Trail Blazers,111,98
0022400113,2024-10-29,Regular Season,1610612751,BKN,Brooklyn Nets,1610612743,DEN,Denver Nuggets,139,144
0022400114,2024-10-29,Regular Season,1610612750,MIN,Minnesota Timberwolves,1610612742,DAL,Dallas Mavericks,114,120
0022400115,2024-10-29,Regular Season,1610612762,UTA,Utah Jazz,1610612758,SAC,Sacramento Kings,96,113
0022400116,2024-10-29,Regular Season,1610612744,GSW,Golden State Warriors,1610612740,NOP,New Orleans Pelicans,124,106
0022400117,2024-10-30,Regular Season,1610612766,CHA,Charlotte Hornets,1610612761,TOR,Toronto Raptors,138,133
0022400118,2024-10-30,Regular Season,1610612739,CLE,Cleveland Cavaliers,1610612747,LAL,Los Angeles Lakers,134,110
0022400119,2024-10-30,Regular Season,1610612754,IND,Indiana Pacers,1610612738,BOS,Boston Celtics,135,132
0022400120,2024-10-30,Regular Season,1610612755,PHI,Philadelphia 76ers,1610612765,DET,Detroit Pistons,95,105
0022400121,2024-10-30,Regular Season,1610612764,WAS,Washington Wizards,1610612737,ATL,Atlanta Hawks,133,120
0022400122,2024-10-30,Regular Season,1610612748,MIA,Miami Heat,1610612752,NYK,New York Knicks,107,116
0022400123,2024-10-30,Regular Season,1610612741,CHI,Chicago Bulls,1610612753,ORL,Orlando Magic,102,99
0022400124,2024-10-30,Regular Season,1610612763,MEM,Memphis Grizzlies,1610612751,BKN,Brooklyn Nets,106,119
0022400125,2024-10-30,Regular Season,1610612760,OKC,Oklahoma City Thunder,1610612759,SAS,San Antonio Spurs,105,93
0022400126,2024-10-30,Regular Season,1610612744,GSW,Golden State Warriors,1610612740,NOP,New Orleans Pelicans,104,89
0022400127,2024-10-30,Regular Season,1610612746,LAC,LA Clippers,1610612757,POR,Portland Trail Blazers,105,106
0022400128,2024-10-31,Regular Season,1610612763,MEM,Memphis Grizzlies,1610612749,MIL,Milwaukee Bucks,122,99
0022400129,2024-10-31,Regular Season,1610612742,DAL,Dallas Mavericks,1610612745,HOU,Houston Rockets,102,108
0022400130,2024-10-31,Regular Season,1610612762,UTA,Utah Jazz,1610612759,SAS,San Antonio Spurs,88,106
0022400131,2024-10-31,Regular Season,1610612746,LAC,LA Clippers,1610612756,PHX,Phoenix Suns,119,125
0022400132,2024-11-01,Regular Season,1610612766,CHA,Charlotte Hornets,1610612738,BOS,Boston Celtics,109,124
0022400133,2024-11-01,Regular Season,1610612739,CLE,Cleveland Cavaliers,1610612753,ORL,Orlando Magic,120,109
0022400134,2024-11-01,Regular Season,1610612765,DET,Detroit Pistons,1610612752,NYK,New York Knicks,98,128
0022400135,2024-11-01,Regular Season,1610612737,ATL,Atlanta Hawks,1610612758,SAC,Sacramento Kings,115,123
0022400136,2024-11-01,Regular Season,1610612751,BKN,Brooklyn Nets,1610612741,CHI,Chicago Bulls,120,112
0022400137,2024-11-01,Regular Season,1610612761,TOR,Toronto Raptors,1610612747,LAL,Los Angeles Lakers,125,131
0022400138,2024-11-01,Regular Season,1610612740,NOP,New Orleans Pelicans,1610612754,IND,Indiana Pacers,125,118
0022400139,2024-11-01,Regular Season,1610612750,MIN,Minnesota Timberwolves,1610612743,DEN,Denver Nuggets,119,116
0022400140,2024-11-01,Regular Season,1610612757,POR,Portland Trail Blazers,1610612760,OKC,Oklahoma City Thunder,114,137
0022400141,2024-11-02,Regular Season,1610612766,CHA,Charlotte Hornets,1610612738,BOS,Boston Celtics,103,113
0022400142,2024-11-02,Regular Season,1610612755,PHI,Philadelphia 76ers,1610612763,MEM,Memphis Grizzlies,107,124
0022400143,2024-11-02,Regular Season,1610612761,TOR,Toronto Raptors,1610612758,SAC,Sacramento Kings,131,128
0022400144,2024-11-02,Regular Season,1610612745,HOU,Houston Rockets,1610612744,GSW,Golden State Warriors,121,127
0022400145,2024-11-02,Regular Season,1610612749,MIL,Milwaukee Bucks,1610612739,CLE,Cleveland Cavaliers,113,114
0022400146,2024-11-02,Regular Season,1610612759,SAS,San Antonio Spurs,1610612750,MIN,Minnesota Timberwolves,113,103
0022400147,2024-11-02,Regular Season,1610612764,WAS,Washington Wizards,1610612748,MIA,Miami Heat,98,118
0022400148,2024-11-02,Regular Season,1610612743,DEN,Denver Nuggets,1610612762,UTA,Utah Jazz,129,103
0022400149,2024-11-02,Regular Season,1610612756,PHX,Phoenix Suns,1610612757,POR,Portland Trail Blazers,103,97
0022400150,2024-11-02,Regular Season,1610612746,LAC,LA Clippers,1610612760,OKC,Oklahoma City Thunder,92,105
0022400151,2024-11-03,Regular Season,1610612751,BKN,Brooklyn Nets,1610612765,DET,Detroit Pistons,92,106
0022400152,2024-11-03,Regular Season,1610612740,NOP,New Orleans Pelicans,1610612737,ATL,Atlanta Hawks,111,126
0022400153,2024-11-03,Regular Season,1610612742,DAL,Dallas Mavericks,1610612753,ORL,Orlando Magic,108,85
0022400154,2024-11-04,Regular Season,1610612739,CLE,Cleveland Cavaliers,1610612749,MIL,Milwaukee Bucks,116,114
0022400155,2024-11-04,Regular Season,1610612764,WAS,Washington Wizards,1610612744,GSW,Golden State Warriors,112,125
0022400156,2024-11-04,Regular Season,1610612765,DET,Detroit Pistons,1610612747,LAL,Los Angeles Lakers,115,103
0022400157,2024-11-04,Regular Season,1610612737,ATL,Atlanta Hawks,1610612738,BOS,Boston Celtics,93,123
0022400158,2024-11-04,Regular Season,1610612751,BKN,Brooklyn Nets,1610612763,MEM,Memphis Grizzlies,106,104
0022400159,2024-11-04,Regular Season,1610612748,MIA,Miami Heat,1610612758,SAC,Sacramento Kings,110,111
0022400160,2024-11-04,Regular Season,1610612741,CHI,Chicago Bulls,1610612762,UTA,Utah Jazz,126,135
0022400161,2024-11-04,Regular Season,1610612745,HOU,Houston Rockets,1610612752,NYK,New York Knicks,109,97
0022400162,2024-11-04,Regular Season,1610612750,MIN,Minnesota Timberwolves,1610612766,CHA,Charlotte Hornets,114,93
0022400163,2024-11-04,Regular Season,1610612760,OKC,Oklahoma City Thunder,1610612753,ORL,Orlando Magic,102,86
0022400164,2024-11-04,Regular Season,1610612740,NOP,New Orleans Pelicans,1610612757,POR,Portland Trail Blazers,100,118
0022400165,2024-11-04,Regular Season,1610612742,DAL,Dallas Mavericks,1610612754,IND,Indiana Pacers,127,134
0022400166,2024-11-04,Regular Season,1610612743,DEN,Denver Nuggets,1610612761,TOR,Toronto Raptors,121,119
0022400167,2024-11-04,Regular Season,1610612756,PHX,Phoenix Suns,1610612755,PHI,Philadelphia 76ers,118,116
0022400168,2024-11-04,Regular Season,1610612746,LAC,LA Clippers,1610612759,SAS,San Antonio Spurs,113,104
0022400169,2024-11-06,Regular Season,1610612766,CHA,Charlotte Hornets,1610612765,DET,Detroit Pistons,108,107
0022400170,2024-11-06,Regular Season,1610612754,IND,Indiana Pacers,1610612753,ORL,Orlando Magic,118,111
0022400171,2024-11-06,Regular Season,1610612737,ATL,Atlanta Hawks,1610612752,NYK,New York Knicks,121,116
0022400172,2024-11-06,Regular Season,1610612738,BOS,Boston Celtics,1610612744,GSW,Golden State Warriors,112,118
0022400173,2024-11-06,Regular Season,1610612745,HOU,Houston Rockets,1610612759,SAS,San Antonio Spurs,127,100
0022400174,2024-11-06,Regular Season,1610612763,MEM,Memphis Grizzlies,1610612747,LAL,Los Angeles Lakers,131,114
0022400175,2024-11-06,Regular Season,1610612740,NOP,New Orleans Pelicans,1610612739,CLE,Cleveland Cavaliers,122,131
0022400176,2024-11-06,Regular Season,1610612742,DAL,Dallas Mavericks,1610612741,CHI,Chicago Bulls,119,99
0022400177,2024-11-06,Regular Season,1610612743,DEN,Denver Nuggets,1610612760,OKC,Oklahoma City Thunder,124,122
0022400178,2024-11-06,Regular Season,1610612756,PHX,Phoenix Suns,1610612748,MIA,Miami Heat,115,112
0022400179,2024-11-06,Regular Season,1610612746,LAC,LA Clippers,1610612755,PHI,Philadelphia 76ers,110,98
0022400180,2024-11-06,Regular Season,1610612758,SAC,Sacramento Kings,1610612761,TOR,Toronto Raptors,122,107
0022400181,2024-11-07,Regular Season,1610612741,CHI,Chicago Bulls,1610612750,MIN,Minnesota Timberwolves,119,135
0022400182,2024-11-07,Regular Season,1610612749,MIL,Milwaukee Bucks,1610612762,UTA,Utah Jazz,123,100
0022400183,2024-11-07,Regular Season,1610612759,SAS,San Antonio Spurs,1610612757,POR,Portland Trail Blazers,118,105
0022400184,2024-11-08,Regular Season,1610612766,CHA,Charlotte Hornets,1610612754,IND,Indiana Pacers,103,83
0022400185,2024-11-08,Regular Season,1610612765,DET,Detroit Pistons,1610612737,ATL,Atlanta Hawks,122,121
0022400186,2024-11-08,Regular Season,1610612753,ORL,Orlando Magic,1610612740,NOP,New Orleans Pelicans,115,88
0022400187,2024-11-08,Regular Season,1610612738,BOS,Boston Celtics,1610612751,BKN,Brooklyn Nets,108,104
0022400188,2024-11-08,Regular Season,1610612739,CLE,Cleveland Cavaliers,1610612744,GSW,Golden State Warriors,136,117
0022400189,2024-11-08,Regular Season,1610612752,NYK,New York Knicks,1610612749,MIL,Milwaukee Bucks,116,94
0022400190,2024-11-08,Regular Season,1610612742,DAL,Dallas Mavericks,1610612756,PHX,Phoenix Suns,113,114
0022400191,2024-11-08,Regular Season,1610612763,MEM,Memphis Grizzlies,1610612764,WAS,Washington Wizards,128,104
0022400192,2024-11-08,Regular Season,1610612760,OKC,Oklahoma City Thunder,1610612745,HOU,Houston Rockets,126,107
0022400193,2024-11-08,Regular Season,1610612750,MIN,Minnesota Timberwolves,1610612757,POR,Portland Trail Blazers,127,102
0022400194,2024-11-08,Regular Season,1610612743,DEN,Denver Nuggets,1610612748,MIA,Miami Heat,135,122
0022400195,2024-11-08,Regular Season,1610612747,LAL,Los Angeles Lakers,1610612755,PHI,Philadelphia 76ers,116,106
0022400196,2024-11-08,Regular Season,1610612758,SAC,Sacramento Kings,1610612746,LAC,LA Clippers,98,107
0022400197,2024-11-09,Regular Season,1610612759,SAS,San Antonio Spurs,1610612762,UTA,Utah Jazz,110,111
0022400198,2024-11-09,Regular Season,1610612737,ATL,Atlanta Hawks,1610612741,CHI,Chicago Bulls,113,125
0022400199,2024-11-09,Regular Season,1610612739,CLE,Cleveland Cavaliers,1610612751,BKN,Brooklyn Nets,105,100
0022400200,2024-11-09,Regular Season,1610612746,LAC,LA Clippers,1610612761,TOR,Toronto Raptors,105,103
0022400201,2024-11-10,Regular Season,1610612765,DET,Detroit Pistons,1610612745,HOU,Houston Rockets,99,101
0022400202,2024-11-10,Regular Season,1610612749,MIL,Milwaukee Bucks,1610612738,BOS,Boston Celtics,107,113
0022400203,2024-11-10,Regular Season,1610612754,IND,Indiana Pacers,1610612752,NYK,New York Knicks,132,121
0022400204,2024-11-10,Regular Season,1610612753,ORL,Orlando Magic,1610612764,WAS,Washington Wizards,121,94
0022400205,2024-11-10,Regular Season,1610612755,PHI,Philadelphia 76ers,1610612766,CHA,Charlotte Hornets,107,105
0022400206,2024-11-10,Regular Season,1610612750,MIN,Minnesota Timberwolves,1610612748,MIA,Miami Heat,94,95
0022400207,2024-11-10,Regular Season,1610612760,OKC,Oklahoma City Thunder,1610612744,GSW,Golden State Warriors,116,127
0022400208,2024-11-10,Regular Season,1610612743,DEN,Denver Nuggets,1610612742,DAL,Dallas Mavericks,122,120
0022400209,2024-11-10,Regular Season,1610612756,PHX,Phoenix Suns,1610612758,SAC,Sacramento Kings,118,127
0022400210,2024-11-10,Regular Season,1610612757,POR,Portland Trail Blazers,1610612763,MEM,Memphis Grizzlies,89,134
0022400211,2024-11-10,Regular Season,1610612747,LAL,Los Angeles Lakers,1610612761,TOR,Toronto Raptors,123,103
0022400212,2024-11-11,Regular Season,1610612741,CHI,Chicago Bulls,1610612739,CLE,Cleveland Cavaliers,113,119
0022400213,2024-11-11,Regular Season,1610612745,HOU,Houston Rockets,1610612764,WAS,Washington Wizards,107,92
0022400214,2024-11-11,Regular Season,1610612740,NOP,New Orleans Pelicans,1610612751,BKN,Brooklyn Nets,105,107
0022400215,2024-11-11,Regular Season,1610612760,OKC,Oklahoma City Thunder,1610612746,LAC,LA Clippers,134,128
0022400216,2024-11-11,Regular Season,1610612759,SAS,San Antonio Spurs,1610612758,SAC,Sacramento Kings,116,96
0022400217,2024-11-13,Regular Season,1610612753,ORL,Orlando Magic,1610612754,IND,Indiana Pacers,94,90
0022400218,2024-11-13,Regular Season,1610612751,BKN,Brooklyn Nets,1610612738,BOS,Boston Celtics,114,139
0022400219,2024-11-13,Regular Season,1610612752,NYK,New York Knicks,1610612741,CHI,Chicago Bulls,123,124
0022400220,2024-11-13,Regular Season,1610612755,PHI,Philadelphia 76ers,1610612739,CLE,Cleveland Cavaliers,106,114
0022400221,2024-11-13,Regular Season,1610612760,OKC,Oklahoma City Thunder,1610612740,NOP,New Orleans Pelicans,106,88
0022400222,2024-11-13,Regular Season,1610612745,HOU,Houston Rockets,1610612746,LAC,LA Clippers,111,103
0022400223,2024-11-13,Regular Season,1610612749,MIL,Milwaukee Bucks,1610612765,DET,Detroit Pistons,127,120
0022400224,2024-11-13,Regular Season,1610612759,SAS,San Antonio Spurs,1610612764,WAS,Washington Wizards,139,130
0022400225,2024-11-13,Regular Season,1610612747,LAL,Los Angeles Lakers,1610612763,MEM,Memphis Grizzlies,128,123
0022400226,2024-11-13,Regular Season,1610612757,POR,Portland Trail Blazers,1610612750,MIN,Minnesota Timberwolves,106,98
0022400227,2024-11-13,Regular Season,1610612758,SAC,Sacramento Kings,1610612756,PHX,Phoenix Suns,127,104
0022400228,2024-11-14,Regular Season,1610612762,UTA,Utah Jazz,1610612742,DAL,Dallas Mavericks,115,113
0022400229,2024-11-16,Regular Season,1610612766,CHA,Charlotte Hornets,1610612749,MIL,Milwaukee Bucks,115,114
0022400230,2024-11-16,Regular Season,1610612738,BOS,Boston Celtics,1610612761,TOR,Toronto Raptors,126,123
0022400231,2024-11-16,Regular Season,1610612740,NOP,New Orleans Pelicans,1610612747,LAL,Los Angeles Lakers,99,104
0022400232,2024-11-16,Regular Season,1610612742,DAL,Dallas Mavericks,1610612759,SAS,San Antonio Spurs,110,93
0022400233,2024-11-16,Regular Season,1610612758,SAC,Sacramento Kings,1610612762,UTA,Utah Jazz,121,117
0022400234,2024-11-17,Regular Season,1610612750,MIN,Minnesota Timberwolves,1610612756,PHX,Phoenix Suns,120,117
0022400235,2024-11-17,Regular Season,1610612754,IND,Indiana Pacers,1610612748,MIA,Miami Heat,119,110
0022400236,2024-11-17,Regular Season,1610612739,CLE,Cleveland Cavaliers,1610612766,CHA,Charlotte Hornets,128,114
0022400237,2024-11-17,Regular Season,1610612764,WAS,Washington Wizards,1610612765,DET,Detroit Pistons,104,124
0022400238,2024-11-17,Regular Season,1610612763,MEM,Memphis Grizzlies,1610612743,DEN,Denver Nuggets,105,90
0022400239,2024-11-17,Regular Season,1610612757,POR,Portland Trail Blazers,1610612737,ATL,Atlanta Hawks,114,110
0022400240,2024-11-17,Regular Season,1610612752,NYK,New York Knicks,1610612751,BKN,Brooklyn Nets,114,104
0022400241,2024-11-17,Regular Season,1610612741,CHI,Chicago Bulls,1610612745,HOU,Houston Rockets,107,143
0022400242,2024-11-17,Regular Season,1610612760,OKC,Oklahoma City Thunder,1610612742,DAL,Dallas Mavericks,119,121
0022400243,2024-11-17,Regular Season,1610612746,LAC,LA Clippers,1610612762,UTA,Utah Jazz,116,105
0022400244,2024-11-18,Regular Season,1610612765,DET,Detroit Pistons,1610612741,CHI,Chicago Bulls,112,122
0022400245,2024-11-18,Regular Season,1610612748,MIA,Miami Heat,1610612755,PHI,Philadelphia 76ers,106,89
0022400246,2024-11-18,Regular Season,1610612752,NYK,New York Knicks,1610612764,WAS,Washington Wizards,134,106
0022400247,2024-11-18,Regular Season,1610612761,TOR,Toronto Raptors,1610612754,IND,Indiana Pacers,130,119
0022400248,2024-11-18,Regular Season,1610612749,MIL,Milwaukee Bucks,1610612745,HOU,Houston Rockets,101,100
0022400249,2024-11-18,Regular Season,1610612756,PHX,Phoenix Suns,1610612753,ORL,Orlando Magic,99,109
0022400250,2024-11-18,Regular Season,1610612758,SAC,Sacramento Kings,1610612737,ATL,Atlanta Hawks,108,109
0022400251,2024-11-18,Regular Season,1610612746,LAC,LA Clippers,1610612744,GSW,Golden State Warriors,102,99
0022400252,2024-11-20,Regular Season,1610612739,CLE,Cleveland Cavaliers,1610612740,NOP,New Orleans Pelicans,128,100
0022400253,2024-11-20,Regular Season,1610612749,MIL,Milwaukee Bucks,1610612741,CHI,Chicago Bulls,122,106
0022400254,2024-11-20,Regular Season,1610612745,HOU,Houston Rockets,1610612754,IND,Indiana Pacers,130,113
0022400255,2024-11-20,Regular Season,1610612763,MEM,Memphis Grizzlies,1610612755,PHI,Philadelphia 76ers,117,111
0022400256,2024-11-20,Regular Season,1610612760,OKC,Oklahoma City Thunder,1610612757,POR,Portland Trail Blazers,109,99
0022400257,2024-11-20,Regular Season,1610612756,PHX,Phoenix Suns,1610612752,NYK,New York Knicks,122,138
0022400258,2024-11-20,Regular Season,1610612744,GSW,Golden State Warriors,1610612737,ATL,Atlanta Hawks,120,97
0022400259,2024-11-20,Regular Season,1610612746,LAC,LA Clippers,1610612753,ORL,Orlando Magic,104,93
0022400260,2024-11-21,Regular Season,1610612766,CHA,Charlotte Hornets,1610612765,DET,Detroit Pistons,123,121
0022400261,2024-11-21,Regular Season,1610612761,TOR,Toronto Raptors,1610612750,MIN,Minnesota Timberwolves,110,105
0022400262,2024-11-21,Regular Season,1610612759,SAS,San Antonio Spurs,1610612762,UTA,Utah Jazz,126,118
0022400263,2024-11-21,Regular Season,1610612747,LAL,Los Angeles Lakers,1610612753,ORL,Orlando Magic,118,119
0022400264,2024-11-23,Regular Season,1610612762,UTA,Utah Jazz,1610612752,NYK,New York Knicks,121,106
0022400265,2024-11-23,Regular Season,1610612753,ORL,Orlando Magic,1610612765,DET,Detroit Pistons,111,100
0022400266,2024-11-23,Regular Season,1610612741,CHI,Chicago Bulls,1610612763,MEM,Memphis Grizzlies,131,142
0022400267,2024-11-23,Regular Season,1610612745,HOU,Houston Rockets,1610612757,POR,Portland Trail Blazers,98,104
0022400268,2024-11-23,Regular Season,1610612749,MIL,Milwaukee Bucks,1610612766,CHA,Charlotte Hornets,125,119
0022400269,2024-11-23,Regular Season,1610612759,SAS,San Antonio Spurs,1610612744,GSW,Golden State Warriors,104,94
0022400270,2024-11-23,Regular Season,1610612747,LAL,Los Angeles Lakers,1610612743,DEN,Denver Nuggets,102,127
0022400271,2024-11-24,Regular Season,1610612738,BOS,Boston Celtics,1610612750,MIN,Minnesota Timberwolves,107,105
0022400272,2024-11-24,Regular Season,1610612754,IND,Indiana Pacers,1610612764,WAS,Washington Wizards,115,103
0022400273,2024-11-24,Regular Season,1610612748,MIA,Miami Heat,1610612742,DAL,Dallas Mavericks,123,118
0022400274,2024-11-24,Regular Season,1610612755,PHI,Philadelphia 76ers,1610612746,LAC,LA Clippers,99,125
0022400275,2024-11-24,Regular Season,1610612739,CLE,Cleveland Cavaliers,1610612761,TOR,Toronto Raptors,122,108
0022400276,2024-11-24,Regular Season,1610612758,SAC,Sacramento Kings,1610612751,BKN,Brooklyn Nets,103,108
0022400277,2024-11-25,Regular Season,1610612766,CHA,Charlotte Hornets,1610612753,ORL,Orlando Magic,84,95
0022400278,2024-11-25,Regular Season,1610612765,DET,Detroit Pistons,1610612761,TOR,Toronto Raptors,102,100
0022400279,2024-11-25,Regular Season,1610612754,IND,Indiana Pacers,1610612740,NOP,New Orleans Pelicans,114,110
0022400280,2024-11-25,Regular Season,1610612737,ATL,Atlanta Hawks,1610612742,DAL,Dallas Mavericks,119,129
0022400281,2024-11-25,Regular Season,1610612738,BOS,Boston Celtics,1610612746,LAC,LA Clippers,126,94
0022400282,2024-11-25,Regular Season,1610612763,MEM,Memphis Grizzlies,1610612757,POR,Portland Trail Blazers,123,98
0022400283,2024-11-25,Regular Season,1610612743,DEN,Denver Nuggets,1610612752,NYK,New York Knicks,118,145
0022400284,2024-11-25,Regular Season,1610612744,GSW,Golden State Warriors,1610612751,BKN,Brooklyn Nets,120,128
0022400285,2024-11-25,Regular Season,1610612758,SAC,Sacramento Kings,1610612760,OKC,Oklahoma City Thunder,109,130
0022400286,2024-11-27,Regular Season,1610612766,CHA,Charlotte Hornets,1610612748,MIA,Miami Heat,94,98
0022400287,2024-11-27,Regular Season,1610612739,CLE,Cleveland Cavaliers,1610612737,ATL,Atlanta Hawks,124,135
0022400288,2024-11-27,Regular Season,1610612754,IND,Indiana Pacers,1610612757,POR,Portland Trail Blazers,121,114
0022400289,2024-11-27,Regular Season,1610612753,ORL,Orlando Magic,1610612741,CHI,Chicago Bulls,133,119
0022400290,2024-11-27,Regular Season,1610612755,PHI,Philadelphia 76ers,1610612745,HOU,Houston Rockets,115,122
0022400291,2024-11-27,Regular Season,1610612764,WAS,Washington Wizards,1610612746,LAC,LA Clippers,96,121
0022400292,2024-11-27,Regular Season,1610612742,DAL,Dallas Mavericks,1610612752,NYK,New York Knicks,129,114
0022400293,2024-11-27,Regular Season,1610612763,MEM,Memphis Grizzlies,1610612765,DET,Detroit Pistons,131,111
0022400294,2024-11-27,Regular Season,1610612750,MIN,Minnesota Timberwolves,1610612758,SAC,Sacramento Kings,104,115
0022400295,2024-11-27,Regular Season,1610612740,NOP,New Orleans Pelicans,1610612761,TOR,Toronto Raptors,93,119
0022400296,2024-11-27,Regular Season,1610612759,SAS,San Antonio Spurs,1610612747,LAL,Los Angeles Lakers,101,119
0022400297,2024-11-27,Regular Season,1610612756,PHX,Phoenix Suns,1610612751,BKN,Brooklyn Nets,117,127
0022400298,2024-11-27,Regular Season,1610612762,UTA,Utah Jazz,1610612743,DEN,Denver Nuggets,103,122
0022400299,2024-11-27,Regular Season,1610612744,GSW,Golden State Warriors,1610612760,OKC,Oklahoma City Thunder,101,105
0022400300,2024-11-30,Regular Season,1610612766,CHA,Charlotte Hornets,1610612737,ATL,Atlanta Hawks,104,107
0022400301,2024-11-30,Regular Season,1610612765,DET,Detroit Pistons,1610612755,PHI,Philadelphia 76ers,96,111
0022400302,2024-11-30,Regular Season,1610612749,MIL,Milwaukee Bucks,1610612764,WAS,Washington Wizards,124,114
0022400303,2024-11-30,Regular Season,1610612756,PHX,Phoenix Suns,1610612744,GSW,Golden State Warriors,113,105
0022400304,2024-11-30,Regular Season,1610612762,UTA,Utah Jazz,1610612742,DAL,Dallas Mavericks,94,106
0022400305,2024-12-01,Regular Season,1610612751,BKN,Brooklyn Nets,1610612753,ORL,Orlando Magic,92,100
0022400306,2024-12-01,Regular Season,1610612763,MEM,Memphis Grizzlies,1610612754,IND,Indiana Pacers,136,121
0022400307,2024-12-01,Regular Season,1610612739,CLE,Cleveland Cavaliers,1610612738,BOS,Boston Celtics,115,111
0022400308,2024-12-01,Regular Season,1610612752,NYK,New York Knicks,1610612740,NOP,New Orleans Pelicans,118,85
0022400309,2024-12-01,Regular Season,1610612761,TOR,Toronto Raptors,1610612748,MIA,Miami Heat,119,116
0022400310,2024-12-01,Regular Season,1610612745,HOU,Houston Rockets,1610612760,OKC,Oklahoma City Thunder,119,116
0022400311,2024-12-01,Regular Season,1610612762,UTA,Utah Jazz,1610612747,LAL,Los Angeles Lakers,104,105
0022400312,2024-12-01,Regular Season,1610612757,POR,Portland Trail Blazers,1610612742,DAL,Dallas Mavericks,131,137
0022400313,2024-12-01,Regular Season,1610612758,SAC,Sacramento Kings,1610612759,SAS,San Antonio Spurs,125,127
0022400314,2024-12-01,Regular Season,1610612746,LAC,LA Clippers,1610612743,DEN,Denver Nuggets,126,122
0022400315,2024-12-02,Regular Season,1610612737,ATL,Atlanta Hawks,1610612740,NOP,New Orleans Pelicans,124,112
0022400316,2024-12-02,Regular Season,1610612738,BOS,Boston Celtics,1610612748,MIA,Miami Heat,108,89
0022400317,2024-12-02,Regular Season,1610612741,CHI,Chicago Bulls,1610612751,BKN,Brooklyn Nets,128,102
0022400318,2024-12-02,Regular Season,1610612750,MIN,Minnesota Timberwolves,1610612747,LAL,Los Angeles Lakers,109,80
0022400319,2024-12-04,Regular Season,1610612738,BOS,Boston Celtics,1610612765,DET,Detroit Pistons,130,120
0022400320,2024-12-04,Regular Season,1610612751,BKN,Brooklyn Nets,1610612754,IND,Indiana Pacers,99,90
0022400321,2024-12-04,Regular Season,1610612748,MIA,Miami Heat,1610612747,LAL,Los Angeles Lakers,134,93
0022400322,2024-12-04,Regular Season,1610612755,PHI,Philadelphia 76ers,1610612753,ORL,Orlando Magic,102,106
0022400323,2024-12-04,Regular Season,1610612749,MIL,Milwaukee Bucks,1610612737,ATL,Atlanta Hawks,104,119
0022400324,2024-12-04,Regular Season,1610612746,LAC,LA Clippers,1610612750,MIN,Minnesota Timberwolves,80,108
0022400325,2024-12-05,Regular Season,1610612739,CLE,Cleveland Cavaliers,1610612743,DEN,Denver Nuggets,126,114
0022400326,2024-12-05,Regular Season,1610612764,WAS,Washington Wizards,1610612742,DAL,Dallas Mavericks,101,137
0022400327,2024-12-05,Regular Season,1610612752,NYK,New York Knicks,1610612766,CHA,Charlotte Hornets,125,101
0022400328,2024-12-05,Regular Season,1610612761,TOR,Toronto Raptors,1610612760,OKC,Oklahoma City Thunder,92,129
0022400329,2024-12-05,Regular Season,1610612763,MEM,Memphis Grizzlies,1610612758,SAC,Sacramento Kings,115,110
0022400330,2024-12-05,Regular Season,1610612740,NOP,New Orleans Pelicans,1610612756,PHX,Phoenix Suns,126,124
0022400331,2024-12-05,Regular Season,1610612759,SAS,San Antonio Spurs,1610612741,CHI,Chicago Bulls,124,139
0022400332,2024-12-05,Regular Season,1610612744,GSW,Golden State Warriors,1610612745,HOU,Houston Rockets,99,93
0022400333,2024-12-06,Regular Season,1610612755,PHI,Philadelphia 76ers,1610612753,ORL,Orlando Magic,102,94
0022400334,2024-12-06,Regular Season,1610612737,ATL,Atlanta Hawks,1610612747,LAL,Los Angeles Lakers,134,132
0022400335,2024-12-06,Regular Season,1610612738,BOS,Boston Celtics,1610612749,MIL,Milwaukee Bucks,111,105
0022400336,2024-12-06,Regular Season,1610612741,CHI,Chicago Bulls,1610612754,IND,Indiana Pacers,123,132
0022400337,2024-12-06,Regular Season,1610612759,SAS,San Antonio Spurs,1610612758,SAC,Sacramento Kings,113,140
0022400338,2024-12-06,Regular Season,1610612744,GSW,Golden State Warriors,1610612750,MIN,Minnesota Timberwolves,90,107
0022400339,2024-12-06,Regular Season,1610612757,POR,Portland Trail Blazers,1610612762,UTA,Utah Jazz,99,141
0022400340,2024-12-07,Regular Season,1610612766,CHA,Charlotte Hornets,1610612739,CLE,Cleveland Cavaliers,102,116
0022400341,2024-12-07,Regular Season,1610612764,WAS,Washington Wizards,1610612743,DEN,Denver Nuggets,122,113
0022400342,2024-12-07,Regular Season,1610612740,NOP,New Orleans Pelicans,1610612760,OKC,Oklahoma City Thunder,109,119
0022400343,2024-12-07,Regular Season,1610612752,NYK,New York Knicks,1610612765,DET,Detroit Pistons,111,120
0022400344,2024-12-07,Regular Season,1610612761,TOR,Toronto Raptors,1610612742,DAL,Dallas Mavericks,118,125
0022400345,2024-12-07,Regular Season,1610612738,BOS,Boston Celtics,1610612763,MEM,Memphis Grizzlies,121,127
0022400346,2024-12-07,Regular Season,1610612748,MIA,Miami Heat,1610612756,PHX,Phoenix Suns,121,111
0022400347,2024-12-08,Regular Season,1610612741,CHI,Chicago Bulls,1610612755,PHI,Philadelphia 76ers,100,108
0022400348,2024-12-08,Regular Season,1610612751,BKN,Brooklyn Nets,1610612749,MIL,Milwaukee Bucks,113,118
0022400349,2024-12-08,Regular Season,1610612754,IND,Indiana Pacers,1610612766,CHA,Charlotte Hornets,109,113
0022400350,2024-12-08,Regular Season,1610612737,ATL,Atlanta Hawks,1610612743,DEN,Denver Nuggets,111,141
0022400351,2024-12-08,Regular Season,1610612748,MIA,Miami Heat,1610612739,CLE,Cleveland Cavaliers,122,113
0022400352,2024-12-08,Regular Season,1610612753,ORL,Orlando Magic,1610612756,PHX,Phoenix Suns,115,110
0022400353,2024-12-08,Regular Season,1610612764,WAS,Washington Wizards,1610612763,MEM,Memphis Grizzlies,112,140
0022400354,2024-12-08,Regular Season,1610612759,SAS,San Antonio Spurs,1610612740,NOP,New Orleans Pelicans,121,116
0022400355,2024-12-08,Regular Season,1610612744,GSW,Golden State Warriors,1610612750,MIN,Minnesota Timberwolves,114,106
0022400356,2024-12-08,Regular Season,1610612746,LAC,LA Clippers,1610612745,HOU,Houston Rockets,106,117
0022400357,2024-12-08,Regular Season,1610612758,SAC,Sacramento Kings,1610612762,UTA,Utah Jazz,141,97
0022400358,2024-12-08,Regular Season,1610612747,LAL,Los Angeles Lakers,1610612757,POR,Portland Trail Blazers,107,98
0022400359,2024-12-09,Regular Season,1610612761,TOR,Toronto Raptors,1610612752,NYK,New York Knicks,108,113
0022400360,2024-12-19,Regular Season,1610612765,DET,Detroit Pistons,1610612762,UTA,Utah Jazz,119,126
0022400361,2024-12-19,Regular Season,1610612753,ORL,Orlando Magic,1610612760,OKC,Oklahoma City Thunder,99,105
0022400362,2024-12-19,Regular Season,1610612764,WAS,Washington Wizards,1610612766,CHA,Charlotte Hornets,123,114
0022400363,2024-12-19,Regular Season,1610612738,BOS,Boston Celtics,1610612741,CHI,Chicago Bulls,108,117
0022400364,2024-12-19,Regular Season,1610612761,TOR,Toronto Raptors,1610612751,BKN,Brooklyn Nets,94,101
0022400365,2024-12-19,Regular Season,1610612745,HOU,Houston Rockets,1610612740,NOP,New Orleans Pelicans,133,113
0022400366,2024-12-19,Regular Season,1610612763,MEM,Memphis Grizzlies,1610612744,GSW,Golden State Warriors,144,93
0022400367,2024-12-19,Regular Season,1610612750,MIN,Minnesota Timberwolves,1610612752,NYK,New York Knicks,107,133
0022400368,2024-12-19,Regular Season,1610612742,DAL,Dallas Mavericks,1610612746,LAC,LA Clippers,95,118
0022400369,2024-12-19,Regular Season,1610612756,PHX,Phoenix Suns,1610612754,IND,Indiana Pacers,111,120
0022400370,2024-12-19,Regular Season,1610612759,SAS,San Antonio Spurs,1610612737,ATL,Atlanta Hawks,133,126
0022400371,2024-12-19,Regular Season,1610612757,POR,Portland Trail Blazers,1610612743,DEN,Denver Nuggets,126,124
0022400372,2024-12-19,Regular Season,1610612758,SAC,Sacramento Kings,1610612747,LAL,Los Angeles Lakers,100,113
0022400373,2024-12-20,Regular Season,1610612755,PHI,Philadelphia 76ers,1610612766,CHA,Charlotte Hornets,108,98
0022400374,2024-12-20,Regular Season,1610612739,CLE,Cleveland Cavaliers,1610612749,MIL,Milwaukee Bucks,124,101
0022400375,2024-12-20,Regular Season,1610612748,MIA,Miami Heat,1610612760,OKC,Oklahoma City Thunder,97,104
0022400376,2024-12-21,Regular Season,1610612758,SAC,Sacramento Kings,1610612747,LAL,Los Angeles Lakers,99,103
0022400377,2024-12-21,Regular Season,1610612753,ORL,Orlando Magic,1610612748,MIA,Miami Heat,121,114
0022400378,2024-12-21,Regular Season,1610612737,ATL,Atlanta Hawks,1610612763,MEM,Memphis Grizzlies,112,128
0022400379,2024-12-21,Regular Season,1610612751,BKN,Brooklyn Nets,1610612762,UTA,Utah Jazz,94,105
0022400380,2024-12-21,Regular Season,1610612739,CLE,Cleveland Cavaliers,1610612755,PHI,Philadelphia 76ers,126,99
0022400381,2024-12-21,Regular Season,1610612741,CHI,Chicago Bulls,1610612738,BOS,Boston Celtics,98,123
0022400382,2024-12-21,Regular Season,1610612749,MIL,Milwaukee Bucks,1610612764,WAS,Washington Wizards,112,101
0022400383,2024-12-21,Regular Season,1610612750,MIN,Minnesota Timberwolves,1610612744,GSW,Golden State Warriors,103,113
0022400384,2024-12-21,Regular Season,1610612740,NOP,New Orleans Pelicans,1610612752,NYK,New York Knicks,93,104
0022400385,2024-12-21,Regular Season,1610612742,DAL,Dallas Mavericks,1610612746,LAC,LA Clippers,113,97
0022400386,2024-12-21,Regular Season,1610612759,SAS,San Antonio Spurs,1610612757,POR,Portland Trail Blazers,114,94
0022400387,2024-12-21,Regular Season,1610612756,PHX,Phoenix Suns,1610612765,DET,Detroit Pistons,125,133
0022400388,2024-12-22,Regular Season,1610612761,TOR,Toronto Raptors,1610612745,HOU,Houston Rockets,110,114
0022400389,2024-12-22,Regular Season,1610612758,SAC,Sacramento Kings,1610612754,IND,Indiana Pacers,95,122
0022400390,2024-12-22,Regular Season,1610612740,NOP,New Orleans Pelicans,1610612743,DEN,Denver Nuggets,129,132
0022400391,2024-12-23,Regular Season,1610612766,CHA,Charlotte Hornets,1610612745,HOU,Houston Rockets,101,114
0022400392,2024-12-23,Regular Season,1610612739,CLE,Cleveland Cavaliers,1610612762,UTA,Utah Jazz,124,113
0022400393,2024-12-23,Regular Season,1610612753,ORL,Orlando Magic,1610612738,BOS,Boston Celtics,108,104
0022400394,2024-12-23,Regular Season,1610612755,PHI,Philadelphia 76ers,1610612759,SAS,San Antonio Spurs,111,106
0022400395,2024-12-23,Regular Season,1610612737,ATL,Atlanta Hawks,1610612750,MIN,Minnesota Timberwolves,117,104
0022400396,2024-12-23,Regular Season,1610612748,MIA,Miami Heat,1610612751,BKN,Brooklyn Nets,110,95
0022400397,2024-12-23,Regular Season,1610612752,NYK,New York Knicks,1610612761,TOR,Toronto Raptors,139,125
0022400398,2024-12-23,Regular Season,1610612741,CHI,Chicago Bulls,1610612749,MIL,Milwaukee Bucks,91,112
0022400399,2024-12-23,Regular Season,1610612763,MEM,Memphis Grizzlies,1610612746,LAC,LA Clippers,110,114
0022400400,2024-12-23,Regular Season,1610612760,OKC,Oklahoma City Thunder,1610612764,WAS,Washington Wizards,123,105
0022400401,2024-12-23,Regular Season,1610612742,DAL,Dallas Mavericks,1610612757,POR,Portland Trail Blazers,132,108
0022400402,2024-12-23,Regular Season,1610612743,DEN,Denver Nuggets,1610612756,PHX,Phoenix Suns,117,90
0022400403,2024-12-23,Regular Season,1610612744,GSW,Golden State Warriors,1610612754,IND,Indiana Pacers,105,111
0022400404,2024-12-23,Regular Season,1610612747,LAL,Los Angeles Lakers,1610612765,DET,Detroit Pistons,114,117
0022400405,2024-12-25,Regular Season,1610612752,NYK,New York Knicks,1610612759,SAS,San Antonio Spurs,117,114
0022400406,2024-12-25,Regular Season,1610612742,DAL,Dallas Mavericks,1610612750,MIN,Minnesota Timberwolves,99,105
0022400407,2024-12-25,Regular Season,1610612738,BOS,Boston Celtics,1610612755,PHI,Philadelphia 76ers,114,118
0022400408,2024-12-25,Regular Season,1610612744,GSW,Golden State Warriors,1610612747,LAL,Los Angeles Lakers,113,115
0022400409,2024-12-25,Regular Season,1610612756,PHX,Phoenix Suns,1610612743,DEN,Denver Nuggets,110,100
0022400410,2024-12-26,Regular Season,1610612754,IND,Indiana Pacers,1610612760,OKC,Oklahoma City Thunder,114,120
0022400411,2024-12-26,Regular Season,1610612753,ORL,Orlando Magic,1610612748,MIA,Miami Heat,88,89
0022400412,2024-12-26,Regular Season,1610612764,WAS,Washington Wizards,1610612766,CHA,Charlotte Hornets,113,110
0022400413,2024-12-26,Regular Season,1610612737,ATL,Atlanta Hawks,1610612741,CHI,Chicago Bulls,141,133
0022400414,2024-12-26,Regular Season,1610612763,MEM,Memphis Grizzlies,1610612761,TOR,Toronto Raptors,155,126
0022400415,2024-12-26,Regular Season,1610612749,MIL,Milwaukee Bucks,1610612751,BKN,Brooklyn Nets,105,111
0022400416,2024-12-26,Regular Season,1610612740,NOP,New Orleans Pelicans,1610612745,HOU,Houston Rockets,111,128
0022400417,2024-12-26,Regular Season,1610612757,POR,Portland Trail Blazers,1610612762,UTA,Utah Jazz,122,120
0022400418,2024-12-26,Regular Season,1610612758,SAC,Sacramento Kings,1610612765,DET,Detroit Pistons,113,114
0022400419,2024-12-27,Regular Season,1610612753,ORL,Orlando Magic,1610612752,NYK,New York Knicks,85,108
0022400420,2024-12-27,Regular Season,1610612738,BOS,Boston Celtics,1610612754,IND,Indiana Pacers,142,105
0022400421,2024-12-27,Regular Season,1610612751,BKN,Brooklyn Nets,1610612759,SAS,San Antonio Spurs,87,96
0022400422,2024-12-27,Regular Season,1610612745,HOU,Houston Rockets,1610612750,MIN,Minnesota Timberwolves,112,113
0022400423,2024-12-27,Regular Season,1610612740,NOP,New Orleans Pelicans,1610612763,MEM,Memphis Grizzlies,124,132
0022400424,2024-12-27,Regular Season,1610612743,DEN,Denver Nuggets,1610612739,CLE,Cleveland Cavaliers,135,149
0022400425,2024-12-27,Regular Season,1610612756,PHX,Phoenix Suns,1610612742,DAL,Dallas Mavericks,89,98
0022400426,2024-12-27,Regular Season,1610612746,LAC,LA Clippers,1610612744,GSW,Golden State Warriors,102,92
0022400427,2024-12-28,Regular Season,1610612737,ATL,Atlanta Hawks,1610612748,MIA,Miami Heat,120,110
0022400428,2024-12-28,Regular Season,1610612766,CHA,Charlotte Hornets,1610612760,OKC,Oklahoma City Thunder,94,106
0022400429,2024-12-28,Regular Season,1610612764,WAS,Washington Wizards,1610612752,NYK,New York Knicks,132,136
0022400430,2024-12-28,Regular Season,1610612741,CHI,Chicago Bulls,1610612749,MIL,Milwaukee Bucks,116,111
0022400431,2024-12-28,Regular Season,1610612744,GSW,Golden State Warriors,1610612756,PHX,Phoenix Suns,109,105
0022400432,2024-12-28,Regular Season,1610612743,DEN,Denver Nuggets,1610612765,DET,Detroit Pistons,134,121
0022400433,2024-12-28,Regular Season,1610612762,UTA,Utah Jazz,1610612755,PHI,Philadelphia 76ers,111,114
0022400434,2024-12-28,Regular Season,1610612757,POR,Portland Trail Blazers,1610612742,DAL,Dallas Mavericks,126,122
0022400435,2024-12-28,Regular Season,1610612747,LAL,Los Angeles Lakers,1610612758,SAC,Sacramento Kings,132,122
0022400436,2024-12-29,Regular Season,1610612753,ORL,Orlando Magic,1610612751,BKN,Brooklyn Nets,102,101
0022400437,2024-12-29,Regular Season,1610612738,BOS,Boston Celtics,1610612754,IND,Indiana Pacers,114,123
0022400438,2024-12-29,Regular Season,1610612761,TOR,Toronto Raptors,1610612737,ATL,Atlanta Hawks,107,136
0022400439,2024-12-29,Regular Season,1610612745,HOU,Houston Rockets,1610612748,MIA,Miami Heat,100,104
0022400440,2024-12-29,Regular Season,1610612760,OKC,Oklahoma City Thunder,1610612763,MEM,Memphis Grizzlies,130,106
0022400441,2024-12-29,Regular Season,1610612750,MIN,Minnesota Timberwolves,1610612759,SAS,San Antonio Spurs,112,110
0022400442,2024-12-30,Regular Season,1610612766,CHA,Charlotte Hornets,1610612741,CHI,Chicago Bulls,108,115
0022400443,2024-12-30,Regular Season,1610612764,WAS,Washington Wizards,1610612752,NYK,New York Knicks,106,126
0022400444,2024-12-30,Regular Season,1610612740,NOP,New Orleans Pelicans,1610612746,LAC,LA Clippers,113,116
0022400445,2024-12-30,Regular Season,1610612762,UTA,Utah Jazz,1610612743,DEN,Denver Nuggets,121,132
0022400446,2024-12-30,Regular Season,1610612744,GSW,Golden State Warriors,1610612739,CLE,Cleveland Cavaliers,95,113
0022400447,2024-12-30,Regular Season,1610612757,POR,Portland Trail Blazers,1610612755,PHI,Philadelphia 76ers,103,125
0022400448,2024-12-30,Regular Season,1610612758,SAC,Sacramento Kings,1610612742,DAL,Dallas Mavericks,110,100
0022400449,2024-12-31,Regular Season,1610612738,BOS,Boston Celtics,1610612761,TOR,Toronto Raptors,125,71
0022400450,2024-12-31,Regular Season,1610612754,IND,Indiana Pacers,1610612749,MIL,Milwaukee Bucks,112,120
0022400451,2024-12-31,Regular Season,1610612759,SAS,San Antonio Spurs,1610612746,LAC,LA Clippers,122,86
0022400452,2024-12-31,Regular Season,1610612760,OKC,Oklahoma City Thunder,1610612750,MIN,Minnesota Timberwolves,113,105
0022400453,2024-12-31,Regular Season,1610612756,PHX,Phoenix Suns,1610612763,MEM,Memphis Grizzlies,112,117
0022400454,2024-12-31,Regular Season,1610612747,LAL,Los Angeles Lakers,1610612739,CLE,Cleveland Cavaliers,110,122
0022400455,2025-01-01,Regular Season,1610612765,DET,Detroit Pistons,1610612753,ORL,Orlando Magic,105,96
0022400456,2025-01-01,Regular Season,1610612764,WAS,Washington Wizards,1610612741,CHI,Chicago Bulls,125,107
0022400457,2025-01-01,Regular Season,1610612748,MIA,Miami Heat,1610612740,NOP,New Orleans Pelicans,119,108
0022400458,2025-01-01,Regular Season,1610612752,NYK,New York Knicks,1610612762,UTA,Utah Jazz,119,103
0022400459,2025-01-01,Regular Season,1610612761,TOR,Toronto Raptors,1610612751,BKN,Brooklyn Nets,130,113
0022400460,2025-01-01,Regular Season,1610612745,HOU,Houston Rockets,1610612742,DAL,Dallas Mavericks,110,99
0022400461,2025-01-01,Regular Season,1610612743,DEN,Denver Nuggets,1610612737,ATL,Atlanta Hawks,139,120
0022400462,2025-01-01,Regular Season,1610612758,SAC,Sacramento Kings,1610612755,PHI,Philadelphia 76ers,113,107
0022400463,2025-01-02,Regular Season,1610612748,MIA,Miami Heat,1610612754,IND,Indiana Pacers,115,128
0022400464,2025-01-02,Regular Season,1610612750,MIN,Minnesota Timberwolves,1610612738,BOS,Boston Celtics,115,118
0022400465,2025-01-02,Regular Season,1610612749,MIL,Milwaukee Bucks,1610612751,BKN,Brooklyn Nets,110,113
0022400466,2025-01-02,Regular Season,1610612760,OKC,Oklahoma City Thunder,1610612746,LAC,LA Clippers,116,98
0022400467,2025-01-02,Regular Season,1610612744,GSW,Golden State Warriors,1610612755,PHI,Philadelphia 76ers,139,105
0022400468,2025-01-02,Regular Season,1610612747,LAL,Los Angeles Lakers,1610612757,POR,Portland Trail Blazers,114,106
0022400469,2025-01-03,Regular Season,1610612765,DET,Detroit Pistons,1610612766,CHA,Charlotte Hornets,98,94
0022400470,2025-01-03,Regular Season,1610612761,TOR,Toronto Raptors,1610612753,ORL,Orlando Magic,97,106
0022400471,2025-01-03,Regular Season,1610612745,HOU,Houston Rockets,1610612738,BOS,Boston Celtics,86,109
0022400472,2025-01-03,Regular Season,1610612740,NOP,New Orleans Pelicans,1610612764,WAS,Washington Wizards,132,120
0022400473,2025-01-03,Regular Season,1610612760,OKC,Oklahoma City Thunder,1610612752,NYK,New York Knicks,117,107
0022400474,2025-01-03,Regular Season,1610612742,DAL,Dallas Mavericks,1610612739,CLE,Cleveland Cavaliers,122,134
0022400475,2025-01-03,Regular Season,1610612743,DEN,Denver Nuggets,1610612759,SAS,San Antonio Spurs,110,113
0022400476,2025-01-03,Regular Season,1610612758,SAC,Sacramento Kings,1610612763,MEM,Memphis Grizzlies,138,133
0022400477,2025-01-03,Regular Season,1610612747,LAL,Los Angeles Lakers,1610612737,ATL,Atlanta Hawks,119,102
0022400478,2025-01-04,Regular Season,1610612751,BKN,Brooklyn Nets,1610612755,PHI,Philadelphia 76ers,94,123
0022400479,2025-01-04,Regular Season,1610612765,DET,Detroit Pistons,1610612750,MIN,Minnesota Timberwolves,119,105
0022400480,2025-01-04,Regular Season,1610612754,IND,Indiana Pacers,1610612756,PHX,Phoenix Suns,126,108
0022400481,2025-01-04,Regular Season,1610612748,MIA,Miami Heat,1610612762,UTA,Utah Jazz,100,136
0022400482,2025-01-04,Regular Season,1610612741,CHI,Chicago Bulls,1610612752,NYK,New York Knicks,139,126
0022400483,2025-01-04,Regular Season,1610612749,MIL,Milwaukee Bucks,1610612757,POR,Portland Trail Blazers,102,105
0022400484,2025-01-04,Regular Season,1610612759,SAS,San Antonio Spurs,1610612743,DEN,Denver Nuggets,111,122
0022400485,2025-01-04,Regular Season,1610612744,GSW,Golden State Warriors,1610612763,MEM,Memphis Grizzlies,121,113
0022400486,2025-01-04,Regular Season,1610612746,LAC,LA Clippers,1610612737,ATL,Atlanta Hawks,131,105
0022400487,2025-01-05,Regular Season,1610612760,OKC,Oklahoma City Thunder,1610612738,BOS,Boston Celtics,105,92
0022400488,2025-01-05,Regular Season,1610612739,CLE,Cleveland Cavaliers,1610612766,CHA,Charlotte Hornets,115,105
0022400489,2025-01-05,Regular Season,1610612764,WAS,Washington Wizards,1610612740,NOP,New Orleans Pelicans,98,110
0022400490,2025-01-05,Regular Season,1610612753,ORL,Orlando Magic,1610612762,UTA,Utah Jazz,92,105
0022400491,2025-01-05,Regular Season,1610612745,HOU,Houston Rockets,1610612747,LAL,Los Angeles Lakers,119,115
0022400492,2025-01-05,Regular Season,1610612744,GSW,Golden State Warriors,1610612758,SAC,Sacramento Kings,99,129
0022400493,2025-01-06,Regular Season,1610612765,DET,Detroit Pistons,1610612757,POR,Portland Trail Blazers,118,115
0022400494,2025-01-06,Regular Season,1610612755,PHI,Philadelphia 76ers,1610612756,PHX,Phoenix Suns,99,109
0022400495,2025-01-06,Regular Season,1610612751,BKN,Brooklyn Nets,1610612754,IND,Indiana Pacers,99,113
0022400496,2025-01-06,Regular Season,1610612752,NYK,New York Knicks,1610612753,ORL,Orlando Magic,94,103
0022400497,2025-01-06,Regular Season,1610612761,TOR,Toronto Raptors,1610612749,MIL,Milwaukee Bucks,104,128
0022400498,2025-01-06,Regular Season,1610612741,CHI,Chicago Bulls,1610612759,SAS,San Antonio Spurs,114,110
0022400499,2025-01-06,Regular Season,1610612763,MEM,Memphis Grizzlies,1610612742,DAL,Dallas Mavericks,119,104
0022400500,2025-01-06,Regular Season,1610612750,MIN,Minnesota Timberwolves,1610612746,LAC,LA Clippers,108,106
0022400501,2025-01-06,Regular Season,1610612758,SAC,Sacramento Kings,1610612748,MIA,Miami Heat,123,118
0022400502,2025-01-07,Regular Season,1610612766,CHA,Charlotte Hornets,1610612756,PHX,Phoenix Suns,115,104
0022400503,2025-01-07,Regular Season,1610612764,WAS,Washington Wizards,1610612745,HOU,Houston Rockets,112,135
0022400504,2025-01-07,Regular Season,1610612742,DAL,Dallas Mavericks,1610612747,LAL,Los Angeles Lakers,118,97
0022400505,2025-01-07,Regular Season,1610612740,NOP,New Orleans Pelicans,1610612750,MIN,Minnesota Timberwolves,97,104
0022400506,2025-01-07,Regular Season,1610612762,UTA,Utah Jazz,1610612737,ATL,Atlanta Hawks,121,124
0022400507,2025-01-07,Regular Season,1610612743,DEN,Denver Nuggets,1610612738,BOS,Boston Celtics,106,118
0022400508,2025-01-07,Regular Season,1610612744,GSW,Golden State Warriors,1610612748,MIA,Miami Heat,98,114
0022400509,2025-01-08,Regular Season,1610612739,CLE,Cleveland Cavaliers,1610612760,OKC,Oklahoma City Thunder,129,122
0022400510,2025-01-08,Regular Season,1610612754,IND,Indiana Pacers,1610612741,CHI,Chicago Bulls,129,113
0022400511,2025-01-08,Regular Season,1610612752,NYK,New York Knicks,1610612761,TOR,Toronto Raptors,112,98
0022400512,2025-01-08,Regular Season,1610612755,PHI,Philadelphia 76ers,1610612764,WAS,Washington Wizards,109,103
0022400513,2025-01-08,Regular Season,1610612751,BKN,Brooklyn Nets,1610612765,DET,Detroit Pistons,98,113
0022400514,2025-01-08,Regular Season,1610612740,NOP,New Orleans Pelicans,1610612757,POR,Portland Trail Blazers,100,119
0022400515,2025-01-08,Regular Season,1610612743,DEN,Denver Nuggets,1610612746,LAC,LA Clippers,126,103
0022400516,2025-01-08,Regular Season,1610612749,MIL,Milwaukee Bucks,1610612759,SAS,San Antonio Spurs,121,105
0022400517,2025-01-09,Regular Season,1610612739,CLE,Cleveland Cavaliers,1610612761,TOR,Toronto Raptors,132,126
0022400518,2025-01-09,Regular Season,1610612765,DET,Detroit Pistons,1610612744,GSW,Golden State Warriors,104,107
0022400519,2025-01-09,Regular Season,1610612753,ORL,Orlando Magic,1610612750,MIN,Minnesota Timberwolves,89,104
0022400520,2025-01-09,Regular Season,1610612763,MEM,Memphis Grizzlies,1610612745,HOU,Houston Rockets,115,119
0022400521,2025-01-09,Regular Season,1610612742,DAL,Dallas Mavericks,1610612757,POR,Portland Trail Blazers,117,111
0022400522,2025-01-09,Regular Season,1610612756,PHX,Phoenix Suns,1610612737,ATL,Atlanta Hawks,123,115
0022400523,2025-01-09,Regular Season,1610612762,UTA,Utah Jazz,1610612748,MIA,Miami Heat,92,97
0022400524,2025-02-19,Regular Season,1610612747,LAL,Los Angeles Lakers,1610612766,CHA,Charlotte Hornets,97,100
0022400525,2025-01-10,Regular Season,1610612754,IND,Indiana Pacers,1610612744,GSW,Golden State Warriors,108,96
0022400526,2025-01-10,Regular Season,1610612753,ORL,Orlando Magic,1610612749,MIL,Milwaukee Bucks,106,109
0022400527,2025-01-10,Regular Season,1610612755,PHI,Philadelphia 76ers,1610612740,NOP,New Orleans Pelicans,115,123
0022400528,2025-01-10,Regular Season,1610612738,BOS,Boston Celtics,1610612758,SAC,Sacramento Kings,97,114
0022400529,2025-01-10,Regular Season,1610612752,NYK,New York Knicks,1610612760,OKC,Oklahoma City Thunder,101,126
0022400530,2025-01-10,Regular Season,1610612741,CHI,Chicago Bulls,1610612764,WAS,Washington Wizards,138,105
0022400531,2025-01-10,Regular Season,1610612743,DEN,Denver Nuggets,1610612751,BKN,Brooklyn Nets,124,105
0022400532,2025-01-28,Regular Season,1610612737,ATL,Atlanta Hawks,1610612745,HOU,Houston Rockets,96,100
0022400533,2025-01-11,Regular Season,1610612756,PHX,Phoenix Suns,1610612762,UTA,Utah Jazz,114,106
0022400534,2025-01-11,Regular Season,1610612765,DET,Detroit Pistons,1610612761,TOR,Toronto Raptors,123,114
0022400535,2025-01-11,Regular Season,1610612750,MIN,Minnesota Timberwolves,1610612763,MEM,Memphis Grizzlies,125,127
0022400536,2025-01-11,Regular Season,1610612757,POR,Portland Trail Blazers,1610612748,MIA,Miami Heat,98,119
0022400537,2025-03-17,Regular Season,1610612747,LAL,Los Angeles Lakers,1610612759,SAS,San Antonio Spurs,125,109
0022400538,2025-03-16,Regular Season,1610612746,LAC,LA Clippers,1610612766,CHA,Charlotte Hornets,123,88
0022400539,2025-01-12,Regular Season,1610612752,NYK,New York Knicks,1610612749,MIL,Milwaukee Bucks,140,106
0022400540,2025-01-12,Regular Season,1610612742,DAL,Dallas Mavericks,1610612743,DEN,Denver Nuggets,101,112
0022400541,2025-01-12,Regular Season,1610612741,CHI,Chicago Bulls,1610612758,SAC,Sacramento Kings,119,124
0022400542,2025-01-12,Regular Season,1610612738,BOS,Boston Celtics,1610612740,NOP,New Orleans Pelicans,120,119
0022400543,2025-01-12,Regular Season,1610612739,CLE,Cleveland Cavaliers,1610612754,IND,Indiana Pacers,93,108
0022400544,2025-01-12,Regular Season,1610612753,ORL,Orlando Magic,1610612755,PHI,Philadelphia 76ers,104,99
0022400545,2025-01-12,Regular Season,1610612764,WAS,Washington Wizards,1610612760,OKC,Oklahoma City Thunder,95,136
0022400546,2025-01-12,Regular Season,1610612762,UTA,Utah Jazz,1610612751,BKN,Brooklyn Nets,112,111
0022400547,2025-01-12,Regular Season,1610612756,PHX,Phoenix Suns,1610612766,CHA,Charlotte Hornets,120,113
0022400548,2025-01-13,Regular Season,1610612764,WAS,Washington Wizards,1610612750,MIN,Minnesota Timberwolves,106,120
0022400549,2025-01-13,Regular Season,1610612752,NYK,New York Knicks,1610612765,DET,Detroit Pistons,119,124
0022400550,2025-01-13,Regular Season,1610612761,TOR,Toronto Raptors,1610612744,GSW,Golden State Warriors,104,101
0022400551,2025-01-13,Regular Season,1610612745,HOU,Houston Rockets,1610612763,MEM,Memphis Grizzlies,120,118
0022400552,2025-01-13,Regular Season,1610612747,LAL,Los Angeles Lakers,1610612759,SAS,San Antonio Spurs,102,126
0022400553,2025-01-13,Regular Season,1610612746,LAC,LA Clippers,1610612748,MIA,Miami Heat,109,98
0022400554,2025-01-14,Regular Season,1610612754,IND,Indiana Pacers,1610612739,CLE,Cleveland Cavaliers,117,127
0022400555,2025-01-14,Regular Season,1610612755,PHI,Philadelphia 76ers,1610612760,OKC,Oklahoma City Thunder,102,118
0022400556,2025-01-14,Regular Season,1610612737,ATL,Atlanta Hawks,1610612756,PHX,Phoenix Suns,122,117
0022400557,2025-01-14,Regular Season,1610612741,CHI,Chicago Bulls,1610612740,NOP,New Orleans Pelicans,113,119
0022400558,2025-01-14,Regular Season,1610612749,MIL,Milwaukee Bucks,1610612758,SAC,Sacramento Kings,130,115
0022400559,2025-01-14,Regular Season,1610612742,DAL,Dallas Mavericks,1610612743,DEN,Denver Nuggets,99,118
0022400560,2025-01-14,Regular Season,1610612757,POR,Portland Trail Blazers,1610612751,BKN,Brooklyn Nets,114,132
0022400561,2025-01-15,Regular Season,1610612755,PHI,Philadelphia 76ers,1610612752,NYK,New York Knicks,119,125
0022400562,2025-01-15,Regular Season,1610612761,TOR,Toronto Raptors,1610612738,BOS,Boston Celtics,110,97
0022400563,2025-01-15,Regular Season,1610612741,CHI,Chicago Bulls,1610612737,ATL,Atlanta Hawks,94,110
0022400564,2025-01-15,Regular Season,1610612749,MIL,Milwaukee Bucks,1610612753,ORL,Orlando Magic,122,93
0022400565,2025-01-15,Regular Season,1610612750,MIN,Minnesota Timberwolves,1610612744,GSW,Golden State Warriors,115,116
0022400566,2025-01-15,Regular Season,1610612740,NOP,New Orleans Pelicans,1610612742,DAL,Dallas Mavericks,119,116
0022400567,2025-01-15,Regular Season,1610612759,SAS,San Antonio Spurs,1610612763,MEM,Memphis Grizzlies,115,129
0022400568,2025-01-15,Regular Season,1610612743,DEN,Denver Nuggets,1610612745,HOU,Houston Rockets,108,128
0022400569,2025-01-15,Regular Season,1610612762,UTA,Utah Jazz,1610612766,CHA,Charlotte Hornets,112,117
0022400570,2025-01-15,Regular Season,1610612747,LAL,Los Angeles Lakers,1610612748,MIA,Miami Heat,117,108
0022400571,2025-01-15,Regular Season,1610612746,LAC,LA Clippers,1610612751,BKN,Brooklyn Nets,126,67
0022400572,2025-01-16,Regular Season,1610612765,DET,Detroit Pistons,1610612754,IND,Indiana Pacers,100,111
0022400573,2025-01-16,Regular Season,1610612764,WAS,Washington Wizards,1610612756,PHX,Phoenix Suns,123,130
0022400574,2025-01-16,Regular Season,1610612760,OKC,Oklahoma City Thunder,1610612739,CLE,Cleveland Cavaliers,134,114
0022400575,2025-01-16,Regular Season,1610612757,POR,Portland Trail Blazers,1610612746,LAC,LA Clippers,89,118
0022400576,2025-01-16,Regular Season,1610612758,SAC,Sacramento Kings,1610612745,HOU,Houston Rockets,132,127
0022400577,2025-01-17,Regular Season,1610612738,BOS,Boston Celtics,1610612753,ORL,Orlando Magic,121,94
0022400578,2025-01-17,Regular Season,1610612752,NYK,New York Knicks,1610612750,MIN,Minnesota Timberwolves,99,116
0022400579,2025-01-17,Regular Season,1610612748,MIA,Miami Heat,1610612743,DEN,Denver Nuggets,113,133
0022400580,2025-01-17,Regular Season,1610612749,MIL,Milwaukee Bucks,1610612761,TOR,Toronto Raptors,130,112
0022400581,2025-01-17,Regular Season,1610612740,NOP,New Orleans Pelicans,1610612762,UTA,Utah Jazz,136,123
0022400582,2025-01-17,Regular Season,1610612759,SAS,San Antonio Spurs,1610612763,MEM,Memphis Grizzlies,112,140
0022400583,2025-01-17,Regular Season,1610612742,DAL,Dallas Mavericks,1610612760,OKC,Oklahoma City Thunder,106,98
0022400584,2025-01-17,Regular Season,1610612741,CHI,Chicago Bulls,1610612766,CHA,Charlotte Hornets,123,125
0022400585,2025-01-17,Regular Season,1610612747,LAL,Los Angeles Lakers,1610612751,BKN,Brooklyn Nets,102,101
0022400586,2025-01-18,Regular Season,1610612765,DET,Detroit Pistons,1610612756,PHX,Phoenix Suns,121,125
0022400587,2025-01-18,Regular Season,1610612738,BOS,Boston Celtics,1610612737,ATL,Atlanta Hawks,115,119
0022400588,2025-01-18,Regular Season,1610612754,IND,Indiana Pacers,1610612755,PHI,Philadelphia 76ers,115,102
0022400589,2025-01-18,Regular Season,1610612744,GSW,Golden State Warriors,1610612764,WAS,Washington Wizards,122,114
0022400590,2025-01-18,Regular Season,1610612750,MIN,Minnesota Timberwolves,1610612739,CLE,Cleveland Cavaliers,117,124
0022400591,2025-01-18,Regular Season,1610612757,POR,Portland Trail Blazers,1610612745,HOU,Houston Rockets,103,125
0022400592,2025-01-19,Regular Season,1610612748,MIA,Miami Heat,1610612759,SAS,San Antonio Spurs,128,107
0022400593,2025-01-19,Regular Season,1610612753,ORL,Orlando Magic,1610612743,DEN,Denver Nuggets,100,113
0022400594,2025-01-19,Regular Season,1610612749,MIL,Milwaukee Bucks,1610612755,PHI,Philadelphia 76ers,123,109
0022400595,2025-01-19,Regular Season,1610612760,OKC,Oklahoma City Thunder,1610612751,BKN,Brooklyn Nets,127,101
0022400596,2025-01-19,Regular Season,1610612746,LAC,LA Clippers,1610612747,LAL,Los Angeles Lakers,116,102
0022400597,2025-01-19,Regular Season,1610612757,POR,Portland Trail Blazers,1610612741,CHI,Chicago Bulls,113,102
0022400598,2025-01-19,Regular Season,1610612758,SAC,Sacramento Kings,1610612764,WAS,Washington Wizards,123,100
0022400599,2025-01-20,Regular Season,1610612766,CHA,Charlotte Hornets,1610612742,DAL,Dallas Mavericks,110,105
0022400600,2025-01-20,Regular Season,1610612745,HOU,Houston Rockets,1610612765,DET,Detroit Pistons,96,107
0022400601,2025-01-20,Regular Season,1610612763,MEM,Memphis Grizzlies,1610612750,MIN,Minnesota Timberwolves,108,106
0022400602,2025-01-20,Regular Season,1610612752,NYK,New York Knicks,1610612737,ATL,Atlanta Hawks,119,110
0022400603,2025-01-20,Regular Season,1610612739,CLE,Cleveland Cavaliers,1610612756,PHX,Phoenix Suns,118,92
0022400604,2025-01-20,Regular Season,1610612744,GSW,Golden State Warriors,1610612738,BOS,Boston Celtics,85,125
0022400605,2025-01-20,Regular Season,1610612740,NOP,New Orleans Pelicans,1610612762,UTA,Utah Jazz,123,119
0022400606,2025-01-21,Regular Season,1610612751,BKN,Brooklyn Nets,1610612752,NYK,New York Knicks,95,99
0022400607,2025-01-21,Regular Season,1610612748,MIA,Miami Heat,1610612757,POR,Portland Trail Blazers,107,116
0022400608,2025-01-21,Regular Season,1610612761,TOR,Toronto Raptors,1610612753,ORL,Orlando Magic,109,93
0022400609,2025-01-21,Regular Season,1610612743,DEN,Denver Nuggets,1610612755,PHI,Philadelphia 76ers,144,109
0022400610,2025-01-21,Regular Season,1610612747,LAL,Los Angeles Lakers,1610612764,WAS,Washington Wizards,111,88
0022400611,2025-01-20,Regular Season,1610612746,LAC,LA Clippers,1610612741,CHI,Chicago Bulls,99,112
0022400612,2025-01-22,Regular Season,1610612737,ATL,Atlanta Hawks,1610612765,DET,Detroit Pistons,104,114
0022400613,2025-01-22,Regular Season,1610612751,BKN,Brooklyn Nets,1610612756,PHX,Phoenix Suns,84,108
0022400614,2025-01-22,Regular Season,1610612742,DAL,Dallas Mavericks,1610612750,MIN,Minnesota Timberwolves,114,115
0022400615,2025-01-22,Regular Season,1610612745,HOU,Houston Rockets,1610612739,CLE,Cleveland Cavaliers,109,108
0022400616,2025-01-22,Regular Season,1610612763,MEM,Memphis Grizzlies,1610612766,CHA,Charlotte Hornets,132,120
0022400617,2025-04-06,Regular Season,1610612740,NOP,New Orleans Pelicans,1610612749,MIL,Milwaukee Bucks,107,111
0022400618,2025-01-22,Regular Season,1610612760,OKC,Oklahoma City Thunder,1610612762,UTA,Utah Jazz,123,114
0022400619,2025-01-22,Regular Season,1610612758,SAC,Sacramento Kings,1610612744,GSW,Golden State Warriors,123,117
0022400620,2025-01-22,Regular Season,1610612746,LAC,LA Clippers,1610612738,BOS,Boston Celtics,113,117
0022400621,2025-01-23,Regular Season,1610612754,IND,Indiana Pacers,1610612759,SAS,San Antonio Spurs,110,140
0022400622,2025-01-23,Regular Season,1610612753,ORL,Orlando Magic,1610612757,POR,Portland Trail Blazers,79,101
0022400623,2025-01-23,Regular Season,1610612737,ATL,Atlanta Hawks,1610612761,TOR,Toronto Raptors,119,122
0022400624,2025-01-23,Regular Season,1610612749,MIL,Milwaukee Bucks,1610612748,MIA,Miami Heat,125,96
0022400625,2025-01-23,Regular Season,1610612760,OKC,Oklahoma City Thunder,1610612742,DAL,Dallas Mavericks,115,121
0022400626,2025-01-23,Regular Season,1610612743,DEN,Denver Nuggets,1610612758,SAC,Sacramento Kings,132,123
0022400627,2025-03-19,Regular Season,1610612762,UTA,Utah Jazz,1610612764,WAS,Washington Wizards,128,112
0022400628,2025-01-23,Regular Season,1610612744,GSW,Golden State Warriors,1610612741,CHI,Chicago Bulls,131,106
0022400629,2025-01-23,Regular Season,1610612747,LAL,Los Angeles Lakers,1610612738,BOS,Boston Celtics,117,96
0022400630,2025-01-24,Regular Season,1610612766,CHA,Charlotte Hornets,1610612757,POR,Portland Trail Blazers,97,102
0022400631,2025-01-24,Regular Season,1610612755,PHI,Philadelphia 76ers,1610612739,CLE,Cleveland Cavaliers,132,129
0022400632,2025-01-24,Regular Season,1610612763,MEM,Memphis Grizzlies,1610612740,NOP,New Orleans Pelicans,139,126
0022400633,2025-01-25,Regular Season,1610612759,SAS,San Antonio Spurs,1610612754,IND,Indiana Pacers,98,136
0022400634,2025-01-25,Regular Season,1610612750,MIN,Minnesota Timberwolves,1610612743,DEN,Denver Nuggets,133,104
0022400635,2025-01-25,Regular Season,1610612742,DAL,Dallas Mavericks,1610612738,BOS,Boston Celtics,107,122
0022400636,2025-01-25,Regular Season,1610612751,BKN,Brooklyn Nets,1610612748,MIA,Miami Heat,97,106
0022400637,2025-01-25,Regular Season,1610612766,CHA,Charlotte Hornets,1610612740,NOP,New Orleans Pelicans,123,92
0022400638,2025-01-25,Regular Season,1610612753,ORL,Orlando Magic,1610612765,DET,Detroit Pistons,121,113
0022400639,2025-01-25,Regular Season,1610612737,ATL,Atlanta Hawks,1610612761,TOR,Toronto Raptors,94,117
0022400640,2025-01-25,Regular Season,1610612739,CLE,Cleveland Cavaliers,1610612745,HOU,Houston Rockets,131,135
0022400641,2025-01-25,Regular Season,1610612752,NYK,New York Knicks,1610612758,SAC,Sacramento Kings,143,120
0022400642,2025-01-25,Regular Season,1610612741,CHI,Chicago Bulls,1610612755,PHI,Philadelphia 76ers,97,109
0022400643,2025-01-25,Regular Season,1610612763,MEM,Memphis Grizzlies,1610612762,UTA,Utah Jazz,125,103
0022400644,2025-01-25,Regular Season,1610612744,GSW,Golden State Warriors,1610612747,LAL,Los Angeles Lakers,108,118
0022400645,2025-01-25,Regular Season,1610612756,PHX,Phoenix Suns,1610612764,WAS,Washington Wizards,119,109
0022400646,2025-01-25,Regular Season,1610612746,LAC,LA Clippers,1610612749,MIL,Milwaukee Bucks,127,117
0022400647,2025-01-26,Regular Season,1610612757,POR,Portland Trail Blazers,1610612760,OKC,Oklahoma City Thunder,108,118
0022400648,2025-01-27,Regular Season,1610612766,CHA,Charlotte Hornets,1610612747,LAL,Los Angeles Lakers,107,112
0022400649,2025-01-27,Regular Season,1610612739,CLE,Cleveland Cavaliers,1610612765,DET,Detroit Pistons,110,91
0022400650,2025-01-27,Regular Season,1610612738,BOS,Boston Celtics,1610612745,HOU,Houston Rockets,112,114
0022400651,2025-01-27,Regular Season,1610612751,BKN,Brooklyn Nets,1610612758,SAC,Sacramento Kings,96,110
0022400652,2025-01-27,Regular Season,1610612748,MIA,Miami Heat,1610612753,ORL,Orlando Magic,125,119
0022400653,2025-01-27,Regular Season,1610612752,NYK,New York Knicks,1610612763,MEM,Memphis Grizzlies,143,106
0022400654,2025-01-27,Regular Season,1610612761,TOR,Toronto Raptors,1610612740,NOP,New Orleans Pelicans,113,104
0022400655,2025-01-27,Regular Season,1610612741,CHI,Chicago Bulls,1610612743,DEN,Denver Nuggets,129,121
0022400656,2025-01-27,Regular Season,1610612750,MIN,Minnesota Timberwolves,1610612737,ATL,Atlanta Hawks,100,92
0022400657,2025-01-27,Regular Season,1610612742,DAL,Dallas Mavericks,1610612764,WAS,Washington Wizards,130,108
0022400658,2025-01-27,Regular Season,1610612762,UTA,Utah Jazz,1610612749,MIL,Milwaukee Bucks,110,125
0022400659,2025-01-27,Regular Season,1610612756,PHX,Phoenix Suns,1610612746,LAC,LA Clippers,111,109
0022400660,2025-01-28,Regular Season,1610612755,PHI,Philadelphia 76ers,1610612747,LAL,Los Angeles Lakers,118,104
0022400661,2025-01-28,Regular Season,1610612744,GSW,Golden State Warriors,1610612762,UTA,Utah Jazz,114,103
0022400662,2025-01-28,Regular Season,1610612757,POR,Portland Trail Blazers,1610612749,MIL,Milwaukee Bucks,125,112
0022400663,2025-01-29,Regular Season,1610612766,CHA,Charlotte Hornets,1610612751,BKN,Brooklyn Nets,83,104
0022400664,2025-01-29,Regular Season,1610612754,IND,Indiana Pacers,1610612765,DET,Detroit Pistons,133,119
0022400665,2025-01-29,Regular Season,1610612764,WAS,Washington Wizards,1610612761,TOR,Toronto Raptors,82,106
0022400666,2025-01-29,Regular Season,1610612738,BOS,Boston Celtics,1610612741,CHI,Chicago Bulls,122,100
0022400667,2025-01-29,Regular Season,1610612748,MIA,Miami Heat,1610612739,CLE,Cleveland Cavaliers,106,126
0022400668,2025-01-29,Regular Season,1610612752,NYK,New York Knicks,1610612743,DEN,Denver Nuggets,122,112
0022400669,2025-01-29,Regular Season,1610612755,PHI,Philadelphia 76ers,1610612758,SAC,Sacramento Kings,117,104
0022400670,2025-01-29,Regular Season,1610612740,NOP,New Orleans Pelicans,1610612742,DAL,Dallas Mavericks,136,137
0022400671,2025-01-29,Regular Season,1610612759,SAS,San Antonio Spurs,1610612746,LAC,LA Clippers,116,128
0022400672,2025-01-29,Regular Season,1610612756,PHX,Phoenix Suns,1610612750,MIN,Minnesota Timberwolves,113,121
0022400673,2025-01-29,Regular Season,1610612744,GSW,Golden State Warriors,1610612760,OKC,Oklahoma City Thunder,116,109
0022400674,2025-01-30,Regular Season,1610612764,WAS,Washington Wizards,1610612747,LAL,Los Angeles Lakers,96,134
0022400675,2025-01-30,Regular Season,1610612739,CLE,Cleveland Cavaliers,1610612737,ATL,Atlanta Hawks,137,115
0022400676,2025-01-30,Regular Season,1610612763,MEM,Memphis Grizzlies,1610612745,HOU,Houston Rockets,120,119
0022400677,2025-01-30,Regular Season,1610612762,UTA,Utah Jazz,1610612750,MIN,Minnesota Timberwolves,113,138
0022400678,2025-01-30,Regular Season,1610612757,POR,Portland Trail Blazers,1610612753,ORL,Orlando Magic,119,90
0022400679,2025-01-31,Regular Season,1610612766,CHA,Charlotte Hornets,1610612746,LAC,LA Clippers,104,112
0022400680,2025-01-31,Regular Season,1610612765,DET,Detroit Pistons,1610612742,DAL,Dallas Mavericks,117,102
0022400681,2025-01-31,Regular Season,1610612755,PHI,Philadelphia 76ers,1610612743,DEN,Denver Nuggets,134,137
0022400682,2025-01-31,Regular Season,1610612761,TOR,Toronto Raptors,1610612741,CHI,Chicago Bulls,106,122
0022400683,2025-01-31,Regular Season,1610612740,NOP,New Orleans Pelicans,1610612738,BOS,Boston Celtics,116,118
0022400684,2025-01-31,Regular Season,1610612759,SAS,San Antonio Spurs,1610612749,MIL,Milwaukee Bucks,144,118
0022400685,2025-01-31,Regular Season,1610612744,GSW,Golden State Warriors,1610612756,PHX,Phoenix Suns,105,130
0022400686,2025-02-01,Regular Season,1610612754,IND,Indiana Pacers,1610612737,ATL,Atlanta Hawks,132,127
0022400687,2025-02-01,Regular Season,1610612762,UTA,Utah Jazz,1610612753,ORL,Orlando Magic,113,99
0022400688,2025-02-01,Regular Season,1610612766,CHA,Charlotte Hornets,1610612743,DEN,Denver Nuggets,104,107
0022400689,2025-02-01,Regular Season,1610612745,HOU,Houston Rockets,1610612751,BKN,Brooklyn Nets,98,110
0022400690,2025-02-01,Regular Season,1610612750,MIN,Minnesota Timberwolves,1610612764,WAS,Washington Wizards,103,105
0022400691,2025-02-01,Regular Season,1610612760,OKC,Oklahoma City Thunder,1610612758,SAC,Sacramento Kings,144,110
0022400692,2025-02-01,Regular Season,1610612752,NYK,New York Knicks,1610612747,LAL,Los Angeles Lakers,112,128
0022400693,2025-02-01,Regular Season,1610612759,SAS,San Antonio Spurs,1610612748,MIA,Miami Heat,103,105
0022400694,2025-02-01,Regular Season,1610612757,POR,Portland Trail Blazers,1610612756,PHX,Phoenix Suns,127,108
0022400695,2025-02-02,Regular Season,1610612765,DET,Detroit Pistons,1610612741,CHI,Chicago Bulls,127,119
0022400696,2025-02-02,Regular Season,1610612739,CLE,Cleveland Cavaliers,1610612742,DAL,Dallas Mavericks,144,101
0022400697,2025-02-02,Regular Season,1610612761,TOR,Toronto Raptors,1610612746,LAC,LA Clippers,115,108
0022400698,2025-02-02,Regular Season,1610612755,PHI,Philadelphia 76ers,1610612738,BOS,Boston Celtics,110,118
0022400699,2025-02-02,Regular Season,1610612749,MIL,Milwaukee Bucks,1610612763,MEM,Memphis Grizzlies,119,132
0022400700,2025-02-03,Regular Season,1610612766,CHA,Charlotte Hornets,1610612764,WAS,Washington Wizards,114,124
0022400701,2025-02-03,Regular Season,1610612765,DET,Detroit Pistons,1610612737,ATL,Atlanta Hawks,130,132
0022400702,2025-02-03,Regular Season,1610612752,NYK,New York Knicks,1610612745,HOU,Houston Rockets,124,118
0022400703,2025-02-03,Regular Season,1610612763,MEM,Memphis Grizzlies,1610612759,SAS,San Antonio Spurs,128,109
0022400704,2025-02-03,Regular Season,1610612750,MIN,Minnesota Timberwolves,1610612758,SAC,Sacramento Kings,114,116
0022400705,2025-02-03,Regular Season,1610612760,OKC,Oklahoma City Thunder,1610612749,MIL,Milwaukee Bucks,125,96
0022400706,2025-02-03,Regular Season,1610612743,DEN,Denver Nuggets,1610612740,NOP,New Orleans Pelicans,125,113
0022400707,2025-02-03,Regular Season,1610612762,UTA,Utah Jazz,1610612754,IND,Indiana Pacers,111,112
0022400708,2025-02-03,Regular Season,1610612744,GSW,Golden State Warriors,1610612753,ORL,Orlando Magic,104,99
0022400709,2025-02-03,Regular Season,1610612757,POR,Portland Trail Blazers,1610612756,PHX,Phoenix Suns,121,119
0022400710,2025-02-04,Regular Season,1610612739,CLE,Cleveland Cavaliers,1610612738,BOS,Boston Celtics,105,112
0022400711,2025-02-04,Regular Season,1610612751,BKN,Brooklyn Nets,1610612745,HOU,Houston Rockets,99,97
0022400712,2025-02-04,Regular Season,1610612755,PHI,Philadelphia 76ers,1610612742,DAL,Dallas Mavericks,118,116
0022400713,2025-02-04,Regular Season,1610612761,TOR,Toronto Raptors,1610612752,NYK,New York Knicks,115,121
0022400714,2025-02-04,Regular Season,1610612741,CHI,Chicago Bulls,1610612748,MIA,Miami Heat,133,124
0022400715,2025-02-04,Regular Season,1610612746,LAC,LA Clippers,1610612747,LAL,Los Angeles Lakers,97,122
0022400716,2025-02-04,Regular Season,1610612757,POR,Portland Trail Blazers,1610612754,IND,Indiana Pacers,112,89
0022400717,2025-02-05,Regular Season,1610612766,CHA,Charlotte Hornets,1610612749,MIL,Milwaukee Bucks,102,112
0022400718,2025-02-05,Regular Season,1610612765,DET,Detroit Pistons,1610612739,CLE,Cleveland Cavaliers,115,118
0022400719,2025-02-05,Regular Season,1610612737,ATL,Atlanta Hawks,1610612759,SAS,San Antonio Spurs,125,126
0022400720,2025-02-05,Regular Season,1610612751,BKN,Brooklyn Nets,1610612764,WAS,Washington Wizards,102,119
0022400721,2025-02-05,Regular Season,1610612755,PHI,Philadelphia 76ers,1610612748,MIA,Miami Heat,101,108
0022400722,2025-02-05,Regular Season,1610612761,TOR,Toronto Raptors,1610612763,MEM,Memphis Grizzlies,107,138
0022400723,2025-02-05,Regular Season,1610612750,MIN,Minnesota Timberwolves,1610612741,CHI,Chicago Bulls,127,108
0022400724,2025-02-05,Regular Season,1610612760,OKC,Oklahoma City Thunder,1610612756,PHX,Phoenix Suns,140,109
0022400725,2025-02-05,Regular Season,1610612762,UTA,Utah Jazz,1610612744,GSW,Golden State Warriors,131,128
0022400726,2025-02-05,Regular Season,1610612743,DEN,Denver Nuggets,1610612740,NOP,New Orleans Pelicans,144,119
0022400727,2025-02-05,Regular Season,1610612758,SAC,Sacramento Kings,1610612753,ORL,Orlando Magic,111,130
0022400728,2025-02-06,Regular Season,1610612738,BOS,Boston Celtics,1610612742,DAL,Dallas Mavericks,120,127
0022400729,2025-02-06,Regular Season,1610612750,MIN,Minnesota Timberwolves,1610612745,HOU,Houston Rockets,127,114
0022400730,2025-02-06,Regular Season,1610612743,DEN,Denver Nuggets,1610612753,ORL,Orlando Magic,112,90
0022400731,2025-02-06,Regular Season,1610612747,LAL,Los Angeles Lakers,1610612744,GSW,Golden State Warriors,120,112
0022400732,2025-02-06,Regular Season,1610612757,POR,Portland Trail Blazers,1610612758,SAC,Sacramento Kings,108,102
0022400733,2025-02-06,Regular Season,1610612746,LAC,LA Clippers,1610612754,IND,Indiana Pacers,112,119
0022400734,2025-02-07,Regular Season,1610612766,CHA,Charlotte Hornets,1610612759,SAS,San Antonio Spurs,117,116
0022400735,2025-02-07,Regular Season,1610612764,WAS,Washington Wizards,1610612739,CLE,Cleveland Cavaliers,124,134
0022400736,2025-02-07,Regular Season,1610612737,ATL,Atlanta Hawks,1610612749,MIL,Milwaukee Bucks,115,110
0022400737,2025-02-07,Regular Season,1610612751,BKN,Brooklyn Nets,1610612748,MIA,Miami Heat,102,86
0022400738,2025-02-07,Regular Season,1610612765,DET,Detroit Pistons,1610612755,PHI,Philadelphia 76ers,125,112
0022400739,2025-02-07,Regular Season,1610612760,OKC,Oklahoma City Thunder,1610612761,TOR,Toronto Raptors,121,109
0022400740,2025-02-07,Regular Season,1610612756,PHX,Phoenix Suns,1610612762,UTA,Utah Jazz,135,127
0022400741,2025-02-08,Regular Season,1610612742,DAL,Dallas Mavericks,1610612745,HOU,Houston Rockets,116,105
0022400742,2025-02-08,Regular Season,1610612747,LAL,Los Angeles Lakers,1610612754,IND,Indiana Pacers,124,117
0022400743,2025-02-08,Regular Season,1610612753,ORL,Orlando Magic,1610612759,SAS,San Antonio Spurs,112,111
0022400744,2025-02-08,Regular Season,1610612764,WAS,Washington Wizards,1610612737,ATL,Atlanta Hawks,111,125
0022400745,2025-02-08,Regular Season,1610612741,CHI,Chicago Bulls,1610612744,GSW,Golden State Warriors,111,132
0022400746,2025-02-08,Regular Season,1610612763,MEM,Memphis Grizzlies,1610612760,OKC,Oklahoma City Thunder,112,125
0022400747,2025-02-08,Regular Season,1610612750,MIN,Minnesota Timberwolves,1610612757,POR,Portland Trail Blazers,114,98
0022400748,2025-02-08,Regular Season,1610612752,NYK,New York Knicks,1610612738,BOS,Boston Celtics,104,131
0022400749,2025-02-08,Regular Season,1610612756,PHX,Phoenix Suns,1610612743,DEN,Denver Nuggets,105,122
0022400750,2025-02-08,Regular Season,1610612758,SAC,Sacramento Kings,1610612740,NOP,New Orleans Pelicans,123,118
0022400751,2025-02-08,Regular Season,1610612746,LAC,LA Clippers,1610612762,UTA,Utah Jazz,130,110
0022400752,2025-02-09,Regular Season,1610612765,DET,Detroit Pistons,1610612766,CHA,Charlotte Hornets,112,102
0022400753,2025-02-09,Regular Season,1610612745,HOU,Houston Rockets,1610612761,TOR,Toronto Raptors,94,87
0022400754,2025-02-09,Regular Season,1610612749,MIL,Milwaukee Bucks,1610612755,PHI,Philadelphia 76ers,135,127
0022400755,2025-02-10,Regular Season,1610612739,CLE,Cleveland Cavaliers,1610612750,MIN,Minnesota Timberwolves,128,107
0022400756,2025-02-10,Regular Season,1610612753,ORL,Orlando Magic,1610612737,ATL,Atlanta Hawks,106,112
0022400757,2025-02-10,Regular Season,1610612764,WAS,Washington Wizards,1610612759,SAS,San Antonio Spurs,121,131
0022400758,2025-02-10,Regular Season,1610612751,BKN,Brooklyn Nets,1610612766,CHA,Charlotte Hornets,97,89
0022400759,2025-02-10,Regular Season,1610612748,MIA,Miami Heat,1610612738,BOS,Boston Celtics,85,103
0022400760,2025-02-10,Regular Season,1610612749,MIL,Milwaukee Bucks,1610612744,GSW,Golden State Warriors,111,125
0022400761,2025-02-10,Regular Season,1610612760,OKC,Oklahoma City Thunder,1610612740,NOP,New Orleans Pelicans,137,101
0022400762,2025-02-10,Regular Season,1610612742,DAL,Dallas Mavericks,1610612758,SAC,Sacramento Kings,128,129
0022400763,2025-02-10,Regular Season,1610612743,DEN,Denver Nuggets,1610612757,POR,Portland Trail Blazers,146,117
0022400764,2025-02-11,Regular Season,1610612755,PHI,Philadelphia 76ers,1610612761,TOR,Toronto Raptors,103,106
0022400765,2025-02-11,Regular Season,1610612754,IND,Indiana Pacers,1610612752,NYK,New York Knicks,115,128
0022400766,2025-02-11,Regular Season,1610612741,CHI,Chicago Bulls,1610612765,DET,Detroit Pistons,92,132
0022400767,2025-02-11,Regular Season,1610612756,PHX,Phoenix Suns,1610612763,MEM,Memphis Grizzlies,112,119
0022400768,2025-02-10,Regular Season,1610612747,LAL,Los Angeles Lakers,1610612762,UTA,Utah Jazz,132,113
0022400769,2025-02-12,Regular Season,1610612738,BOS,Boston Celtics,1610612759,SAS,San Antonio Spurs,116,103
0022400770,2025-02-12,Regular Season,1610612753,ORL,Orlando Magic,1610612766,CHA,Charlotte Hornets,102,86
0022400771,2025-02-12,Regular Season,1610612764,WAS,Washington Wizards,1610612754,IND,Indiana Pacers,130,134
0022400772,2025-02-12,Regular Season,1610612751,BKN,Brooklyn Nets,1610612755,PHI,Philadelphia 76ers,100,96
0022400773,2025-02-12,Regular Season,1610612752,NYK,New York Knicks,1610612737,ATL,Atlanta Hawks,149,148
0022400774,2025-02-12,Regular Season,1610612761,TOR,Toronto Raptors,1610612739,CLE,Cleveland Cavaliers,108,131
0022400775,2025-02-12,Regular Season,1610612741,CHI,Chicago Bulls,1610612765,DET,Detroit Pistons,110,128
0022400776,2025-02-12,Regular Season,1610612750,MIN,Minnesota Timberwolves,1610612749,MIL,Milwaukee Bucks,101,103
0022400777,2025-02-12,Regular Season,1610612740,NOP,New Orleans Pelicans,1610612758,SAC,Sacramento Kings,111,119
0022400778,2025-02-12,Regular Season,1610612760,OKC,Oklahoma City Thunder,1610612748,MIA,Miami Heat,115,101
0022400779,2025-02-12,Regular Season,1610612745,HOU,Houston Rockets,1610612756,PHX,Phoenix Suns,119,111
0022400780,2025-02-12,Regular Season,1610612743,DEN,Denver Nuggets,1610612757,POR,Portland Trail Blazers,132,121
0022400781,2025-02-12,Regular Season,1610612762,UTA,Utah Jazz,1610612747,LAL,Los Angeles Lakers,131,119
0022400782,2025-02-12,Regular Season,1610612742,DAL,Dallas Mavericks,1610612744,GSW,Golden State Warriors,111,107
0022400783,2025-02-12,Regular Season,1610612746,LAC,LA Clippers,1610612763,MEM,Memphis Grizzlies,128,114
0022400784,2025-02-13,Regular Season,1610612745,HOU,Houston Rockets,1610612744,GSW,Golden State Warriors,98,105
0022400785,2025-02-13,Regular Season,1610612740,NOP,New Orleans Pelicans,1610612758,SAC,Sacramento Kings,140,133
0022400786,2025-02-13,Regular Season,1610612742,DAL,Dallas Mavericks,1610612748,MIA,Miami Heat,118,113
0022400787,2025-02-13,Regular Season,1610612750,MIN,Minnesota Timberwolves,1610612760,OKC,Oklahoma City Thunder,116,101
0022400788,2025-02-20,Regular Season,1610612754,IND,Indiana Pacers,1610612763,MEM,Memphis Grizzlies,127,113
0022400789,2025-02-20,Regular Season,1610612755,PHI,Philadelphia 76ers,1610612738,BOS,Boston Celtics,104,124
0022400790,2025-02-20,Regular Season,1610612737,ATL,Atlanta Hawks,1610612753,ORL,Orlando Magic,108,114
0022400791,2025-02-20,Regular Season,1610612751,BKN,Brooklyn Nets,1610612739,CLE,Cleveland Cavaliers,97,110
0022400792,2025-02-20,Regular Season,1610612752,NYK,New York Knicks,1610612741,CHI,Chicago Bulls,113,111
0022400793,2025-02-20,Regular Season,1610612749,MIL,Milwaukee Bucks,1610612746,LAC,LA Clippers,116,110
0022400794,2025-02-20,Regular Season,1610612743,DEN,Denver Nuggets,1610612766,CHA,Charlotte Hornets,129,115
0022400795,2025-02-20,Regular Season,1610612759,SAS,San Antonio Spurs,1610612756,PHX,Phoenix Suns,120,109
0022400796,2025-02-20,Regular Season,1610612757,POR,Portland Trail Blazers,1610612747,LAL,Los Angeles Lakers,102,110
0022400797,2025-02-21,Regular Season,1610612739,CLE,Cleveland Cavaliers,1610612752,NYK,New York Knicks,142,105
0022400798,2025-02-21,Regular Season,1610612753,ORL,Orlando Magic,1610612763,MEM,Memphis Grizzlies,104,105
0022400799,2025-02-21,Regular Season,1610612764,WAS,Washington Wizards,1610612749,MIL,Milwaukee Bucks,101,104
0022400800,2025-02-21,Regular Season,1610612761,TOR,Toronto Raptors,1610612748,MIA,Miami Heat,111,120
0022400801,2025-02-21,Regular Season,1610612745,HOU,Houston Rockets,1610612750,MIN,Minnesota Timberwolves,121,115
0022400802,2025-02-21,Regular Season,1610612759,SAS,San Antonio Spurs,1610612765,DET,Detroit Pistons,110,125
0022400803,2025-02-21,Regular Season,1610612742,DAL,Dallas Mavericks,1610612740,NOP,New Orleans Pelicans,111,103
0022400804,2025-02-21,Regular Season,1610612762,UTA,Utah Jazz,1610612760,OKC,Oklahoma City Thunder,107,130
0022400805,2025-02-21,Regular Season,1610612758,SAC,Sacramento Kings,1610612744,GSW,Golden State Warriors,108,132
0022400806,2025-02-22,Regular Season,1610612741,CHI,Chicago Bulls,1610612756,PHX,Phoenix Suns,117,121
0022400807,2025-02-22,Regular Season,1610612755,PHI,Philadelphia 76ers,1610612751,BKN,Brooklyn Nets,103,105
0022400808,2025-02-22,Regular Season,1610612743,DEN,Denver Nuggets,1610612747,LAL,Los Angeles Lakers,100,123
0022400809,2025-02-22,Regular Season,1610612762,UTA,Utah Jazz,1610612745,HOU,Houston Rockets,124,115
0022400810,2025-02-22,Regular Season,1610612757,POR,Portland Trail Blazers,1610612766,CHA,Charlotte Hornets,141,88
0022400811,2025-02-23,Regular Season,1610612738,BOS,Boston Celtics,1610612752,NYK,New York Knicks,118,105
0022400812,2025-02-23,Regular Season,1610612744,GSW,Golden State Warriors,1610612742,DAL,Dallas Mavericks,126,102
0022400813,2025-02-23,Regular Season,1610612754,IND,Indiana Pacers,1610612746,LAC,LA Clippers,129,111
0022400814,2025-02-23,Regular Season,1610612737,ATL,Atlanta Hawks,1610612765,DET,Detroit Pistons,143,148
0022400815,2025-02-23,Regular Season,1610612753,ORL,Orlando Magic,1610612764,WAS,Washington Wizards,110,90
0022400816,2025-02-23,Regular Season,1610612761,TOR,Toronto Raptors,1610612756,PHX,Phoenix Suns,127,109
0022400817,2025-02-23,Regular Season,1610612749,MIL,Milwaukee Bucks,1610612748,MIA,Miami Heat,120,113
0022400818,2025-02-23,Regular Season,1610612740,NOP,New Orleans Pelicans,1610612759,SAS,San Antonio Spurs,114,96
0022400819,2025-02-23,Regular Season,1610612739,CLE,Cleveland Cavaliers,1610612763,MEM,Memphis Grizzlies,129,123
0022400820,2025-02-23,Regular Season,1610612750,MIN,Minnesota Timberwolves,1610612760,OKC,Oklahoma City Thunder,123,130
0022400821,2025-02-24,Regular Season,1610612765,DET,Detroit Pistons,1610612746,LAC,LA Clippers,106,97
0022400822,2025-02-24,Regular Season,1610612754,IND,Indiana Pacers,1610612743,DEN,Denver Nuggets,116,125
0022400823,2025-02-24,Regular Season,1610612755,PHI,Philadelphia 76ers,1610612741,CHI,Chicago Bulls,110,142
0022400824,2025-02-24,Regular Season,1610612764,WAS,Washington Wizards,1610612751,BKN,Brooklyn Nets,107,99
0022400825,2025-02-24,Regular Season,1610612737,ATL,Atlanta Hawks,1610612748,MIA,Miami Heat,98,86
0022400826,2025-02-24,Regular Season,1610612760,OKC,Oklahoma City Thunder,1610612750,MIN,Minnesota Timberwolves,128,131
0022400827,2025-02-24,Regular Season,1610612762,UTA,Utah Jazz,1610612757,POR,Portland Trail Blazers,112,114
0022400828,2025-02-24,Regular Season,1610612758,SAC,Sacramento Kings,1610612766,CHA,Charlotte Hornets,130,88
0022400829,2025-02-25,Regular Season,1610612761,TOR,Toronto Raptors,1610612738,BOS,Boston Celtics,101,111
0022400830,2025-02-25,Regular Season,1610612753,ORL,Orlando Magic,1610612739,CLE,Cleveland Cavaliers,82,122
0022400831,2025-02-25,Regular Season,1610612745,HOU,Houston Rockets,1610612749,MIL,Milwaukee Bucks,100,97
0022400832,2025-02-25,Regular Season,1610612763,MEM,Memphis Grizzlies,1610612756,PHX,Phoenix Suns,151,148
0022400833,2025-02-25,Regular Season,1610612740,NOP,New Orleans Pelicans,1610612759,SAS,San Antonio Spurs,109,103
0022400834,2025-02-25,Regular Season,1610612744,GSW,Golden State Warriors,1610612766,CHA,Charlotte Hornets,128,92
0022400835,2025-02-25,Regular Season,1610612747,LAL,Los Angeles Lakers,1610612742,DAL,Dallas Mavericks,107,99
0022400836,2025-02-26,Regular Season,1610612765,DET,Detroit Pistons,1610612738,BOS,Boston Celtics,117,97
0022400837,2025-02-26,Regular Season,1610612754,IND,Indiana Pacers,1610612761,TOR,Toronto Raptors,111,91
0022400838,2025-02-26,Regular Season,1610612752,NYK,New York Knicks,1610612755,PHI,Philadelphia 76ers,110,105
0022400839,2025-02-26,Regular Season,1610612764,WAS,Washington Wizards,1610612757,POR,Portland Trail Blazers,121,129
0022400840,2025-02-26,Regular Season,1610612751,BKN,Brooklyn Nets,1610612760,OKC,Oklahoma City Thunder,121,129
0022400841,2025-02-26,Regular Season,1610612748,MIA,Miami Heat,1610612737,ATL,Atlanta Hawks,131,109
0022400842,2025-02-26,Regular Season,1610612741,CHI,Chicago Bulls,1610612746,LAC,LA Clippers,117,122
0022400843,2025-02-26,Regular Season,1610612762,UTA,Utah Jazz,1610612758,SAC,Sacramento Kings,101,118
0022400844,2025-02-26,Regular Season,1610612745,HOU,Houston Rockets,1610612759,SAS,San Antonio Spurs,118,106
0022400845,2025-02-27,Regular Season,1610612753,ORL,Orlando Magic,1610612744,GSW,Golden State Warriors,115,121
0022400846,2025-02-27,Regular Season,1610612749,MIL,Milwaukee Bucks,1610612743,DEN,Denver Nuggets,121,112
0022400847,2025-02-27,Regular Season,1610612742,DAL,Dallas Mavericks,1610612766,CHA,Charlotte Hornets,103,96
0022400848,2025-02-27,Regular Season,1610612756,PHX,Phoenix Suns,1610612740,NOP,New Orleans Pelicans,116,124
0022400849,2025-02-27,Regular Season,1610612747,LAL,Los Angeles Lakers,1610612750,MIN,Minnesota Timberwolves,111,102
0022400850,2025-02-28,Regular Season,1610612765,DET,Detroit Pistons,1610612743,DEN,Denver Nuggets,119,134
0022400851,2025-02-28,Regular Season,1610612737,ATL,Atlanta Hawks,1610612760,OKC,Oklahoma City Thunder,119,135
0022400852,2025-02-28,Regular Season,1610612738,BOS,Boston Celtics,1610612739,CLE,Cleveland Cavaliers,116,123
0022400853,2025-02-28,Regular Season,1610612751,BKN,Brooklyn Nets,1610612757,POR,Portland Trail Blazers,102,121
0022400854,2025-02-28,Regular Season,1610612748,MIA,Miami Heat,1610612754,IND,Indiana Pacers,125,120
0022400855,2025-02-28,Regular Season,1610612741,CHI,Chicago Bulls,1610612761,TOR,Toronto Raptors,125,115
0022400856,2025-02-28,Regular Season,1610612763,MEM,Memphis Grizzlies,1610612752,NYK,New York Knicks,113,114
0022400857,2025-02-28,Regular Season,1610612756,PHX,Phoenix Suns,1610612740,NOP,New Orleans Pelicans,125,108
0022400858,2025-02-28,Regular Season,1610612762,UTA,Utah Jazz,1610612750,MIN,Minnesota Timberwolves,117,116
0022400859,2025-02-28,Regular Season,1610612747,LAL,Los Angeles Lakers,1610612746,LAC,LA Clippers,106,102
0022400860,2025-03-01,Regular Season,1610612766,CHA,Charlotte Hornets,1610612764,WAS,Washington Wizards,100,113
0022400861,2025-03-01,Regular Season,1610612765,DET,Detroit Pistons,1610612751,BKN,Brooklyn Nets,115,94
0022400862,2025-03-01,Regular Season,1610612745,HOU,Houston Rockets,1610612758,SAC,Sacramento Kings,103,113
0022400863,2025-03-01,Regular Season,1610612763,MEM,Memphis Grizzlies,1610612759,SAS,San Antonio Spurs,128,130
0022400864,2025-03-01,Regular Season,1610612755,PHI,Philadelphia 76ers,1610612744,GSW,Golden State Warriors,126,119
0022400865,2025-03-01,Regular Season,1610612742,DAL,Dallas Mavericks,1610612749,MIL,Milwaukee Bucks,117,132
0022400866,2025-03-02,Regular Season,1610612738,BOS,Boston Celtics,1610612743,DEN,Denver Nuggets,110,103
0022400867,2025-03-02,Regular Season,1610612739,CLE,Cleveland Cavaliers,1610612757,POR,Portland Trail Blazers,133,129
0022400868,2025-03-02,Regular Season,1610612754,IND,Indiana Pacers,1610612741,CHI,Chicago Bulls,127,112
0022400869,2025-03-02,Regular Season,1610612748,MIA,Miami Heat,1610612752,NYK,New York Knicks,112,116
0022400870,2025-03-02,Regular Season,1610612753,ORL,Orlando Magic,1610612761,TOR,Toronto Raptors,102,104
0022400871,2025-03-02,Regular Season,1610612759,SAS,San Antonio Spurs,1610612760,OKC,Oklahoma City Thunder,132,146
0022400872,2025-03-02,Regular Season,1610612762,UTA,Utah Jazz,1610612740,NOP,New Orleans Pelicans,121,128
0022400873,2025-03-02,Regular Season,1610612756,PHX,Phoenix Suns,1610612750,MIN,Minnesota Timberwolves,98,116
0022400874,2025-03-02,Regular Season,1610612747,LAL,Los Angeles Lakers,1610612746,LAC,LA Clippers,108,102
0022400875,2025-03-03,Regular Season,1610612766,CHA,Charlotte Hornets,1610612744,GSW,Golden State Warriors,101,119
0022400876,2025-03-03,Regular Season,1610612755,PHI,Philadelphia 76ers,1610612757,POR,Portland Trail Blazers,102,119
0022400877,2025-03-03,Regular Season,1610612748,MIA,Miami Heat,1610612764,WAS,Washington Wizards,106,90
0022400878,2025-03-03,Regular Season,1610612763,MEM,Memphis Grizzlies,1610612737,ATL,Atlanta Hawks,130,132
0022400879,2025-03-03,Regular Season,1610612760,OKC,Oklahoma City Thunder,1610612745,HOU,Houston Rockets,137,128
0022400880,2025-03-03,Regular Season,1610612742,DAL,Dallas Mavericks,1610612758,SAC,Sacramento Kings,98,122
0022400881,2025-03-03,Regular Season,1610612762,UTA,Utah Jazz,1610612765,DET,Detroit Pistons,106,134
0022400882,2025-03-04,Regular Season,1610612754,IND,Indiana Pacers,1610612745,HOU,Houston Rockets,115,102
0022400883,2025-03-04,Regular Season,1610612753,ORL,Orlando Magic,1610612761,TOR,Toronto Raptors,113,114
0022400884,2025-03-04,Regular Season,1610612737,ATL,Atlanta Hawks,1610612749,MIL,Milwaukee Bucks,121,127
0022400885,2025-03-04,Regular Season,1610612752,NYK,New York Knicks,1610612744,GSW,Golden State Warriors,102,114
0022400886,2025-03-04,Regular Season,1610612741,CHI,Chicago Bulls,1610612739,CLE,Cleveland Cavaliers,117,139
0022400887,2025-03-04,Regular Season,1610612750,MIN,Minnesota Timberwolves,1610612755,PHI,Philadelphia 76ers,126,112
0022400888,2025-03-04,Regular Season,1610612759,SAS,San Antonio Spurs,1610612751,BKN,Brooklyn Nets,127,113
0022400889,2025-03-04,Regular Season,1610612756,PHX,Phoenix Suns,1610612746,LAC,LA Clippers,119,117
0022400890,2025-03-04,Regular Season,1610612747,LAL,Los Angeles Lakers,1610612740,NOP,New Orleans Pelicans,136,115
0022400891,2025-03-05,Regular Season,1610612738,BOS,Boston Celtics,1610612757,POR,Portland Trail Blazers,128,118
0022400892,2025-03-05,Regular Season,1610612766,CHA,Charlotte Hornets,1610612750,MIN,Minnesota Timberwolves,110,125
0022400893,2025-03-05,Regular Season,1610612739,CLE,Cleveland Cavaliers,1610612748,MIA,Miami Heat,112,107
0022400894,2025-03-05,Regular Season,1610612764,WAS,Washington Wizards,1610612762,UTA,Utah Jazz,125,122
0022400895,2025-03-05,Regular Season,1610612763,MEM,Memphis Grizzlies,1610612760,OKC,Oklahoma City Thunder,103,120
0022400896,2025-03-05,Regular Season,1610612743,DEN,Denver Nuggets,1610612758,SAC,Sacramento Kings,116,110
0022400897,2025-03-05,Regular Season,1610612749,MIL,Milwaukee Bucks,1610612742,DAL,Dallas Mavericks,137,107
0022400898,2025-03-05,Regular Season,1610612746,LAC,LA Clippers,1610612765,DET,Detroit Pistons,123,115
0022400899,2025-03-06,Regular Season,1610612737,ATL,Atlanta Hawks,1610612754,IND,Indiana Pacers,124,118
0022400900,2025-03-06,Regular Season,1610612738,BOS,Boston Celtics,1610612755,PHI,Philadelphia 76ers,123,105
0022400901,2025-03-06,Regular Season,1610612751,BKN,Brooklyn Nets,1610612744,GSW,Golden State Warriors,119,121
0022400902,2025-03-06,Regular Season,1610612740,NOP,New Orleans Pelicans,1610612745,HOU,Houston Rockets,97,109
0022400903,2025-03-06,Regular Season,1610612747,LAL,Los Angeles Lakers,1610612752,NYK,New York Knicks,113,109
0022400904,2025-03-07,Regular Season,1610612766,CHA,Charlotte Hornets,1610612739,CLE,Cleveland Cavaliers,117,118
0022400905,2025-03-07,Regular Season,1610612761,TOR,Toronto Raptors,1610612762,UTA,Utah Jazz,118,109
0022400906,2025-03-07,Regular Season,1610612742,DAL,Dallas Mavericks,1610612763,MEM,Memphis Grizzlies,111,122
0022400907,2025-03-07,Regular Season,1610612748,MIA,Miami Heat,1610612750,MIN,Minnesota Timberwolves,104,106
0022400908,2025-03-07,Regular Season,1610612760,OKC,Oklahoma City Thunder,1610612757,POR,Portland Trail Blazers,107,89
0022400909,2025-03-07,Regular Season,1610612743,DEN,Denver Nuggets,1610612756,PHX,Phoenix Suns,149,141
0022400910,2025-03-07,Regular Season,1610612758,SAC,Sacramento Kings,1610612759,SAS,San Antonio Spurs,127,109
0022400911,2025-03-07,Regular Season,1610612746,LAC,LA Clippers,1610612752,NYK,New York Knicks,105,95
0022400912,2025-03-08,Regular Season,1610612766,CHA,Charlotte Hornets,1610612751,BKN,Brooklyn Nets,105,102
0022400913,2025-03-08,Regular Season,1610612745,HOU,Houston Rockets,1610612740,NOP,New Orleans Pelicans,146,117
0022400914,2025-03-08,Regular Season,1610612737,ATL,Atlanta Hawks,1610612754,IND,Indiana Pacers,120,118
0022400915,2025-03-08,Regular Season,1610612761,TOR,Toronto Raptors,1610612764,WAS,Washington Wizards,117,118
0022400916,2025-03-08,Regular Season,1610612748,MIA,Miami Heat,1610612741,CHI,Chicago Bulls,109,114
0022400917,2025-03-08,Regular Season,1610612749,MIL,Milwaukee Bucks,1610612753,ORL,Orlando Magic,109,111
0022400918,2025-03-08,Regular Season,1610612738,BOS,Boston Celtics,1610612747,LAL,Los Angeles Lakers,111,101
0022400919,2025-03-08,Regular Season,1610612744,GSW,Golden State Warriors,1610612765,DET,Detroit Pistons,115,110
0022400920,2025-03-09,Regular Season,1610612760,OKC,Oklahoma City Thunder,1610612743,DEN,Denver Nuggets,127,103
0022400921,2025-03-09,Regular Season,1610612742,DAL,Dallas Mavericks,1610612756,PHX,Phoenix Suns,116,125
0022400922,2025-03-09,Regular Season,1610612749,MIL,Milwaukee Bucks,1610612739,CLE,Cleveland Cavaliers,100,112
0022400923,2025-03-09,Regular Season,1610612740,NOP,New Orleans Pelicans,1610612763,MEM,Memphis Grizzlies,104,107
0022400924,2025-03-09,Regular Season,1610612755,PHI,Philadelphia 76ers,1610612762,UTA,Utah Jazz,126,122
0022400925,2025-03-09,Regular Season,1610612750,MIN,Minnesota Timberwolves,1610612759,SAS,San Antonio Spurs,141,124
0022400926,2025-03-09,Regular Season,1610612757,POR,Portland Trail Blazers,1610612765,DET,Detroit Pistons,112,119
0022400927,2025-03-09,Regular Season,1610612746,LAC,LA Clippers,1610612758,SAC,Sacramento Kings,111,110
0022400928,2025-03-10,Regular Season,1610612737,ATL,Atlanta Hawks,1610612755,PHI,Philadelphia 76ers,132,123
0022400929,2025-03-10,Regular Season,1610612738,BOS,Boston Celtics,1610612762,UTA,Utah Jazz,114,108
0022400930,2025-03-10,Regular Season,1610612751,BKN,Brooklyn Nets,1610612747,LAL,Los Angeles Lakers,111,108
0022400931,2025-03-10,Regular Season,1610612748,MIA,Miami Heat,1610612766,CHA,Charlotte Hornets,102,105
0022400932,2025-03-10,Regular Season,1610612761,TOR,Toronto Raptors,1610612764,WAS,Washington Wizards,119,104
0022400933,2025-03-10,Regular Season,1610612741,CHI,Chicago Bulls,1610612754,IND,Indiana Pacers,121,103
0022400934,2025-03-10,Regular Season,1610612745,HOU,Houston Rockets,1610612753,ORL,Orlando Magic,97,84
0022400935,2025-03-10,Regular Season,1610612763,MEM,Memphis Grizzlies,1610612756,PHX,Phoenix Suns,120,118
0022400936,2025-03-10,Regular Season,1610612760,OKC,Oklahoma City Thunder,1610612743,DEN,Denver Nuggets,127,140
0022400937,2025-03-10,Regular Season,1610612759,SAS,San Antonio Spurs,1610612742,DAL,Dallas Mavericks,129,133
0022400938,2025-03-10,Regular Season,1610612744,GSW,Golden State Warriors,1610612757,POR,Portland Trail Blazers,130,120
0022400939,2025-03-10,Regular Season,1610612758,SAC,Sacramento Kings,1610612752,NYK,New York Knicks,104,133
0022400940,2025-03-11,Regular Season,1610612739,CLE,Cleveland Cavaliers,1610612751,BKN,Brooklyn Nets,109,104
0022400941,2025-03-11,Regular Season,1610612765,DET,Detroit Pistons,1610612764,WAS,Washington Wizards,123,103
0022400942,2025-03-11,Regular Season,1610612754,IND,Indiana Pacers,1610612749,MIL,Milwaukee Bucks,115,114
0022400943,2025-03-11,Regular Season,1610612740,NOP,New Orleans Pelicans,1610612746,LAC,LA Clippers,127,120
0022400944,2025-03-06,Regular Season,1610612753,ORL,Orlando Magic,1610612741,CHI,Chicago Bulls,123,125
0022400945,2025-03-12,Regular Season,1610612737,ATL,Atlanta Hawks,1610612766,CHA,Charlotte Hornets,123,110
0022400946,2025-03-12,Regular Season,1610612738,BOS,Boston Celtics,1610612760,OKC,Oklahoma City Thunder,112,118
0022400947,2025-03-12,Regular Season,1610612761,TOR,Toronto Raptors,1610612755,PHI,Philadelphia 76ers,118,105
0022400948,2025-03-12,Regular Season,1610612748,MIA,Miami Heat,1610612746,LAC,LA Clippers,104,119
0022400949,2025-03-12,Regular Season,1610612745,HOU,Houston Rockets,1610612756,PHX,Phoenix Suns,111,104
0022400950,2025-03-12,Regular Season,1610612763,MEM,Memphis Grizzlies,1610612762,UTA,Utah Jazz,122,115
0022400951,2025-03-12,Regular Season,1610612759,SAS,San Antonio Spurs,1610612742,DAL,Dallas Mavericks,126,116
0022400952,2025-03-12,Regular Season,1610612743,DEN,Denver Nuggets,1610612750,MIN,Minnesota Timberwolves,95,115
0022400953,2025-03-12,Regular Season,1610612757,POR,Portland Trail Blazers,1610612752,NYK,New York Knicks,113,114
0022400954,2025-03-13,Regular Season,1610612765,DET,Detroit Pistons,1610612764,WAS,Washington Wizards,125,129
0022400955,2025-03-13,Regular Season,1610612749,MIL,Milwaukee Bucks,1610612747,LAL,Los Angeles Lakers,126,106
0022400956,2025-03-13,Regular Season,1610612741,CHI,Chicago Bulls,1610612751,BKN,Brooklyn Nets,116,110
0022400957,2025-03-13,Regular Season,1610612744,GSW,Golden State Warriors,1610612758,SAC,Sacramento Kings,130,104
0022400958,2025-03-14,Regular Season,1610612748,MIA,Miami Heat,1610612738,BOS,Boston Celtics,91,103
0022400959,2025-03-14,Regular Season,1610612755,PHI,Philadelphia 76ers,1610612754,IND,Indiana Pacers,100,112
0022400960,2025-03-14,Regular Season,1610612737,ATL,Atlanta Hawks,1610612746,LAC,LA Clippers,98,121
0022400961,2025-03-14,Regular Season,1610612745,HOU,Houston Rockets,1610612742,DAL,Dallas Mavericks,133,96
0022400962,2025-03-14,Regular Season,1610612763,MEM,Memphis Grizzlies,1610612739,CLE,Cleveland Cavaliers,124,133
0022400963,2025-03-14,Regular Season,1610612750,MIN,Minnesota Timberwolves,1610612753,ORL,Orlando Magic,118,111
0022400964,2025-03-14,Regular Season,1610612759,SAS,San Antonio Spurs,1610612766,CHA,Charlotte Hornets,134,145
0022400965,2025-03-14,Regular Season,1610612743,DEN,Denver Nuggets,1610612747,LAL,Los Angeles Lakers,131,126
0022400966,2025-03-14,Regular Season,1610612762,UTA,Utah Jazz,1610612761,TOR,Toronto Raptors,118,126
0022400967,2025-03-14,Regular Season,1610612756,PHX,Phoenix Suns,1610612758,SAC,Sacramento Kings,122,106
0022400968,2025-03-15,Regular Season,1610612751,BKN,Brooklyn Nets,1610612738,BOS,Boston Celtics,113,115
0022400969,2025-03-15,Regular Season,1610612765,DET,Detroit Pistons,1610612760,OKC,Oklahoma City Thunder,107,113
0022400970,2025-03-15,Regular Season,1610612745,HOU,Houston Rockets,1610612741,CHI,Chicago Bulls,117,114
0022400971,2025-03-15,Regular Season,1610612763,MEM,Memphis Grizzlies,1610612748,MIA,Miami Heat,125,91
0022400972,2025-03-15,Regular Season,1610612749,MIL,Milwaukee Bucks,1610612754,IND,Indiana Pacers,126,119
0022400973,2025-03-15,Regular Season,1610612759,SAS,San Antonio Spurs,1610612740,NOP,New Orleans Pelicans,119,115
0022400974,2025-03-15,Regular Season,1610612744,GSW,Golden State Warriors,1610612752,NYK,New York Knicks,97,94
0022400975,2025-03-15,Regular Season,1610612743,DEN,Denver Nuggets,1610612764,WAS,Washington Wizards,123,126
0022400976,2025-03-16,Regular Season,1610612742,DAL,Dallas Mavericks,1610612755,PHI,Philadelphia 76ers,125,130
0022400977,2025-03-16,Regular Season,1610612747,LAL,Los Angeles Lakers,1610612756,PHX,Phoenix Suns,107,96
0022400978,2025-03-16,Regular Season,1610612751,BKN,Brooklyn Nets,1610612737,ATL,Atlanta Hawks,122,114
0022400979,2025-03-16,Regular Season,1610612739,CLE,Cleveland Cavaliers,1610612753,ORL,Orlando Magic,103,108
0022400980,2025-03-16,Regular Season,1610612757,POR,Portland Trail Blazers,1610612761,TOR,Toronto Raptors,105,102
0022400981,2025-03-16,Regular Season,1610612750,MIN,Minnesota Timberwolves,1610612762,UTA,Utah Jazz,128,102
0022400982,2025-03-16,Regular Season,1610612749,MIL,Milwaukee Bucks,1610612760,OKC,Oklahoma City Thunder,105,121
0022400983,2025-01-23,Regular Season,1610612746,LAC,LA Clippers,1610612764,WAS,Washington Wizards,110,93
0022400984,2025-03-17,Regular Season,1610612752,NYK,New York Knicks,1610612748,MIA,Miami Heat,116,95
0022400985,2025-03-17,Regular Season,1610612745,HOU,Houston Rockets,1610612755,PHI,Philadelphia 76ers,144,137
0022400986,2025-03-17,Regular Season,1610612750,MIN,Minnesota Timberwolves,1610612754,IND,Indiana Pacers,130,132
0022400987,2025-03-17,Regular Season,1610612740,NOP,New Orleans Pelicans,1610612765,DET,Detroit Pistons,81,127
0022400988,2025-04-01,Regular Season,1610612759,SAS,San Antonio Spurs,1610612753,ORL,Orlando Magic,105,116
0022400989,2025-03-17,Regular Season,1610612762,UTA,Utah Jazz,1610612741,CHI,Chicago Bulls,97,111
0022400990,2025-03-17,Regular Season,1610612744,GSW,Golden State Warriors,1610612743,DEN,Denver Nuggets,105,114
0022400991,2025-03-17,Regular Season,1610612756,PHX,Phoenix Suns,1610612761,TOR,Toronto Raptors,129,89
0022400992,2025-03-17,Regular Season,1610612758,SAC,Sacramento Kings,1610612763,MEM,Memphis Grizzlies,132,122
0022400993,2025-03-18,Regular Season,1610612766,CHA,Charlotte Hornets,1610612737,ATL,Atlanta Hawks,102,134
0022400994,2025-03-18,Regular Season,1610612738,BOS,Boston Celtics,1610612751,BKN,Brooklyn Nets,104,96
0022400995,2025-03-17,Regular Season,1610612757,POR,Portland Trail Blazers,1610612764,WAS,Washington Wizards,112,97
0022400996,2025-03-20,Regular Season,1610612747,LAL,Los Angeles Lakers,1610612749,MIL,Milwaukee Bucks,89,118
0022400997,2025-03-18,Regular Season,1610612746,LAC,LA Clippers,1610612739,CLE,Cleveland Cavaliers,132,119
0022400998,2025-03-19,Regular Season,1610612754,IND,Indiana Pacers,1610612742,DAL,Dallas Mavericks,135,131
0022400999,2025-03-19,Regular Season,1610612753,ORL,Orlando Magic,1610612745,HOU,Houston Rockets,108,116
0022401000,2025-03-19,Regular Season,1610612748,MIA,Miami Heat,1610612765,DET,Detroit Pistons,113,116
0022401001,2025-03-19,Regular Season,1610612750,MIN,Minnesota Timberwolves,1610612740,NOP,New Orleans Pelicans,115,119
0022401002,2025-03-19,Regular Season,1610612760,OKC,Oklahoma City Thunder,1610612755,PHI,Philadelphia 76ers,133,100
0022401003,2025-03-19,Regular Season,1610612759,SAS,San Antonio Spurs,1610612752,NYK,New York Knicks,120,105
0022401004,2025-02-13,Regular Season,1610612762,UTA,Utah Jazz,1610612746,LAC,LA Clippers,116,120
0022401005,2025-03-20,Regular Season,1610612744,GSW,Golden State Warriors,1610612761,TOR,Toronto Raptors,117,114
0022401006,2025-03-19,Regular Season,1610612747,LAL,Los Angeles Lakers,1610612743,DEN,Denver Nuggets,120,108
0022401007,2025-03-19,Regular Season,1610612756,PHX,Phoenix Suns,1610612741,CHI,Chicago Bulls,127,121
0022401008,2025-03-19,Regular Season,1610612757,POR,Portland Trail Blazers,1610612763,MEM,Memphis Grizzlies,115,99
0022401009,2025-03-19,Regular Season,1610612758,SAC,Sacramento Kings,1610612739,CLE,Cleveland Cavaliers,123,119
0022401010,2025-03-20,Regular Season,1610612766,CHA,Charlotte Hornets,1610612752,NYK,New York Knicks,115,98
0022401011,2025-03-20,Regular Season,1610612754,IND,Indiana Pacers,1610612751,BKN,Brooklyn Nets,105,99
0022401012,2025-03-18,Regular Season,1610612744,GSW,Golden State Warriors,1610612749,MIL,Milwaukee Bucks,104,93
0022401013,2025-03-20,Regular Season,1610612758,SAC,Sacramento Kings,1610612741,CHI,Chicago Bulls,116,128
0022401014,2025-03-21,Regular Season,1610612764,WAS,Washington Wizards,1610612753,ORL,Orlando Magic,105,120
0022401015,2025-03-21,Regular Season,1610612748,MIA,Miami Heat,1610612745,HOU,Houston Rockets,98,102
0022401016,2025-03-21,Regular Season,1610612750,MIN,Minnesota Timberwolves,1610612740,NOP,New Orleans Pelicans,134,93
0022401017,2025-03-21,Regular Season,1610612760,OKC,Oklahoma City Thunder,1610612766,CHA,Charlotte Hornets,141,106
0022401018,2025-03-21,Regular Season,1610612759,SAS,San Antonio Spurs,1610612755,PHI,Philadelphia 76ers,128,120
0022401019,2025-03-21,Regular Season,1610612742,DAL,Dallas Mavericks,1610612765,DET,Detroit Pistons,123,117
0022401020,2025-03-21,Regular Season,1610612762,UTA,Utah Jazz,1610612738,BOS,Boston Celtics,99,121
0022401021,2025-03-21,Regular Season,1610612756,PHX,Phoenix Suns,1610612739,CLE,Cleveland Cavaliers,123,112
0022401022,2025-03-21,Regular Season,1610612757,POR,Portland Trail Blazers,1610612743,DEN,Denver Nuggets,128,109
0022401023,2025-03-21,Regular Season,1610612746,LAC,LA Clippers,1610612763,MEM,Memphis Grizzlies,128,108
0022401024,2025-03-22,Regular Season,1610612754,IND,Indiana Pacers,1610612751,BKN,Brooklyn Nets,108,103
0022401025,2025-03-22,Regular Season,1610612737,ATL,Atlanta Hawks,1610612744,GSW,Golden State Warriors,124,115
0022401026,2025-03-22,Regular Season,1610612752,NYK,New York Knicks,1610612764,WAS,Washington Wizards,122,103
0022401027,2025-03-22,Regular Season,1610612758,SAC,Sacramento Kings,1610612749,MIL,Milwaukee Bucks,108,114
0022401028,2025-03-22,Regular Season,1610612747,LAL,Los Angeles Lakers,1610612741,CHI,Chicago Bulls,115,146
0022401029,2025-03-23,Regular Season,1610612765,DET,Detroit Pistons,1610612740,NOP,New Orleans Pelicans,136,130
0022401030,2025-03-23,Regular Season,1610612762,UTA,Utah Jazz,1610612739,CLE,Cleveland Cavaliers,91,120
0022401031,2025-03-23,Regular Season,1610612737,ATL,Atlanta Hawks,1610612755,PHI,Philadelphia 76ers,132,119
0022401032,2025-03-23,Regular Season,1610612748,MIA,Miami Heat,1610612766,CHA,Charlotte Hornets,122,105
0022401033,2025-03-23,Regular Season,1610612761,TOR,Toronto Raptors,1610612759,SAS,San Antonio Spurs,89,123
0022401034,2025-03-23,Regular Season,1610612757,POR,Portland Trail Blazers,1610612738,BOS,Boston Celtics,116,129
0022401035,2025-03-23,Regular Season,1610612745,HOU,Houston Rockets,1610612743,DEN,Denver Nuggets,111,116
0022401036,2025-03-23,Regular Season,1610612746,LAC,LA Clippers,1610612760,OKC,Oklahoma City Thunder,101,103
0022401037,2025-03-24,Regular Season,1610612754,IND,Indiana Pacers,1610612750,MIN,Minnesota Timberwolves,119,103
0022401038,2025-03-24,Regular Season,1610612753,ORL,Orlando Magic,1610612747,LAL,Los Angeles Lakers,118,106
0022401039,2025-03-24,Regular Season,1610612764,WAS,Washington Wizards,1610612761,TOR,Toronto Raptors,104,112
0022401040,2025-03-24,Regular Season,1610612751,BKN,Brooklyn Nets,1610612742,DAL,Dallas Mavericks,101,120
0022401041,2025-03-24,Regular Season,1610612740,NOP,New Orleans Pelicans,1610612755,PHI,Philadelphia 76ers,112,99
0022401042,2025-03-24,Regular Season,1610612743,DEN,Denver Nuggets,1610612741,CHI,Chicago Bulls,119,129
0022401043,2025-03-24,Regular Season,1610612756,PHX,Phoenix Suns,1610612749,MIL,Milwaukee Bucks,108,106
0022401044,2025-03-24,Regular Season,1610612758,SAC,Sacramento Kings,1610612738,BOS,Boston Celtics,95,113
0022401045,2025-03-25,Regular Season,1610612766,CHA,Charlotte Hornets,1610612753,ORL,Orlando Magic,104,111
0022401046,2025-03-25,Regular Season,1610612765,DET,Detroit Pistons,1610612759,SAS,San Antonio Spurs,122,96
0022401047,2025-03-25,Regular Season,1610612748,MIA,Miami Heat,1610612744,GSW,Golden State Warriors,112,86
0022401048,2025-03-25,Regular Season,1610612752,NYK,New York Knicks,1610612742,DAL,Dallas Mavericks,128,113
0022401049,2025-03-25,Regular Season,1610612745,HOU,Houston Rockets,1610612737,ATL,Atlanta Hawks,121,114
0022401050,2025-03-25,Regular Season,1610612762,UTA,Utah Jazz,1610612763,MEM,Memphis Grizzlies,103,140
0022401051,2025-03-25,Regular Season,1610612757,POR,Portland Trail Blazers,1610612739,CLE,Cleveland Cavaliers,111,122
0022401052,2025-03-25,Regular Season,1610612758,SAC,Sacramento Kings,1610612760,OKC,Oklahoma City Thunder,105,121
0022401053,2025-03-26,Regular Season,1610612755,PHI,Philadelphia 76ers,1610612764,WAS,Washington Wizards,114,119
0022401054,2025-03-26,Regular Season,1610612751,BKN,Brooklyn Nets,1610612761,TOR,Toronto Raptors,86,116
0022401055,2025-03-26,Regular Season,1610612754,IND,Indiana Pacers,1610612747,LAL,Los Angeles Lakers,119,120
0022401056,2025-03-26,Regular Season,1610612752,NYK,New York Knicks,1610612746,LAC,LA Clippers,113,126
0022401057,2025-03-26,Regular Season,1610612743,DEN,Denver Nuggets,1610612749,MIL,Milwaukee Bucks,127,117
0022401058,2025-03-26,Regular Season,1610612756,PHX,Phoenix Suns,1610612738,BOS,Boston Celtics,102,132
0022401059,2025-03-27,Regular Season,1610612739,CLE,Cleveland Cavaliers,1610612759,SAS,San Antonio Spurs,124,116
0022401060,2025-03-27,Regular Season,1610612753,ORL,Orlando Magic,1610612742,DAL,Dallas Mavericks,92,101
0022401061,2025-03-27,Regular Season,1610612764,WAS,Washington Wizards,1610612754,IND,Indiana Pacers,109,162
0022401062,2025-03-27,Regular Season,1610612748,MIA,Miami Heat,1610612737,ATL,Atlanta Hawks,122,112
0022401063,2025-03-27,Regular Season,1610612741,CHI,Chicago Bulls,1610612747,LAL,Los Angeles Lakers,119,117
0022401064,2025-03-27,Regular Season,1610612760,OKC,Oklahoma City Thunder,1610612763,MEM,Memphis Grizzlies,125,104
0022401065,2025-03-27,Regular Season,1610612762,UTA,Utah Jazz,1610612745,HOU,Houston Rockets,110,121
0022401066,2025-03-27,Regular Season,1610612758,SAC,Sacramento Kings,1610612757,POR,Portland Trail Blazers,128,107
0022401067,2025-03-28,Regular Season,1610612765,DET,Detroit Pistons,1610612739,CLE,Cleveland Cavaliers,133,122
0022401068,2025-03-28,Regular Season,1610612751,BKN,Brooklyn Nets,1610612746,LAC,LA Clippers,100,132
0022401069,2025-03-28,Regular Season,1610612761,TOR,Toronto Raptors,1610612766,CHA,Charlotte Hornets,108,97
0022401070,2025-03-28,Regular Season,1610612749,MIL,Milwaukee Bucks,1610612752,NYK,New York Knicks,107,116
0022401071,2025-03-28,Regular Season,1610612750,MIN,Minnesota Timberwolves,1610612756,PHX,Phoenix Suns,124,109
0022401072,2025-03-28,Regular Season,1610612740,NOP,New Orleans Pelicans,1610612744,GSW,Golden State Warriors,95,111
0022401073,2025-03-28,Regular Season,1610612743,DEN,Denver Nuggets,1610612762,UTA,Utah Jazz,129,93
0022401074,2025-03-29,Regular Season,1610612753,ORL,Orlando Magic,1610612758,SAC,Sacramento Kings,121,91
0022401075,2025-03-29,Regular Season,1610612764,WAS,Washington Wizards,1610612751,BKN,Brooklyn Nets,112,115
0022401076,2025-03-29,Regular Season,1610612755,PHI,Philadelphia 76ers,1610612748,MIA,Miami Heat,95,118
0022401077,2025-03-29,Regular Season,1610612741,CHI,Chicago Bulls,1610612742,DAL,Dallas Mavericks,119,120
0022401078,2025-03-29,Regular Season,1610612763,MEM,Memphis Grizzlies,1610612747,LAL,Los Angeles Lakers,127,134
0022401079,2025-03-29,Regular Season,1610612760,OKC,Oklahoma City Thunder,1610612754,IND,Indiana Pacers,132,111
0022401080,2025-03-29,Regular Season,1610612759,SAS,San Antonio Spurs,1610612738,BOS,Boston Celtics,111,121
0022401081,2025-03-30,Regular Season,1610612739,CLE,Cleveland Cavaliers,1610612746,LAC,LA Clippers,127,122
0022401082,2025-03-30,Regular Season,1610612752,NYK,New York Knicks,1610612757,POR,Portland Trail Blazers,110,93
0022401083,2025-03-30,Regular Season,1610612749,MIL,Milwaukee Bucks,1610612737,ATL,Atlanta Hawks,124,145
0022401084,2025-03-30,Regular Season,1610612750,MIN,Minnesota Timberwolves,1610612765,DET,Detroit Pistons,123,104
0022401085,2025-03-30,Regular Season,1610612740,NOP,New Orleans Pelicans,1610612766,CHA,Charlotte Hornets,98,94
0022401086,2025-03-30,Regular Season,1610612759,SAS,San Antonio Spurs,1610612744,GSW,Golden State Warriors,106,148
0022401087,2025-03-30,Regular Season,1610612755,PHI,Philadelphia 76ers,1610612761,TOR,Toronto Raptors,109,127
0022401088,2025-03-30,Regular Season,1610612756,PHX,Phoenix Suns,1610612745,HOU,Houston Rockets,109,148
0022401089,2025-03-31,Regular Season,1610612766,CHA,Charlotte Hornets,1610612762,UTA,Utah Jazz,110,106
0022401090,2025-03-31,Regular Season,1610612754,IND,Indiana Pacers,1610612758,SAC,Sacramento Kings,111,109
0022401091,2025-03-31,Regular Season,1610612753,ORL,Orlando Magic,1610612746,LAC,LA Clippers,87,96
0022401092,2025-03-31,Regular Season,1610612764,WAS,Washington Wizards,1610612748,MIA,Miami Heat,94,120
0022401093,2025-03-31,Regular Season,1610612763,MEM,Memphis Grizzlies,1610612738,BOS,Boston Celtics,103,117
0022401094,2025-03-31,Regular Season,1610612760,OKC,Oklahoma City Thunder,1610612741,CHI,Chicago Bulls,145,117
0022401095,2025-03-31,Regular Season,1610612742,DAL,Dallas Mavericks,1610612751,BKN,Brooklyn Nets,109,113
0022401096,2025-03-31,Regular Season,1610612747,LAL,Los Angeles Lakers,1610612745,HOU,Houston Rockets,104,98
0022401097,2025-04-01,Regular Season,1610612737,ATL,Atlanta Hawks,1610612757,POR,Portland Trail Blazers,113,127
0022401098,2025-04-01,Regular Season,1610612752,NYK,New York Knicks,1610612755,PHI,Philadelphia 76ers,105,91
0022401099,2025-04-01,Regular Season,1610612741,CHI,Chicago Bulls,1610612761,TOR,Toronto Raptors,137,118
0022401100,2025-04-01,Regular Season,1610612763,MEM,Memphis Grizzlies,1610612744,GSW,Golden State Warriors,125,134
0022401101,2025-04-01,Regular Season,1610612749,MIL,Milwaukee Bucks,1610612756,PHX,Phoenix Suns,133,123
0022401102,2025-04-01,Regular Season,1610612743,DEN,Denver Nuggets,1610612750,MIN,Minnesota Timberwolves,139,140
0022401103,2025-04-02,Regular Season,1610612739,CLE,Cleveland Cavaliers,1610612752,NYK,New York Knicks,124,105
0022401104,2025-04-02,Regular Season,1610612754,IND,Indiana Pacers,1610612766,CHA,Charlotte Hornets,119,105
0022401105,2025-04-02,Regular Season,1610612764,WAS,Washington Wizards,1610612758,SAC,Sacramento Kings,116,111
0022401106,2025-04-02,Regular Season,1610612738,BOS,Boston Celtics,1610612748,MIA,Miami Heat,103,124
0022401107,2025-04-02,Regular Season,1610612745,HOU,Houston Rockets,1610612762,UTA,Utah Jazz,143,105
0022401108,2025-04-02,Regular Season,1610612760,OKC,Oklahoma City Thunder,1610612765,DET,Detroit Pistons,119,103
0022401109,2025-04-02,Regular Season,1610612742,DAL,Dallas Mavericks,1610612737,ATL,Atlanta Hawks,120,118
0022401110,2025-04-02,Regular Season,1610612743,DEN,Denver Nuggets,1610612759,SAS,San Antonio Spurs,106,113
0022401111,2025-04-02,Regular Season,1610612746,LAC,LA Clippers,1610612740,NOP,New Orleans Pelicans,114,98
0022401112,2025-04-03,Regular Season,1610612764,WAS,Washington Wizards,1610612753,ORL,Orlando Magic,97,109
0022401113,2025-04-03,Regular Season,1610612751,BKN,Brooklyn Nets,1610612750,MIN,Minnesota Timberwolves,90,105
0022401114,2025-04-03,Regular Season,1610612748,MIA,Miami Heat,1610612763,MEM,Memphis Grizzlies,108,110
0022401115,2025-04-03,Regular Season,1610612755,PHI,Philadelphia 76ers,1610612749,MIL,Milwaukee Bucks,113,126
0022401116,2025-04-03,Regular Season,1610612761,TOR,Toronto Raptors,1610612757,POR,Portland Trail Blazers,103,112
0022401117,2025-04-03,Regular Season,1610612747,LAL,Los Angeles Lakers,1610612744,GSW,Golden State Warriors,116,123
0022401118,2025-04-04,Regular Season,1610612766,CHA,Charlotte Hornets,1610612758,SAC,Sacramento Kings,102,125
0022401119,2025-04-04,Regular Season,1610612754,IND,Indiana Pacers,1610612762,UTA,Utah Jazz,140,112
0022401120,2025-04-04,Regular Season,1610612738,BOS,Boston Celtics,1610612756,PHX,Phoenix Suns,123,103
0022401121,2025-04-04,Regular Season,1610612761,TOR,Toronto Raptors,1610612765,DET,Detroit Pistons,105,117
0022401122,2025-04-04,Regular Season,1610612741,CHI,Chicago Bulls,1610612757,POR,Portland Trail Blazers,118,113
0022401123,2025-04-04,Regular Season,1610612745,HOU,Houston Rockets,1610612760,OKC,Oklahoma City Thunder,125,111
0022401124,2025-04-04,Regular Season,1610612759,SAS,San Antonio Spurs,1610612739,CLE,Cleveland Cavaliers,113,114
0022401125,2025-04-04,Regular Season,1610612744,GSW,Golden State Warriors,1610612743,DEN,Denver Nuggets,118,104
0022401126,2025-04-04,Regular Season,1610612747,LAL,Los Angeles Lakers,1610612740,NOP,New Orleans Pelicans,124,108
0022401127,2025-04-04,Regular Season,1610612746,LAC,LA Clippers,1610612742,DAL,Dallas Mavericks,114,91
0022401128,2025-04-05,Regular Season,1610612737,ATL,Atlanta Hawks,1610612752,NYK,New York Knicks,105,121
0022401129,2025-04-05,Regular Season,1610612765,DET,Detroit Pistons,1610612763,MEM,Memphis Grizzlies,103,109
0022401130,2025-04-05,Regular Season,1610612755,PHI,Philadelphia 76ers,1610612750,MIN,Minnesota Timberwolves,109,114
0022401131,2025-04-05,Regular Season,1610612748,MIA,Miami Heat,1610612749,MIL,Milwaukee Bucks,115,121
0022401132,2025-04-05,Regular Season,1610612746,LAC,LA Clippers,1610612742,DAL,Dallas Mavericks,135,104
0022401133,2025-04-06,Regular Season,1610612766,CHA,Charlotte Hornets,1610612741,CHI,Chicago Bulls,117,131
0022401134,2025-04-06,Regular Season,1610612751,BKN,Brooklyn Nets,1610612761,TOR,Toronto Raptors,109,120
0022401135,2025-04-06,Regular Season,1610612760,OKC,Oklahoma City Thunder,1610612747,LAL,Los Angeles Lakers,99,126
0022401136,2025-04-06,Regular Season,1610612737,ATL,Atlanta Hawks,1610612762,UTA,Utah Jazz,147,134
0022401137,2025-04-06,Regular Season,1610612738,BOS,Boston Celtics,1610612764,WAS,Washington Wizards,124,90
0022401138,2025-04-06,Regular Season,1610612739,CLE,Cleveland Cavaliers,1610612758,SAC,Sacramento Kings,113,120
0022401139,2025-04-06,Regular Season,1610612757,POR,Portland Trail Blazers,1610612759,SAS,San Antonio Spurs,120,109
0022401140,2025-04-06,Regular Season,1610612752,NYK,New York Knicks,1610612756,PHX,Phoenix Suns,112,98
0022401141,2025-03-13,Regular Season,1610612740,NOP,New Orleans Pelicans,1610612753,ORL,Orlando Magic,93,113
0022401142,2025-04-06,Regular Season,1610612743,DEN,Denver Nuggets,1610612754,IND,Indiana Pacers,120,125
0022401143,2025-04-06,Regular Season,1610612744,GSW,Golden State Warriors,1610612745,HOU,Houston Rockets,96,106
0022401144,2025-04-07,Regular Season,1610612765,DET,Detroit Pistons,1610612758,SAC,Sacramento Kings,117,127
0022401145,2025-04-07,Regular Season,1610612748,MIA,Miami Heat,1610612755,PHI,Philadelphia 76ers,117,105
0022401146,2025-04-08,Regular Season,1610612766,CHA,Charlotte Hornets,1610612763,MEM,Memphis Grizzlies,100,124
0022401147,2025-04-08,Regular Season,1610612739,CLE,Cleveland Cavaliers,1610612741,CHI,Chicago Bulls,135,113
0022401148,2025-04-08,Regular Season,1610612754,IND,Indiana Pacers,1610612764,WAS,Washington Wizards,104,98
0022401149,2025-04-08,Regular Season,1610612753,ORL,Orlando Magic,1610612737,ATL,Atlanta Hawks,119,112
0022401150,2025-04-08,Regular Season,1610612751,BKN,Brooklyn Nets,1610612740,NOP,New Orleans Pelicans,119,114
0022401151,2025-04-08,Regular Season,1610612752,NYK,New York Knicks,1610612738,BOS,Boston Celtics,117,119
0022401152,2025-04-08,Regular Season,1610612749,MIL,Milwaukee Bucks,1610612750,MIN,Minnesota Timberwolves,110,103
0022401153,2025-04-08,Regular Season,1610612760,OKC,Oklahoma City Thunder,1610612747,LAL,Los Angeles Lakers,136,120
0022401154,2025-04-08,Regular Season,1610612756,PHX,Phoenix Suns,1610612744,GSW,Golden State Warriors,95,133
0022401155,2025-04-08,Regular Season,1610612746,LAC,LA Clippers,1610612759,SAS,San Antonio Spurs,122,117
0022401156,2025-04-09,Regular Season,1610612753,ORL,Orlando Magic,1610612738,BOS,Boston Celtics,96,76
0022401157,2025-04-09,Regular Season,1610612764,WAS,Washington Wizards,1610612755,PHI,Philadelphia 76ers,103,122
0022401158,2025-04-09,Regular Season,1610612761,TOR,Toronto Raptors,1610612766,CHA,Charlotte Hornets,126,96
0022401159,2025-04-09,Regular Season,1610612742,DAL,Dallas Mavericks,1610612747,LAL,Los Angeles Lakers,97,112
0022401160,2025-04-09,Regular Season,1610612741,CHI,Chicago Bulls,1610612748,MIA,Miami Heat,119,111
0022401161,2025-04-10,Regular Season,1610612749,MIL,Milwaukee Bucks,1610612740,NOP,New Orleans Pelicans,136,111
0022401162,2025-04-09,Regular Season,1610612762,UTA,Utah Jazz,1610612757,POR,Portland Trail Blazers,133,126
0022401163,2025-04-09,Regular Season,1610612744,GSW,Golden State Warriors,1610612759,SAS,San Antonio Spurs,111,114
0022401164,2025-04-09,Regular Season,1610612756,PHX,Phoenix Suns,1610612760,OKC,Oklahoma City Thunder,112,125
0022401165,2025-04-09,Regular Season,1610612758,SAC,Sacramento Kings,1610612743,DEN,Denver Nuggets,116,124
0022401166,2025-04-09,Regular Season,1610612746,LAC,LA Clippers,1610612745,HOU,Houston Rockets,134,117
0022401167,2025-04-10,Regular Season,1610612765,DET,Detroit Pistons,1610612752,NYK,New York Knicks,115,106
0022401168,2025-04-10,Regular Season,1610612754,IND,Indiana Pacers,1610612739,CLE,Cleveland Cavaliers,114,112
0022401169,2025-04-10,Regular Season,1610612751,BKN,Brooklyn Nets,1610612737,ATL,Atlanta Hawks,109,133
0022401170,2025-04-10,Regular Season,1610612763,MEM,Memphis Grizzlies,1610612750,MIN,Minnesota Timberwolves,125,141
0022401171,2025-04-11,Regular Season,1610612765,DET,Detroit Pistons,1610612749,MIL,Milwaukee Bucks,119,125
0022401172,2025-04-11,Regular Season,1610612754,IND,Indiana Pacers,1610612753,ORL,Orlando Magic,115,129
0022401173,2025-04-11,Regular Season,1610612755,PHI,Philadelphia 76ers,1610612737,ATL,Atlanta Hawks,110,124
0022401174,2025-04-11,Regular Season,1610612738,BOS,Boston Celtics,1610612766,CHA,Charlotte Hornets,130,94
0022401175,2025-04-11,Regular Season,1610612752,NYK,New York Knicks,1610612739,CLE,Cleveland Cavaliers,102,108
0022401176,2025-04-11,Regular Season,1610612741,CHI,Chicago Bulls,1610612764,WAS,Washington Wizards,119,89
0022401177,2025-04-11,Regular Season,1610612740,NOP,New Orleans Pelicans,1610612748,MIA,Miami Heat,104,153
0022401178,2025-04-11,Regular Season,1610612742,DAL,Dallas Mavericks,1610612761,TOR,Toronto Raptors,124,102
0022401179,2025-04-11,Regular Season,1610612750,MIN,Minnesota Timberwolves,1610612751,BKN,Brooklyn Nets,117,91
0022401180,2025-04-11,Regular Season,1610612743,DEN,Denver Nuggets,1610612763,MEM,Memphis Grizzlies,117,109
0022401181,2025-04-11,Regular Season,1610612762,UTA,Utah Jazz,1610612760,OKC,Oklahoma City Thunder,111,145
0022401182,2025-04-11,Regular Season,1610612756,PHX,Phoenix Suns,1610612759,SAS,San Antonio Spurs,117,98
0022401183,2025-04-11,Regular Season,1610612757,POR,Portland Trail Blazers,1610612744,GSW,Golden State Warriors,86,103
0022401184,2025-04-11,Regular Season,1610612758,SAC,Sacramento Kings,1610612746,LAC,LA Clippers,100,101
0022401185,2025-04-11,Regular Season,1610612747,LAL,Los Angeles Lakers,1610612745,HOU,Houston Rockets,140,109
0022401186,2025-04-13,Regular Season,1610612737,ATL,Atlanta Hawks,1610612753,ORL,Orlando Magic,117,105
0022401187,2025-04-13,Regular Season,1610612738,BOS,Boston Celtics,1610612766,CHA,Charlotte Hornets,93,86
0022401188,2025-04-13,Regular Season,1610612751,BKN,Brooklyn Nets,1610612752,NYK,New York Knicks,105,113
0022401189,2025-04-13,Regular Season,1610612739,CLE,Cleveland Cavaliers,1610612754,IND,Indiana Pacers,118,126
0022401190,2025-04-13,Regular Season,1610612748,MIA,Miami Heat,1610612764,WAS,Washington Wizards,118,119
0022401191,2025-04-13,Regular Season,1610612755,PHI,Philadelphia 76ers,1610612741,CHI,Chicago Bulls,102,122
0022401192,2025-04-13,Regular Season,1610612749,MIL,Milwaukee Bucks,1610612765,DET,Detroit Pistons,140,133
0022401193,2025-04-13,Regular Season,1610612745,HOU,Houston Rockets,1610612743,DEN,Denver Nuggets,111,126
0022401194,2025-04-13,Regular Season,1610612763,MEM,Memphis Grizzlies,1610612742,DAL,Dallas Mavericks,132,97
0022401195,2025-04-13,Regular Season,1610612750,MIN,Minnesota Timberwolves,1610612762,UTA,Utah Jazz,116,105
0022401196,2025-04-13,Regular Season,1610612740,NOP,New Orleans Pelicans,1610612760,OKC,Oklahoma City Thunder,100,115
0022401197,2025-04-13,Regular Season,1610612759,SAS,San Antonio Spurs,1610612761,TOR,Toronto Raptors,125,118
0022401198,2025-04-13,Regular Season,1610612744,GSW,Golden State Warriors,1610612746,LAC,LA Clippers,119,124
0022401199,2025-04-13,Regular Season,1610612757,POR,Portland Trail Blazers,1610612747,LAL,Los Angeles Lakers,109,81
0022401200,2025-04-13,Regular Season,1610612758,SAC,Sacramento Kings,1610612756,PHX,Phoenix Suns,109,98
0022401201,2024-12-10,Regular Season,1610612749,MIL,Milwaukee Bucks,1610612753,ORL,Orlando Magic,114,109
0022401202,2024-12-11,Regular Season,1610612752,NYK,New York Knicks,1610612737,ATL,Atlanta Hawks,100,108
0022401203,2024-12-10,Regular Season,1610612760,OKC,Oklahoma City Thunder,1610612742,DAL,Dallas Mavericks,118,104
0022401204,2024-12-11,Regular Season,1610612745,HOU,Houston Rockets,1610612744,GSW,Golden State Warriors,91,90
0022401205,2024-12-12,Regular Season,1610612738,BOS,Boston Celtics,1610612765,DET,Detroit Pistons,123,99
0022401206,2024-12-12,Regular Season,1610612748,MIA,Miami Heat,1610612761,TOR,Toronto Raptors,114,104
0022401207,2024-12-12,Regular Season,1610612740,NOP,New Orleans Pelicans,1610612758,SAC,Sacramento Kings,109,111
0022401208,2024-12-13,Regular Season,1610612739,CLE,Cleveland Cavaliers,1610612764,WAS,Washington Wizards,115,105
0022401209,2024-12-13,Regular Season,1610612755,PHI,Philadelphia 76ers,1610612754,IND,Indiana Pacers,107,121
0022401210,2024-12-13,Regular Season,1610612750,MIN,Minnesota Timberwolves,1610612747,LAL,Los Angeles Lakers,97,87
0022401211,2024-12-13,Regular Season,1610612763,MEM,Memphis Grizzlies,1610612751,BKN,Brooklyn Nets,135,119
0022401212,2024-12-13,Regular Season,1610612741,CHI,Chicago Bulls,1610612766,CHA,Charlotte Hornets,109,95
0022401213,2024-12-13,Regular Season,1610612743,DEN,Denver Nuggets,1610612746,LAC,LA Clippers,120,98
0022401214,2024-12-13,Regular Season,1610612762,UTA,Utah Jazz,1610612756,PHX,Phoenix Suns,126,134
0022401215,2024-12-13,Regular Season,1610612757,POR,Portland Trail Blazers,1610612759,SAS,San Antonio Spurs,116,118
0022401216,2024-12-15,Regular Season,1610612754,IND,Indiana Pacers,1610612740,NOP,New Orleans Pelicans,119,104
0022401217,2024-12-15,Regular Season,1610612764,WAS,Washington Wizards,1610612738,BOS,Boston Celtics,98,112
0022401218,2024-12-15,Regular Season,1610612759,SAS,San Antonio Spurs,1610612750,MIN,Minnesota Timberwolves,92,106
0022401219,2024-12-15,Regular Season,1610612756,PHX,Phoenix Suns,1610612757,POR,Portland Trail Blazers,116,109
0022401220,2024-12-15,Regular Season,1610612747,LAL,Los Angeles Lakers,1610612763,MEM,Memphis Grizzlies,116,110
0022401221,2024-12-16,Regular Season,1610612765,DET,Detroit Pistons,1610612748,MIA,Miami Heat,125,124
0022401222,2024-12-16,Regular Season,1610612766,CHA,Charlotte Hornets,1610612755,PHI,Philadelphia 76ers,108,121
0022401223,2024-12-16,Regular Season,1610612761,TOR,Toronto Raptors,1610612741,CHI,Chicago Bulls,121,122
0022401224,2024-12-16,Regular Season,1610612751,BKN,Brooklyn Nets,1610612739,CLE,Cleveland Cavaliers,101,130
0022401225,2024-12-16,Regular Season,1610612758,SAC,Sacramento Kings,1610612743,DEN,Denver Nuggets,129,130
0022401226,2024-12-16,Regular Season,1610612746,LAC,LA Clippers,1610612762,UTA,Utah Jazz,144,107
0022401227,2024-12-15,Regular Season,1610612753,ORL,Orlando Magic,1610612752,NYK,New York Knicks,91,100
0022401228,2024-12-15,Regular Season,1610612744,GSW,Golden State Warriors,1610612742,DAL,Dallas Mavericks,133,143
0022401229,2024-12-14,Regular Season,1610612749,MIL,Milwaukee Bucks,1610612737,ATL,Atlanta Hawks,110,102
0022401230,2024-12-14,Regular Season,1610612760,OKC,Oklahoma City Thunder,1610612745,HOU,Houston Rockets,111,96
0032400003,2025-02-14,Regular Season,1610616840,RCE,Team Rice,1610616839,BND,Team Bonds,55,66
0032400004,2025-02-14,Regular Season,1610616855,TMC, Team C,1610616856,TMT, Team T,40,34
0032400005,2025-02-14,Regular Season,1610616857,TMM, Team M,1610616858,TMG, Team G League,39,40
0032400006,2025-02-14,Regular Season,1610616855,TMC, Team C,1610616858,TMG, Team G League,25,14
0032400011,2025-02-16,Regular Season,1610616851,CHK, Global Stars,1610616853,KEN, Young Stars,41,32
0032400021,2025-02-16,Regular Season,1610616852,SHQ, OGs,1610616854,CAN, Rising Stars,42,35
0032400031,2025-02-16,Regular Season,1610616851,CHK, Global Stars,1610616852,SHQ, OGs,25,41
0042400101,2025-04-20,Regular Season,1610612739,CLE,Cleveland Cavaliers,1610612748,MIA,Miami Heat,121,100
0042400102,2025-04-23,Regular Season,1610612739,CLE,Cleveland Cavaliers,1610612748,MIA,Miami Heat,121,112
0042400103,2025-04-26,Regular Season,1610612748,MIA,Miami Heat,1610612739,CLE,Cleveland Cavaliers,87,124
0042400104,2025-04-28,Regular Season,1610612748,MIA,Miami Heat,1610612739,CLE,Cleveland Cavaliers,83,138
0042400111,2025-04-20,Regular Season,1610612738,BOS,Boston Celtics,1610612753,ORL,Orlando Magic,103,86
0042400112,2025-04-23,Regular Season,1610612738,BOS,Boston Celtics,1610612753,ORL,Orlando Magic,109,100
0042400113,2025-04-25,Regular Season,1610612753,ORL,Orlando Magic,1610612738,BOS,Boston Celtics,95,93
0042400114,2025-04-27,Regular Season,1610612753,ORL,Orlando Magic,1610612738,BOS,Boston Celtics,98,107
0042400115,2025-04-29,Regular Season,1610612738,BOS,Boston Celtics,1610612753,ORL,Orlando Magic,120,89
0042400121,2025-04-19,Regular Season,1610612752,NYK,New York Knicks,1610612765,DET,Detroit Pistons,123,112
0042400122,2025-04-21,Regular Season,1610612752,NYK,New York Knicks,1610612765,DET,Detroit Pistons,94,100
0042400123,2025-04-24,Regular Season,1610612765,DET,Detroit Pistons,1610612752,NYK,New York Knicks,116,118
0042400124,2025-04-27,Regular Season,1610612765,DET,Detroit Pistons,1610612752,NYK,New York Knicks,93,94
0042400125,2025-04-29,Regular Season,1610612752,NYK,New York Knicks,1610612765,DET,Detroit Pistons,103,106
0042400126,2025-05-01,Regular Season,1610612765,DET,Detroit Pistons,1610612752,NYK,New York Knicks,113,116
0042400131,2025-04-19,Regular Season,1610612754,IND,Indiana Pacers,1610612749,MIL,Milwaukee Bucks,117,98
0042400132,2025-04-22,Regular Season,1610612754,IND,Indiana Pacers,1610612749,MIL,Milwaukee Bucks,123,115
0042400133,2025-04-25,Regular Season,1610612749,MIL,Milwaukee Bucks,1610612754,IND,Indiana Pacers,117,101
0042400134,2025-04-27,Regular Season,1610612749,MIL,Milwaukee Bucks,1610612754,IND,Indiana Pacers,103,129
0042400135,2025-04-29,Regular Season,1610612754,IND,Indiana Pacers,1610612749,MIL,Milwaukee Bucks,119,118
0042400141,2025-04-20,Regular Season,1610612760,OKC,Oklahoma City Thunder,1610612763,MEM,Memphis Grizzlies,131,80
0042400142,2025-04-22,Regular Season,1610612760,OKC,Oklahoma City Thunder,1610612763,MEM,Memphis Grizzlies,118,99
0042400143,2025-04-24,Regular Season,1610612763,MEM,Memphis Grizzlies,1610612760,OKC,Oklahoma City Thunder,108,114
0042400144,2025-04-26,Regular Season,1610612763,MEM,Memphis Grizzlies,1610612760,OKC,Oklahoma City Thunder,115,117
0042400151,2025-04-20,Regular Season,1610612745,HOU,Houston Rockets,1610612744,GSW,Golden State Warriors,85,95
0042400152,2025-04-23,Regular Season,1610612745,HOU,Houston Rockets,1610612744,GSW,Golden State Warriors,109,94
0042400153,2025-04-26,Regular Season,1610612744,GSW,Golden State Warriors,1610612745,HOU,Houston Rockets,104,93
0042400154,2025-04-28,Regular Season,1610612744,GSW,Golden State Warriors,1610612745,HOU,Houston Rockets,109,106
0042400155,2025-04-30,Regular Season,1610612745,HOU,Houston Rockets,1610612744,GSW,Golden State Warriors,131,116
0042400156,2025-05-02,Regular Season,1610612744,GSW,Golden State Warriors,1610612745,HOU,Houston Rockets,107,115
0042400157,2025-05-04,Regular Season,1610612745,HOU,Houston Rockets,1610612744,GSW,Golden State Warriors,89,103
0042400161,2025-04-19,Regular Season,1610612747,LAL,Los Angeles Lakers,1610612750,MIN,Minnesota Timberwolves,95,117
0042400162,2025-04-22,Regular Season,1610612747,LAL,Los Angeles Lakers,1610612750,MIN,Minnesota Timberwolves,94,85
0042400163,2025-04-25,Regular Season,1610612750,MIN,Minnesota Timberwolves,1610612747,LAL,Los Angeles Lakers,116,104
0042400164,2025-04-27,Regular Season,1610612750,MIN,Minnesota Timberwolves,1610612747,LAL,Los Angeles Lakers,116,113
0042400165,2025-04-30,Regular Season,1610612747,LAL,Los Angeles Lakers,1610612750,MIN,Minnesota Timberwolves,96,103
0042400171,2025-04-19,Regular Season,1610612743,DEN,Denver Nuggets,1610612746,LAC,LA Clippers,112,110
0042400172,2025-04-21,Regular Season,1610612743,DEN,Denver Nuggets,1610612746,LAC,LA Clippers,102,105
0042400173,2025-04-24,Regular Season,1610612746,LAC,LA Clippers,1610612743,DEN,Denver Nuggets,117,83
0042400174,2025-04-26,Regular Season,1610612746,LAC,LA Clippers,1610612743,DEN,Denver Nuggets,99,101
0042400175,2025-04-29,Regular Season,1610612743,DEN,Denver Nuggets,1610612746,LAC,LA Clippers,131,115
0042400176,2025-05-01,Regular Season,1610612746,LAC,LA Clippers,1610612743,DEN,Denver Nuggets,111,105
0042400177,2025-05-03,Regular Season,1610612743,DEN,Denver Nuggets,1610612746,LAC,LA Clippers,120,101
0042400201,2025-05-04,Regular Season,1610612739,CLE,Cleveland Cavaliers,1610612754,IND,Indiana Pacers,112,121
0042400202,2025-05-06,Regular Season,1610612739,CLE,Cleveland Cavaliers,1610612754,IND,Indiana Pacers,119,120
0042400203,2025-05-09,Regular Season,1610612754,IND,Indiana Pacers,1610612739,CLE,Cleveland Cavaliers,104,126
0042400204,2025-05-11,Regular Season,1610612754,IND,Indiana Pacers,1610612739,CLE,Cleveland Cavaliers,129,109
0042400205,2025-05-13,Regular Season,1610612739,CLE,Cleveland Cavaliers,1610612754,IND,Indiana Pacers,105,114
0042400211,2025-05-05,Regular Season,1610612738,BOS,Boston Celtics,1610612752,NYK,New York Knicks,105,108
0042400212,2025-05-07,Regular Season,1610612738,BOS,Boston Celtics,1610612752,NYK,New York Knicks,90,91
0042400213,2025-05-10,Regular Season,1610612752,NYK,New York Knicks,1610612738,BOS,Boston Celtics,93,115
0042400214,2025-05-12,Regular Season,1610612752,NYK,New York Knicks,1610612738,BOS,Boston Celtics,121,113
0042400215,2025-05-14,Regular Season,1610612738,BOS,Boston Celtics,1610612752,NYK,New York Knicks,127,102
0042400216,2025-05-16,Regular Season,1610612752,NYK,New York Knicks,1610612738,BOS,Boston Celtics,119,81
0042400221,2025-05-05,Regular Season,1610612760,OKC,Oklahoma City Thunder,1610612743,DEN,Denver Nuggets,119,121
0042400222,2025-05-07,Regular Season,1610612760,OKC,Oklahoma City Thunder,1610612743,DEN,Denver Nuggets,149,106
0042400223,2025-05-09,Regular Season,1610612743,DEN,Denver Nuggets,1610612760,OKC,Oklahoma City Thunder,113,104
0042400224,2025-05-11,Regular Season,1610612743,DEN,Denver Nuggets,1610612760,OKC,Oklahoma City Thunder,87,92
0042400225,2025-05-13,Regular Season,1610612760,OKC,Oklahoma City Thunder,1610612743,DEN,Denver Nuggets,112,105
0042400226,2025-05-15,Regular Season,1610612743,DEN,Denver Nuggets,1610612760,OKC,Oklahoma City Thunder,119,107
0042400227,2025-05-18,Regular Season,1610612760,OKC,Oklahoma City Thunder,1610612743,DEN,Denver Nuggets,125,93
0042400231,2025-05-06,Regular Season,1610612750,MIN,Minnesota Timberwolves,1610612744,GSW,Golden State Warriors,88,99
0042400232,2025-05-08,Regular Season,1610612750,MIN,Minnesota Timberwolves,1610612744,GSW,Golden State Warriors,117,93
0042400233,2025-05-10,Regular Season,1610612744,GSW,Golden State Warriors,1610612750,MIN,Minnesota Timberwolves,97,102
0042400234,2025-05-12,Regular Season,1610612744,GSW,Golden State Warriors,1610612750,MIN,Minnesota Timberwolves,110,117
0042400235,2025-05-14,Regular Season,1610612750,MIN,Minnesota Timberwolves,1610612744,GSW,Golden State Warriors,121,110
0042400301,2025-05-21,Regular Season,1610612752,NYK,New York Knicks,1610612754,IND,Indiana Pacers,135,138
0042400302,2025-05-23,Regular Season,1610612752,NYK,New York Knicks,1610612754,IND,Indiana Pacers,109,114
0042400303,2025-05-25,Regular Season,1610612754,IND,Indiana Pacers,1610612752,NYK,New York Knicks,100,106
0042400304,2025-05-27,Regular Season,1610612754,IND,Indiana Pacers,1610612752,NYK,New York Knicks,130,121
0042400305,2025-05-29,Regular Season,1610612752,NYK,New York Knicks,1610612754,IND,Indiana Pacers,111,94
0042400306,2025-05-31,Regular Season,1610612754,IND,Indiana Pacers,1610612752,NYK,New York Knicks,125,108
0042400311,2025-05-20,Regular Season,1610612760,OKC,Oklahoma City Thunder,1610612750,MIN,Minnesota Timberwolves,114,88
0042400312,2025-05-22,Regular Season,1610612760,OKC,Oklahoma City Thunder,1610612750,MIN,Minnesota Timberwolves,118,103
0042400313,2025-05-24,Regular Season,1610612750,MIN,Minnesota Timberwolves,1610612760,OKC,Oklahoma City Thunder,143,101
0042400314,2025-05-26,Regular Season,1610612750,MIN,Minnesota Timberwolves,1610612760,OKC,Oklahoma City Thunder,126,128
0042400315,2025-05-28,Regular Season,1610612760,OKC,Oklahoma City Thunder,1610612750,MIN,Minnesota Timberwolves,124,94
0042400401,2025-06-05,Regular Season,1610612760,OKC,Oklahoma City Thunder,1610612754,IND,Indiana Pacers,110,111
0042400402,2025-06-08,Regular Season,1610612760,OKC,Oklahoma City Thunder,1610612754,IND,Indiana Pacers,123,107
0042400403,2025-06-11,Regular Season,1610612754,IND,Indiana Pacers,1610612760,OKC,Oklahoma City Thunder,116,107
0042400404,2025-06-13,Regular Season,1610612754,IND,Indiana Pacers,1610612760,OKC,Oklahoma City Thunder,104,111
0042400405,2025-06-16,Regular Season,1610612760,OKC,Oklahoma City Thunder,1610612754,IND,Indiana Pacers,120,109
0042400406,2025-06-19,Regular Season,1610612754,IND,Indiana Pacers,1610612760,OKC,Oklahoma City Thunder,108,91
0042400407,2025-06-22,Regular Season,1610612760,OKC,Oklahoma City Thunder,1610612754,IND,Indiana Pacers,103,91
0052400101,2025-04-15,Regular Season,1610612753,ORL,Orlando Magic,1610612737,ATL,Atlanta Hawks,120,95
0052400111,2025-04-16,Regular Season,1610612741,CHI,Chicago Bulls,1610612748,MIA,Miami Heat,90,109
0052400121,2025-04-15,Regular Season,1610612744,GSW,Golden State Warriors,1610612763,MEM,Memphis Grizzlies,121,116
0052400131,2025-04-16,Regular Season,1610612758,SAC,Sacramento Kings,1610612742,DAL,Dallas Mavericks,106,120
0052400201,2025-04-18,Regular Season,1610612737,ATL,Atlanta Hawks,1610612748,MIA,Miami Heat,114,123
0052400211,2025-04-18,Regular Season,1610612763,MEM,Memphis Grizzlies,1610612742,DAL,Dallas Mavericks,120,106
0062400001,2024-12-17,Regular Season,1610612760,OKC,Oklahoma City Thunder,1610612749,MIL,Milwaukee Bucks,81,97
