GAME_ID,GAME_DATE,SEASON_TYPE,HOME_TEAM_ID,HOME_TEAM_ABBREVIATION,HOME_TEAM_NAME,AWAY_TEAM_ID,AWAY_TEAM_ABBREVIATION,AWAY_TEAM_NAME,HOME_POINTS,AWAY_POINTS
0012500001,2025-10-03,Regular Season,1610612747,LAL,Los Angeles Lakers,1610612756,PHX,Phoenix Suns,81,103
0012500002,2025-10-06,Regular Season,1610612748,MIA,Miami Heat,1610612749,MIL,Milwaukee Bucks,93,103
0012500003,2025-10-08,Regular Season,1610612748,MIA,Miami Heat,1610612759,SAS,San Antonio Spurs,107,112
0012500004,2025-10-12,Regular Season,1610612747,LAL,Los Angeles Lakers,1610612744,GSW,Golden State Warriors,126,116
0012500005,2025-10-15,Regular Season,1610612747,LAL,Los Angeles Lakers,1610612742,DAL,Dallas Mavericks,94,121
0012500006,2025-10-17,Regular Season,1610612748,MIA,Miami Heat,1610612763,MEM,Memphis Grizzlies,125,141
0012500007,2025-10-17,Regular Season,1610612747,LAL,Los Angeles Lakers,1610612758,SAC,Sacramento Kings,116,117
0012500008,2025-10-02,Regular Season,1610612752,NYK,New York Knicks,1610612755,PHI,Philadelphia 76ers,99,84
0012500010,2025-10-04,Regular Season,1610612755,PHI,Philadelphia 76ers,1610612752,NYK,New York Knicks,104,113
0012500012,2025-10-10,Regular Season,1610612751,BKN,Brooklyn Nets,1610612756,PHX,Phoenix Suns,127,132
0012500013,2025-10-12,Regular Season,1610612756,PHX,Phoenix Suns,1610612751,BKN,Brooklyn Nets,109,111
0012500014,2025-10-06,Regular Season,1610612745,HOU,Houston Rockets,1610612737,ATL,Atlanta Hawks,122,113
0012500015,2025-10-08,Regular Season,1610612744,GSW,Golden State Warriors,1610612757,POR,Portland Trail Blazers,129,123
0012500016,2025-10-08,Regular Season,1610612758,SAC,Sacramento Kings,1610612761,TOR,Toronto Raptors,122,130
0012500017,2025-10-10,Regular Season,1610612757,POR,Portland Trail Blazers,1610612758,SAC,Sacramento Kings,124,123
0012500018,2025-10-11,Regular Season,1610612763,MEM,Memphis Grizzlies,1610612737,ATL,Atlanta Hawks,116,122
0012500019,2025-10-13,Regular Season,1610612737,ATL,Atlanta Hawks,1610612748,MIA,Miami Heat,119,118
0012500020,2025-10-14,Regular Season,1610612740,NOP,New Orleans Pelicans,1610612745,HOU,Houston Rockets,128,130
0012500021,2025-10-14,Regular Season,1610612757,POR,Portland Trail Blazers,1610612744,GSW,Golden State Warriors,111,118
0012500022,2025-10-15,Regular Season,1610612758,SAC,Sacramento Kings,1610612746,LAC,LA Clippers,91,109
0012500023,2025-10-16,Regular Season,1610612753,ORL,Orlando Magic,1610612740,NOP,New Orleans Pelicans,132,125
0012500024,2025-10-16,Regular Season,1610612737,ATL,Atlanta Hawks,1610612745,HOU,Houston Rockets,115,133
0012500025,2025-10-16,Regular Season,1610612762,UTA,Utah Jazz,1610612757,POR,Portland Trail Blazers,132,129
0012500027,2025-10-04,Regular Season,1610612748,MIA,Miami Heat,1610612753,ORL,Orlando Magic,118,126
0012500028,2025-10-04,Regular Season,1610612743,DEN,Denver Nuggets,1610612750,MIN,Minnesota Timberwolves,116,126
0012500029,2025-10-05,Regular Season,1610612766,CHA,Charlotte Hornets,1610612760,OKC,Oklahoma City Thunder,114,135
0012500030,2025-10-05,Regular Season,1610612744,GSW,Golden State Warriors,1610612747,LAL,Los Angeles Lakers,111,103
0012500031,2025-10-06,Regular Season,1610612763,MEM,Memphis Grizzlies,1610612765,DET,Detroit Pistons,112,128
0012500032,2025-10-06,Regular Season,1610612759,SAS,San Antonio Spurs,15018,GUA,Guangzhou Loong-Lions,119,88
0012500033,2025-10-06,Regular Season,1610612742,DAL,Dallas Mavericks,1610612760,OKC,Oklahoma City Thunder,106,89
0012500034,2025-10-06,Regular Season,1610612761,TOR,Toronto Raptors,1610612743,DEN,Denver Nuggets,108,112
0012500035,2025-10-07,Regular Season,1610612739,CLE,Cleveland Cavaliers,1610612741,CHI,Chicago Bulls,117,118
0012500036,2025-10-07,Regular Season,1610612750,MIN,Minnesota Timberwolves,1610612754,IND,Indiana Pacers,134,135
0012500037,2025-10-08,Regular Season,1610612745,HOU,Houston Rockets,1610612762,UTA,Utah Jazz,140,127
0012500038,2025-10-08,Regular Season,1610612763,MEM,Memphis Grizzlies,1610612738,BOS,Boston Celtics,103,121
0012500039,2025-10-09,Regular Season,1610612752,NYK,New York Knicks,1610612750,MIN,Minnesota Timberwolves,100,95
0012500040,2025-10-09,Regular Season,1610612741,CHI,Chicago Bulls,1610612739,CLE,Cleveland Cavaliers,119,112
0012500041,2025-10-09,Regular Season,1610612749,MIL,Milwaukee Bucks,1610612765,DET,Detroit Pistons,117,111
0012500042,2025-10-09,Regular Season,1610612760,OKC,Oklahoma City Thunder,1610612766,CHA,Charlotte Hornets,122,116
0012500043,2025-10-09,Regular Season,1610612746,LAC,LA Clippers,15018,GUA,Guangzhou Loong-Lions,142,95
0012500044,2025-10-10,Regular Season,1610612761,TOR,Toronto Raptors,1610612738,BOS,Boston Celtics,107,105
0012500045,2025-10-10,Regular Season,1610612759,SAS,San Antonio Spurs,1610612762,UTA,Utah Jazz,134,130
0012500046,2025-10-11,Regular Season,1610612754,IND,Indiana Pacers,1610612760,OKC,Oklahoma City Thunder,116,101
0012500047,2025-10-11,Regular Season,1610612742,DAL,Dallas Mavericks,1610612766,CHA,Charlotte Hornets,116,120
0012500048,2025-10-12,Regular Season,1610612764,WAS,Washington Wizards,1610612761,TOR,Toronto Raptors,112,113
0012500049,2025-10-12,Regular Season,1610612753,ORL,Orlando Magic,1610612748,MIA,Miami Heat,120,104
0012500050,2025-10-12,Regular Season,1610612738,BOS,Boston Celtics,1610612739,CLE,Cleveland Cavaliers,138,107
0012500051,2025-10-12,Regular Season,1610612741,CHI,Chicago Bulls,1610612749,MIL,Milwaukee Bucks,121,127
0012500052,2025-10-12,Regular Season,1610612746,LAC,LA Clippers,1610612743,DEN,Denver Nuggets,94,102
0012500053,2025-10-13,Regular Season,1610612754,IND,Indiana Pacers,1610612759,SAS,San Antonio Spurs,108,124
0012500054,2025-10-13,Regular Season,1610612752,NYK,New York Knicks,1610612764,WAS,Washington Wizards,103,120
0012500055,2025-10-13,Regular Season,1610612750,MIN,Minnesota Timberwolves,15018,GUA,Guangzhou Loong-Lions,134,74
0012500056,2025-10-13,Regular Season,1610612762,UTA,Utah Jazz,1610612742,DAL,Dallas Mavericks,101,114
0012500057,2025-10-14,Regular Season,1610612739,CLE,Cleveland Cavaliers,1610612765,DET,Detroit Pistons,118,100
0012500058,2025-10-14,Regular Season,1610612749,MIL,Milwaukee Bucks,1610612760,OKC,Oklahoma City Thunder,112,116
0012500059,2025-10-14,Regular Season,1610612743,DEN,Denver Nuggets,1610612741,CHI,Chicago Bulls,124,117
0012500060,2025-10-14,Regular Season,1610612756,PHX,Phoenix Suns,1610612747,LAL,Los Angeles Lakers,113,104
0012500061,2025-10-15,Regular Season,1610612766,CHA,Charlotte Hornets,1610612763,MEM,Memphis Grizzlies,145,116
0012500062,2025-10-15,Regular Season,1610612738,BOS,Boston Celtics,1610612761,TOR,Toronto Raptors,110,108
0012500063,2025-10-16,Regular Season,1610612765,DET,Detroit Pistons,1610612764,WAS,Washington Wizards,119,98
0012500064,2025-10-16,Regular Season,1610612741,CHI,Chicago Bulls,1610612750,MIN,Minnesota Timberwolves,126,120
0012500065,2025-10-17,Regular Season,1610612761,TOR,Toronto Raptors,1610612751,BKN,Brooklyn Nets,119,114
0012500066,2025-10-17,Regular Season,1610612752,NYK,New York Knicks,1610612766,CHA,Charlotte Hornets,113,108
0012500067,2025-10-17,Regular Season,1610612760,OKC,Oklahoma City Thunder,1610612743,DEN,Denver Nuggets,94,91
0012500068,2025-10-17,Regular Season,1610612759,SAS,San Antonio Spurs,1610612754,IND,Indiana Pacers,133,104
0012500069,2025-10-17,Regular Season,1610612744,GSW,Golden State Warriors,1610612746,LAC,LA Clippers,103,106
0012500070,2025-10-10,Regular Season,1610612755,PHI,Philadelphia 76ers,1610612753,ORL,Orlando Magic,98,128
0012500071,2025-10-17,Regular Season,1610612755,PHI,Philadelphia 76ers,1610612750,MIN,Minnesota Timberwolves,126,110
0022500001,2025-10-21,Regular Season,1610612760,OKC,Oklahoma City Thunder,1610612745,HOU,Houston Rockets,125,124
0022500002,2025-10-21,Regular Season,1610612747,LAL,Los Angeles Lakers,1610612744,GSW,Golden State Warriors,109,119
0022500003,2025-10-22,Regular Season,1610612752,NYK,New York Knicks,1610612739,CLE,Cleveland Cavaliers,119,111
0022500004,2025-10-22,Regular Season,1610612742,DAL,Dallas Mavericks,1610612759,SAS,San Antonio Spurs,92,125
0022500005,2025-10-23,Regular Season,1610612754,IND,Indiana Pacers,1610612760,OKC,Oklahoma City Thunder,135,141
0022500006,2025-10-23,Regular Season,1610612744,GSW,Golden State Warriors,1610612743,DEN,Denver Nuggets,137,131
0022500007,2025-10-27,Regular Season,1610612765,DET,Detroit Pistons,1610612739,CLE,Cleveland Cavaliers,95,116
0022500008,2025-10-27,Regular Season,1610612750,MIN,Minnesota Timberwolves,1610612743,DEN,Denver Nuggets,114,127
0022500009,2025-12-25,Regular Season,1610612752,NYK,New York Knicks,1610612739,CLE,Cleveland Cavaliers,126,124
0022500010,2025-12-25,Regular Season,1610612760,OKC,Oklahoma City Thunder,1610612759,SAS,San Antonio Spurs,102,117
0022500011,2025-12-25,Regular Season,1610612744,GSW,Golden State Warriors,1610612742,DAL,Dallas Mavericks,126,116
0022500012,2025-12-25,Regular Season,1610612747,LAL,Los Angeles Lakers,1610612745,HOU,Houston Rockets,96,119
0022500013,2025-12-25,Regular Season,1610612743,DEN,Denver Nuggets,1610612750,MIN,Minnesota Timberwolves,142,138
0022500014,2026-01-19,Regular Season,1610612737,ATL,Atlanta Hawks,1610612749,MIL,Milwaukee Bucks,110,112
0022500015,2026-01-19,Regular Season,1610612739,CLE,Cleveland Cavaliers,1610612760,OKC,Oklahoma City Thunder,104,136
0022500016,2026-01-19,Regular Season,1610612752,NYK,New York Knicks,1610612742,DAL,Dallas Mavericks,97,114
0022500017,2026-01-19,Regular Season,1610612765,DET,Detroit Pistons,1610612738,BOS,Boston Celtics,104,103
0022500018,2025-10-24,Regular Season,1610612752,NYK,New York Knicks,1610612738,BOS,Boston Celtics,105,95
0022500019,2025-10-24,Regular Season,1610612747,LAL,Los Angeles Lakers,1610612750,MIN,Minnesota Timberwolves,128,110
0022500020,2025-10-31,Regular Season,1610612754,IND,Indiana Pacers,1610612737,ATL,Atlanta Hawks,108,128
0022500021,2025-10-31,Regular Season,1610612755,PHI,Philadelphia 76ers,1610612738,BOS,Boston Celtics,108,109
0022500022,2025-10-31,Regular Season,1610612739,CLE,Cleveland Cavaliers,1610612761,TOR,Toronto Raptors,101,112
0022500023,2025-10-31,Regular Season,1610612741,CHI,Chicago Bulls,1610612752,NYK,New York Knicks,135,125
0022500024,2025-10-31,Regular Season,1610612763,MEM,Memphis Grizzlies,1610612747,LAL,Los Angeles Lakers,112,117
0022500025,2025-10-31,Regular Season,1610612756,PHX,Phoenix Suns,1610612762,UTA,Utah Jazz,118,96
0022500026,2025-10-31,Regular Season,1610612757,POR,Portland Trail Blazers,1610612743,DEN,Denver Nuggets,109,107
0022500027,2025-10-31,Regular Season,1610612746,LAC,LA Clippers,1610612740,NOP,New Orleans Pelicans,126,124
0022500028,2025-11-07,Regular Season,1610612753,ORL,Orlando Magic,1610612738,BOS,Boston Celtics,123,110
0022500029,2025-11-07,Regular Season,1610612764,WAS,Washington Wizards,1610612739,CLE,Cleveland Cavaliers,115,148
0022500030,2025-11-07,Regular Season,1610612737,ATL,Atlanta Hawks,1610612761,TOR,Toronto Raptors,97,109
0022500031,2025-11-07,Regular Season,1610612751,BKN,Brooklyn Nets,1610612765,DET,Detroit Pistons,107,125
0022500032,2025-11-07,Regular Season,1610612759,SAS,San Antonio Spurs,1610612745,HOU,Houston Rockets,121,110
0022500033,2025-11-07,Regular Season,1610612748,MIA,Miami Heat,1610612766,CHA,Charlotte Hornets,126,108
0022500034,2025-11-07,Regular Season,1610612763,MEM,Memphis Grizzlies,1610612742,DAL,Dallas Mavericks,118,104
0022500035,2025-11-07,Regular Season,1610612749,MIL,Milwaukee Bucks,1610612741,CHI,Chicago Bulls,126,110
0022500036,2025-11-07,Regular Season,1610612750,MIN,Minnesota Timberwolves,1610612762,UTA,Utah Jazz,137,97
0022500037,2025-11-07,Regular Season,1610612743,DEN,Denver Nuggets,1610612744,GSW,Golden State Warriors,129,104
0022500038,2025-11-07,Regular Season,1610612758,SAC,Sacramento Kings,1610612760,OKC,Oklahoma City Thunder,101,132
0022500039,2025-11-14,Regular Season,1610612752,NYK,New York Knicks,1610612748,MIA,Miami Heat,140,132
0022500040,2025-11-14,Regular Season,1610612753,ORL,Orlando Magic,1610612751,BKN,Brooklyn Nets,105,98
0022500041,2025-11-14,Regular Season,1610612765,DET,Detroit Pistons,1610612755,PHI,Philadelphia 76ers,114,105
0022500042,2025-11-14,Regular Season,1610612745,HOU,Houston Rockets,1610612757,POR,Portland Trail Blazers,140,116
0022500043,2025-11-14,Regular Season,1610612749,MIL,Milwaukee Bucks,1610612766,CHA,Charlotte Hornets,147,134
0022500044,2025-11-14,Regular Season,1610612750,MIN,Minnesota Timberwolves,1610612758,SAC,Sacramento Kings,124,110
0022500045,2025-11-14,Regular Season,1610612740,NOP,New Orleans Pelicans,1610612747,LAL,Los Angeles Lakers,104,118
0022500046,2025-11-14,Regular Season,1610612742,DAL,Dallas Mavericks,1610612746,LAC,LA Clippers,127,133
0022500047,2025-11-14,Regular Season,1610612759,SAS,San Antonio Spurs,1610612744,GSW,Golden State Warriors,108,109
0022500048,2025-11-21,Regular Season,1610612739,CLE,Cleveland Cavaliers,1610612754,IND,Indiana Pacers,120,109
0022500049,2025-11-21,Regular Season,1610612738,BOS,Boston Celtics,1610612751,BKN,Brooklyn Nets,105,113
0022500050,2025-11-21,Regular Season,1610612761,TOR,Toronto Raptors,1610612764,WAS,Washington Wizards,140,110
0022500051,2025-11-21,Regular Season,1610612741,CHI,Chicago Bulls,1610612748,MIA,Miami Heat,107,143
0022500052,2025-11-21,Regular Season,1610612742,DAL,Dallas Mavericks,1610612740,NOP,New Orleans Pelicans,118,115
0022500053,2025-11-21,Regular Season,1610612756,PHX,Phoenix Suns,1610612750,MIN,Minnesota Timberwolves,114,113
0022500054,2025-11-21,Regular Season,1610612745,HOU,Houston Rockets,1610612743,DEN,Denver Nuggets,109,112
0022500055,2025-11-21,Regular Season,1610612762,UTA,Utah Jazz,1610612760,OKC,Oklahoma City Thunder,112,144
0022500056,2025-11-21,Regular Season,1610612744,GSW,Golden State Warriors,1610612757,POR,Portland Trail Blazers,123,127
0022500057,2025-11-25,Regular Season,1610612764,WAS,Washington Wizards,1610612737,ATL,Atlanta Hawks,132,113
0022500058,2025-11-25,Regular Season,1610612755,PHI,Philadelphia 76ers,1610612753,ORL,Orlando Magic,103,144
0022500059,2025-11-25,Regular Season,1610612747,LAL,Los Angeles Lakers,1610612746,LAC,LA Clippers,135,118
0022500060,2025-11-26,Regular Season,1610612738,BOS,Boston Celtics,1610612765,DET,Detroit Pistons,117,114
0022500061,2025-11-26,Regular Season,1610612766,CHA,Charlotte Hornets,1610612752,NYK,New York Knicks,101,129
0022500062,2025-11-26,Regular Season,1610612748,MIA,Miami Heat,1610612749,MIL,Milwaukee Bucks,106,103
0022500063,2025-11-26,Regular Season,1610612761,TOR,Toronto Raptors,1610612754,IND,Indiana Pacers,97,95
0022500064,2025-11-26,Regular Season,1610612760,OKC,Oklahoma City Thunder,1610612750,MIN,Minnesota Timberwolves,113,105
0022500065,2025-11-26,Regular Season,1610612740,NOP,New Orleans Pelicans,1610612763,MEM,Memphis Grizzlies,128,133
0022500066,2025-11-26,Regular Season,1610612744,GSW,Golden State Warriors,1610612745,HOU,Houston Rockets,100,104
0022500067,2025-11-26,Regular Season,1610612757,POR,Portland Trail Blazers,1610612759,SAS,San Antonio Spurs,102,115
0022500068,2025-11-26,Regular Season,1610612758,SAC,Sacramento Kings,1610612756,PHX,Phoenix Suns,100,112
0022500069,2025-11-28,Regular Season,1610612737,ATL,Atlanta Hawks,1610612739,CLE,Cleveland Cavaliers,130,123
0022500070,2025-11-28,Regular Season,1610612751,BKN,Brooklyn Nets,1610612755,PHI,Philadelphia 76ers,103,115
0022500071,2025-11-28,Regular Season,1610612766,CHA,Charlotte Hornets,1610612741,CHI,Chicago Bulls,123,116
0022500072,2025-11-28,Regular Season,1610612765,DET,Detroit Pistons,1610612753,ORL,Orlando Magic,109,112
0022500073,2025-11-28,Regular Season,1610612754,IND,Indiana Pacers,1610612764,WAS,Washington Wizards,119,86
0022500074,2025-11-28,Regular Season,1610612752,NYK,New York Knicks,1610612749,MIL,Milwaukee Bucks,118,109
0022500075,2025-11-28,Regular Season,1610612760,OKC,Oklahoma City Thunder,1610612756,PHX,Phoenix Suns,123,119
0022500076,2025-11-28,Regular Season,1610612743,DEN,Denver Nuggets,1610612759,SAS,San Antonio Spurs,136,139
0022500077,2025-11-28,Regular Season,1610612762,UTA,Utah Jazz,1610612758,SAC,Sacramento Kings,128,119
0022500078,2025-11-28,Regular Season,1610612747,LAL,Los Angeles Lakers,1610612742,DAL,Dallas Mavericks,129,119
0022500079,2025-11-28,Regular Season,1610612746,LAC,LA Clippers,1610612763,MEM,Memphis Grizzlies,107,112
0022500080,2025-10-22,Regular Season,1610612766,CHA,Charlotte Hornets,1610612751,BKN,Brooklyn Nets,136,117
0022500081,2025-10-22,Regular Season,1610612753,ORL,Orlando Magic,1610612748,MIA,Miami Heat,125,121
0022500082,2025-10-22,Regular Season,1610612737,ATL,Atlanta Hawks,1610612761,TOR,Toronto Raptors,118,138
0022500083,2025-10-22,Regular Season,1610612738,BOS,Boston Celtics,1610612755,PHI,Philadelphia 76ers,116,117
0022500084,2025-10-22,Regular Season,1610612741,CHI,Chicago Bulls,1610612765,DET,Detroit Pistons,115,111
0022500085,2025-10-22,Regular Season,1610612763,MEM,Memphis Grizzlies,1610612740,NOP,New Orleans Pelicans,128,122
0022500086,2025-10-22,Regular Season,1610612749,MIL,Milwaukee Bucks,1610612764,WAS,Washington Wizards,133,120
0022500087,2025-10-22,Regular Season,1610612762,UTA,Utah Jazz,1610612746,LAC,LA Clippers,129,108
0022500088,2025-10-22,Regular Season,1610612756,PHX,Phoenix Suns,1610612758,SAC,Sacramento Kings,120,116
0022500089,2025-10-22,Regular Season,1610612757,POR,Portland Trail Blazers,1610612750,MIN,Minnesota Timberwolves,114,118
0022500090,2025-10-24,Regular Season,1610612753,ORL,Orlando Magic,1610612737,ATL,Atlanta Hawks,107,111
0022500091,2025-10-24,Regular Season,1610612751,BKN,Brooklyn Nets,1610612739,CLE,Cleveland Cavaliers,124,131
0022500092,2025-10-24,Regular Season,1610612761,TOR,Toronto Raptors,1610612749,MIL,Milwaukee Bucks,116,122
0022500093,2025-10-24,Regular Season,1610612745,HOU,Houston Rockets,1610612765,DET,Detroit Pistons,111,115
0022500094,2025-10-24,Regular Season,1610612763,MEM,Memphis Grizzlies,1610612748,MIA,Miami Heat,114,146
0022500095,2025-10-24,Regular Season,1610612740,NOP,New Orleans Pelicans,1610612759,SAS,San Antonio Spurs,116,120
0022500096,2025-10-24,Regular Season,1610612742,DAL,Dallas Mavericks,1610612764,WAS,Washington Wizards,107,117
0022500097,2025-10-24,Regular Season,1610612757,POR,Portland Trail Blazers,1610612744,GSW,Golden State Warriors,139,119
0022500098,2025-10-24,Regular Season,1610612758,SAC,Sacramento Kings,1610612762,UTA,Utah Jazz,105,104
0022500099,2025-10-24,Regular Season,1610612746,LAC,LA Clippers,1610612756,PHX,Phoenix Suns,129,102
0022500100,2025-10-25,Regular Season,1610612753,ORL,Orlando Magic,1610612741,CHI,Chicago Bulls,98,110
0022500101,2025-10-25,Regular Season,1610612737,ATL,Atlanta Hawks,1610612760,OKC,Oklahoma City Thunder,100,117
0022500102,2025-10-25,Regular Season,1610612755,PHI,Philadelphia 76ers,1610612766,CHA,Charlotte Hornets,125,121
0022500103,2025-10-25,Regular Season,1610612763,MEM,Memphis Grizzlies,1610612754,IND,Indiana Pacers,128,103
0022500104,2025-10-25,Regular Season,1610612743,DEN,Denver Nuggets,1610612756,PHX,Phoenix Suns,133,111
0022500105,2025-10-26,Regular Season,1610612759,SAS,San Antonio Spurs,1610612751,BKN,Brooklyn Nets,118,107
0022500106,2025-10-26,Regular Season,1610612765,DET,Detroit Pistons,1610612738,BOS,Boston Celtics,119,113
0022500107,2025-10-26,Regular Season,1610612739,CLE,Cleveland Cavaliers,1610612749,MIL,Milwaukee Bucks,118,113
0022500108,2025-10-26,Regular Season,1610612748,MIA,Miami Heat,1610612752,NYK,New York Knicks,115,107
0022500109,2025-10-26,Regular Season,1610612764,WAS,Washington Wizards,1610612766,CHA,Charlotte Hornets,113,139
0022500110,2025-10-26,Regular Season,1610612750,MIN,Minnesota Timberwolves,1610612754,IND,Indiana Pacers,114,110
0022500111,2025-10-26,Regular Season,1610612742,DAL,Dallas Mavericks,1610612761,TOR,Toronto Raptors,139,129
0022500112,2025-10-26,Regular Season,1610612746,LAC,LA Clippers,1610612757,POR,Portland Trail Blazers,114,107
0022500113,2025-10-26,Regular Season,1610612758,SAC,Sacramento Kings,1610612747,LAL,Los Angeles Lakers,120,127
0022500114,2025-10-27,Regular Season,1610612755,PHI,Philadelphia 76ers,1610612753,ORL,Orlando Magic,136,124
0022500115,2025-10-27,Regular Season,1610612741,CHI,Chicago Bulls,1610612737,ATL,Atlanta Hawks,128,123
0022500116,2025-10-27,Regular Season,1610612745,HOU,Houston Rockets,1610612751,BKN,Brooklyn Nets,137,109
0022500117,2025-10-27,Regular Season,1610612740,NOP,New Orleans Pelicans,1610612738,BOS,Boston Celtics,90,122
0022500118,2025-10-27,Regular Season,1610612759,SAS,San Antonio Spurs,1610612761,TOR,Toronto Raptors,121,103
0022500119,2025-10-27,Regular Season,1610612742,DAL,Dallas Mavericks,1610612760,OKC,Oklahoma City Thunder,94,101
0022500120,2025-10-27,Regular Season,1610612762,UTA,Utah Jazz,1610612756,PHX,Phoenix Suns,138,134
0022500121,2025-10-27,Regular Season,1610612744,GSW,Golden State Warriors,1610612763,MEM,Memphis Grizzlies,131,118
0022500122,2025-10-27,Regular Season,1610612747,LAL,Los Angeles Lakers,1610612757,POR,Portland Trail Blazers,108,122
0022500123,2025-10-28,Regular Season,1610612764,WAS,Washington Wizards,1610612755,PHI,Philadelphia 76ers,134,139
0022500124,2025-10-28,Regular Season,1610612748,MIA,Miami Heat,1610612766,CHA,Charlotte Hornets,144,117
0022500125,2025-10-28,Regular Season,1610612749,MIL,Milwaukee Bucks,1610612752,NYK,New York Knicks,121,111
0022500126,2025-10-28,Regular Season,1610612760,OKC,Oklahoma City Thunder,1610612758,SAC,Sacramento Kings,107,101
0022500127,2025-10-28,Regular Season,1610612744,GSW,Golden State Warriors,1610612746,LAC,LA Clippers,98,79
0022500128,2025-10-29,Regular Season,1610612738,BOS,Boston Celtics,1610612739,CLE,Cleveland Cavaliers,125,105
0022500129,2025-10-29,Regular Season,1610612765,DET,Detroit Pistons,1610612753,ORL,Orlando Magic,135,116
0022500130,2025-10-29,Regular Season,1610612751,BKN,Brooklyn Nets,1610612737,ATL,Atlanta Hawks,112,117
0022500131,2025-10-29,Regular Season,1610612761,TOR,Toronto Raptors,1610612745,HOU,Houston Rockets,121,139
0022500132,2025-10-29,Regular Season,1610612741,CHI,Chicago Bulls,1610612758,SAC,Sacramento Kings,126,113
0022500133,2025-10-29,Regular Season,1610612742,DAL,Dallas Mavericks,1610612754,IND,Indiana Pacers,107,105
0022500134,2025-10-29,Regular Season,1610612743,DEN,Denver Nuggets,1610612740,NOP,New Orleans Pelicans,122,88
0022500135,2025-10-29,Regular Season,1610612762,UTA,Utah Jazz,1610612757,POR,Portland Trail Blazers,134,136
0022500136,2025-10-29,Regular Season,1610612750,MIN,Minnesota Timberwolves,1610612747,LAL,Los Angeles Lakers,115,116
0022500137,2025-10-29,Regular Season,1610612756,PHX,Phoenix Suns,1610612763,MEM,Memphis Grizzlies,113,114
0022500138,2025-10-30,Regular Season,1610612766,CHA,Charlotte Hornets,1610612753,ORL,Orlando Magic,107,123
0022500139,2025-10-30,Regular Season,1610612749,MIL,Milwaukee Bucks,1610612744,GSW,Golden State Warriors,120,110
0022500140,2025-10-30,Regular Season,1610612760,OKC,Oklahoma City Thunder,1610612764,WAS,Washington Wizards,127,108
0022500141,2025-10-30,Regular Season,1610612759,SAS,San Antonio Spurs,1610612748,MIA,Miami Heat,107,101
0022500142,2025-11-01,Regular Season,1610612749,MIL,Milwaukee Bucks,1610612758,SAC,Sacramento Kings,133,135
0022500143,2025-11-01,Regular Season,1610612766,CHA,Charlotte Hornets,1610612750,MIN,Minnesota Timberwolves,105,122
0022500144,2025-11-01,Regular Season,1610612754,IND,Indiana Pacers,1610612744,GSW,Golden State Warriors,114,109
0022500145,2025-11-01,Regular Season,1610612764,WAS,Washington Wizards,1610612753,ORL,Orlando Magic,94,125
0022500146,2025-11-01,Regular Season,1610612738,BOS,Boston Celtics,1610612745,HOU,Houston Rockets,101,128
0022500147,2025-11-01,Regular Season,1610612765,DET,Detroit Pistons,1610612742,DAL,Dallas Mavericks,122,110
0022500148,2025-11-02,Regular Season,1610612760,OKC,Oklahoma City Thunder,1610612740,NOP,New Orleans Pelicans,137,106
0022500149,2025-11-02,Regular Season,1610612751,BKN,Brooklyn Nets,1610612755,PHI,Philadelphia 76ers,105,129
0022500150,2025-11-02,Regular Season,1610612766,CHA,Charlotte Hornets,1610612762,UTA,Utah Jazz,126,103
0022500151,2025-11-02,Regular Season,1610612739,CLE,Cleveland Cavaliers,1610612737,ATL,Atlanta Hawks,117,109
0022500152,2025-11-02,Regular Season,1610612761,TOR,Toronto Raptors,1610612763,MEM,Memphis Grizzlies,117,104
0022500153,2025-11-02,Regular Season,1610612752,NYK,New York Knicks,1610612741,CHI,Chicago Bulls,128,116
0022500154,2025-11-02,Regular Season,1610612756,PHX,Phoenix Suns,1610612759,SAS,San Antonio Spurs,130,118
0022500155,2025-11-02,Regular Season,1610612747,LAL,Los Angeles Lakers,1610612748,MIA,Miami Heat,130,120
0022500156,2025-11-03,Regular Season,1610612751,BKN,Brooklyn Nets,1610612750,MIN,Minnesota Timberwolves,109,125
0022500157,2025-11-03,Regular Season,1610612754,IND,Indiana Pacers,1610612749,MIL,Milwaukee Bucks,115,117
0022500158,2025-11-03,Regular Season,1610612738,BOS,Boston Celtics,1610612762,UTA,Utah Jazz,103,105
0022500159,2025-11-03,Regular Season,1610612752,NYK,New York Knicks,1610612764,WAS,Washington Wizards,119,102
0022500160,2025-11-03,Regular Season,1610612745,HOU,Houston Rockets,1610612742,DAL,Dallas Mavericks,110,102
0022500161,2025-11-03,Regular Season,1610612763,MEM,Memphis Grizzlies,1610612765,DET,Detroit Pistons,106,114
0022500162,2025-11-03,Regular Season,1610612743,DEN,Denver Nuggets,1610612758,SAC,Sacramento Kings,130,124
0022500163,2025-11-03,Regular Season,1610612757,POR,Portland Trail Blazers,1610612747,LAL,Los Angeles Lakers,115,123
0022500164,2025-11-03,Regular Season,1610612746,LAC,LA Clippers,1610612748,MIA,Miami Heat,119,120
0022500165,2025-11-04,Regular Season,1610612761,TOR,Toronto Raptors,1610612749,MIL,Milwaukee Bucks,128,100
0022500166,2025-11-04,Regular Season,1610612737,ATL,Atlanta Hawks,1610612753,ORL,Orlando Magic,127,112
0022500167,2025-11-04,Regular Season,1610612741,CHI,Chicago Bulls,1610612755,PHI,Philadelphia 76ers,113,111
0022500168,2025-11-04,Regular Season,1610612740,NOP,New Orleans Pelicans,1610612766,CHA,Charlotte Hornets,116,112
0022500169,2025-11-04,Regular Season,1610612744,GSW,Golden State Warriors,1610612756,PHX,Phoenix Suns,118,107
0022500170,2025-11-04,Regular Season,1610612746,LAC,LA Clippers,1610612760,OKC,Oklahoma City Thunder,107,126
0022500171,2025-11-05,Regular Season,1610612739,CLE,Cleveland Cavaliers,1610612755,PHI,Philadelphia 76ers,132,121
0022500172,2025-11-05,Regular Season,1610612765,DET,Detroit Pistons,1610612762,UTA,Utah Jazz,114,103
0022500173,2025-11-05,Regular Season,1610612754,IND,Indiana Pacers,1610612751,BKN,Brooklyn Nets,103,112
0022500174,2025-11-05,Regular Season,1610612738,BOS,Boston Celtics,1610612764,WAS,Washington Wizards,136,107
0022500175,2025-11-05,Regular Season,1610612752,NYK,New York Knicks,1610612750,MIN,Minnesota Timberwolves,137,114
0022500176,2025-11-05,Regular Season,1610612763,MEM,Memphis Grizzlies,1610612745,HOU,Houston Rockets,109,124
0022500177,2025-11-05,Regular Season,1610612742,DAL,Dallas Mavericks,1610612740,NOP,New Orleans Pelicans,99,101
0022500178,2025-11-05,Regular Season,1610612743,DEN,Denver Nuggets,1610612748,MIA,Miami Heat,122,112
0022500179,2025-11-05,Regular Season,1610612747,LAL,Los Angeles Lakers,1610612759,SAS,San Antonio Spurs,118,116
0022500180,2025-11-05,Regular Season,1610612757,POR,Portland Trail Blazers,1610612760,OKC,Oklahoma City Thunder,121,119
0022500181,2025-11-05,Regular Season,1610612758,SAC,Sacramento Kings,1610612744,GSW,Golden State Warriors,121,116
0022500182,2025-11-06,Regular Season,1610612756,PHX,Phoenix Suns,1610612746,LAC,LA Clippers,115,102
0022500183,2025-11-08,Regular Season,1610612764,WAS,Washington Wizards,1610612742,DAL,Dallas Mavericks,105,111
0022500184,2025-11-08,Regular Season,1610612755,PHI,Philadelphia 76ers,1610612761,TOR,Toronto Raptors,130,120
0022500185,2025-11-08,Regular Season,1610612737,ATL,Atlanta Hawks,1610612747,LAL,Los Angeles Lakers,122,102
0022500186,2025-11-08,Regular Season,1610612739,CLE,Cleveland Cavaliers,1610612741,CHI,Chicago Bulls,128,122
0022500187,2025-11-08,Regular Season,1610612748,MIA,Miami Heat,1610612757,POR,Portland Trail Blazers,136,131
0022500188,2025-11-08,Regular Season,1610612759,SAS,San Antonio Spurs,1610612740,NOP,New Orleans Pelicans,126,119
0022500189,2025-11-08,Regular Season,1610612743,DEN,Denver Nuggets,1610612754,IND,Indiana Pacers,117,100
0022500190,2025-11-08,Regular Season,1610612746,LAC,LA Clippers,1610612756,PHX,Phoenix Suns,103,114
0022500191,2025-11-09,Regular Season,1610612749,MIL,Milwaukee Bucks,1610612745,HOU,Houston Rockets,115,122
0022500192,2025-11-09,Regular Season,1610612752,NYK,New York Knicks,1610612751,BKN,Brooklyn Nets,134,98
0022500193,2025-11-09,Regular Season,1610612753,ORL,Orlando Magic,1610612738,BOS,Boston Celtics,107,111
0022500194,2025-11-09,Regular Season,1610612763,MEM,Memphis Grizzlies,1610612760,OKC,Oklahoma City Thunder,100,114
0022500195,2025-11-09,Regular Season,1610612755,PHI,Philadelphia 76ers,1610612765,DET,Detroit Pistons,108,111
0022500196,2025-11-09,Regular Season,1610612744,GSW,Golden State Warriors,1610612754,IND,Indiana Pacers,114,83
0022500197,2025-11-09,Regular Season,1610612758,SAC,Sacramento Kings,1610612750,MIN,Minnesota Timberwolves,117,144
0022500198,2025-11-10,Regular Season,1610612766,CHA,Charlotte Hornets,1610612747,LAL,Los Angeles Lakers,111,121
0022500199,2025-11-10,Regular Season,1610612765,DET,Detroit Pistons,1610612764,WAS,Washington Wizards,137,135
0022500200,2025-11-10,Regular Season,1610612753,ORL,Orlando Magic,1610612757,POR,Portland Trail Blazers,115,112
0022500201,2025-11-10,Regular Season,1610612748,MIA,Miami Heat,1610612739,CLE,Cleveland Cavaliers,140,138
0022500202,2025-11-10,Regular Season,1610612741,CHI,Chicago Bulls,1610612759,SAS,San Antonio Spurs,117,121
0022500203,2025-11-10,Regular Season,1610612742,DAL,Dallas Mavericks,1610612749,MIL,Milwaukee Bucks,114,116
0022500204,2025-11-10,Regular Season,1610612756,PHX,Phoenix Suns,1610612740,NOP,New Orleans Pelicans,121,98
0022500205,2025-11-10,Regular Season,1610612762,UTA,Utah Jazz,1610612750,MIN,Minnesota Timberwolves,113,120
0022500206,2025-11-10,Regular Season,1610612746,LAC,LA Clippers,1610612737,ATL,Atlanta Hawks,102,105
0022500207,2025-11-11,Regular Season,1610612751,BKN,Brooklyn Nets,1610612761,TOR,Toronto Raptors,109,119
0022500208,2025-11-11,Regular Season,1610612752,NYK,New York Knicks,1610612763,MEM,Memphis Grizzlies,133,120
0022500209,2025-11-11,Regular Season,1610612755,PHI,Philadelphia 76ers,1610612738,BOS,Boston Celtics,102,100
0022500210,2025-11-11,Regular Season,1610612760,OKC,Oklahoma City Thunder,1610612744,GSW,Golden State Warriors,126,102
0022500211,2025-11-11,Regular Season,1610612762,UTA,Utah Jazz,1610612754,IND,Indiana Pacers,152,128
0022500212,2025-11-11,Regular Season,1610612758,SAC,Sacramento Kings,1610612743,DEN,Denver Nuggets,108,122
0022500213,2025-11-12,Regular Season,1610612766,CHA,Charlotte Hornets,1610612749,MIL,Milwaukee Bucks,111,100
0022500214,2025-11-12,Regular Season,1610612765,DET,Detroit Pistons,1610612741,CHI,Chicago Bulls,124,113
0022500215,2025-11-12,Regular Season,1610612752,NYK,New York Knicks,1610612753,ORL,Orlando Magic,107,124
0022500216,2025-11-12,Regular Season,1610612738,BOS,Boston Celtics,1610612763,MEM,Memphis Grizzlies,131,95
0022500217,2025-11-12,Regular Season,1610612748,MIA,Miami Heat,1610612739,CLE,Cleveland Cavaliers,116,130
0022500218,2025-11-12,Regular Season,1610612745,HOU,Houston Rockets,1610612764,WAS,Washington Wizards,135,112
0022500219,2025-11-12,Regular Season,1610612740,NOP,New Orleans Pelicans,1610612757,POR,Portland Trail Blazers,117,125
0022500220,2025-11-12,Regular Season,1610612759,SAS,San Antonio Spurs,1610612744,GSW,Golden State Warriors,120,125
0022500221,2025-11-12,Regular Season,1610612742,DAL,Dallas Mavericks,1610612756,PHX,Phoenix Suns,114,123
0022500222,2025-11-12,Regular Season,1610612760,OKC,Oklahoma City Thunder,1610612747,LAL,Los Angeles Lakers,121,92
0022500223,2025-11-12,Regular Season,1610612758,SAC,Sacramento Kings,1610612737,ATL,Atlanta Hawks,100,133
0022500224,2025-11-12,Regular Season,1610612746,LAC,LA Clippers,1610612743,DEN,Denver Nuggets,116,130
0022500225,2025-11-13,Regular Season,1610612739,CLE,Cleveland Cavaliers,1610612761,TOR,Toronto Raptors,113,126
0022500226,2025-11-13,Regular Season,1610612756,PHX,Phoenix Suns,1610612754,IND,Indiana Pacers,133,98
0022500227,2025-11-13,Regular Season,1610612762,UTA,Utah Jazz,1610612737,ATL,Atlanta Hawks,122,132
0022500228,2025-11-15,Regular Season,1610612739,CLE,Cleveland Cavaliers,1610612763,MEM,Memphis Grizzlies,108,100
0022500229,2025-11-15,Regular Season,1610612766,CHA,Charlotte Hornets,1610612760,OKC,Oklahoma City Thunder,96,109
0022500230,2025-11-15,Regular Season,1610612754,IND,Indiana Pacers,1610612761,TOR,Toronto Raptors,111,129
0022500231,2025-11-15,Regular Season,1610612749,MIL,Milwaukee Bucks,1610612747,LAL,Los Angeles Lakers,95,119
0022500232,2025-11-15,Regular Season,1610612750,MIN,Minnesota Timberwolves,1610612743,DEN,Denver Nuggets,112,123
0022500233,2025-11-16,Regular Season,1610612738,BOS,Boston Celtics,1610612746,LAC,LA Clippers,121,118
0022500234,2025-11-16,Regular Season,1610612759,SAS,San Antonio Spurs,1610612758,SAC,Sacramento Kings,123,110
0022500235,2025-11-16,Regular Season,1610612764,WAS,Washington Wizards,1610612751,BKN,Brooklyn Nets,106,129
0022500236,2025-11-16,Regular Season,1610612745,HOU,Houston Rockets,1610612753,ORL,Orlando Magic,117,113
0022500237,2025-11-16,Regular Season,1610612740,NOP,New Orleans Pelicans,1610612744,GSW,Golden State Warriors,106,124
0022500238,2025-11-16,Regular Season,1610612742,DAL,Dallas Mavericks,1610612757,POR,Portland Trail Blazers,138,133
0022500239,2025-11-16,Regular Season,1610612756,PHX,Phoenix Suns,1610612737,ATL,Atlanta Hawks,122,124
0022500240,2025-11-16,Regular Season,1610612762,UTA,Utah Jazz,1610612741,CHI,Chicago Bulls,150,147
0022500241,2025-11-17,Regular Season,1610612739,CLE,Cleveland Cavaliers,1610612749,MIL,Milwaukee Bucks,118,106
0022500242,2025-11-17,Regular Season,1610612765,DET,Detroit Pistons,1610612754,IND,Indiana Pacers,127,112
0022500243,2025-11-17,Regular Season,1610612755,PHI,Philadelphia 76ers,1610612746,LAC,LA Clippers,110,108
0022500244,2025-11-17,Regular Season,1610612748,MIA,Miami Heat,1610612752,NYK,New York Knicks,115,113
0022500245,2025-11-17,Regular Season,1610612761,TOR,Toronto Raptors,1610612766,CHA,Charlotte Hornets,110,108
0022500246,2025-11-17,Regular Season,1610612750,MIN,Minnesota Timberwolves,1610612742,DAL,Dallas Mavericks,120,96
0022500247,2025-11-17,Regular Season,1610612740,NOP,New Orleans Pelicans,1610612760,OKC,Oklahoma City Thunder,109,126
0022500248,2025-11-17,Regular Season,1610612743,DEN,Denver Nuggets,1610612741,CHI,Chicago Bulls,127,130
0022500249,2025-11-18,Regular Season,1610612753,ORL,Orlando Magic,1610612744,GSW,Golden State Warriors,121,113
0022500250,2025-11-18,Regular Season,1610612751,BKN,Brooklyn Nets,1610612738,BOS,Boston Celtics,99,113
0022500251,2025-11-18,Regular Season,1610612737,ATL,Atlanta Hawks,1610612765,DET,Detroit Pistons,112,120
0022500252,2025-11-18,Regular Season,1610612759,SAS,San Antonio Spurs,1610612763,MEM,Memphis Grizzlies,111,101
0022500253,2025-11-18,Regular Season,1610612747,LAL,Los Angeles Lakers,1610612762,UTA,Utah Jazz,140,126
0022500254,2025-11-18,Regular Season,1610612757,POR,Portland Trail Blazers,1610612756,PHX,Phoenix Suns,110,127
0022500255,2025-11-19,Regular Season,1610612739,CLE,Cleveland Cavaliers,1610612745,HOU,Houston Rockets,104,114
0022500256,2025-11-19,Regular Season,1610612754,IND,Indiana Pacers,1610612766,CHA,Charlotte Hornets,127,118
0022500257,2025-11-19,Regular Season,1610612748,MIA,Miami Heat,1610612744,GSW,Golden State Warriors,110,96
0022500258,2025-11-19,Regular Season,1610612755,PHI,Philadelphia 76ers,1610612761,TOR,Toronto Raptors,112,121
0022500259,2025-11-19,Regular Season,1610612750,MIN,Minnesota Timberwolves,1610612764,WAS,Washington Wizards,120,109
0022500260,2025-11-19,Regular Season,1610612740,NOP,New Orleans Pelicans,1610612743,DEN,Denver Nuggets,118,125
0022500261,2025-11-19,Regular Season,1610612760,OKC,Oklahoma City Thunder,1610612758,SAC,Sacramento Kings,113,99
0022500262,2025-11-19,Regular Season,1610612742,DAL,Dallas Mavericks,1610612752,NYK,New York Knicks,111,113
0022500263,2025-11-19,Regular Season,1610612757,POR,Portland Trail Blazers,1610612741,CHI,Chicago Bulls,121,122
0022500264,2025-11-20,Regular Season,1610612753,ORL,Orlando Magic,1610612746,LAC,LA Clippers,129,101
0022500265,2025-11-20,Regular Season,1610612763,MEM,Memphis Grizzlies,1610612758,SAC,Sacramento Kings,137,96
0022500266,2025-11-20,Regular Season,1610612749,MIL,Milwaukee Bucks,1610612755,PHI,Philadelphia 76ers,114,123
0022500267,2025-11-20,Regular Season,1610612759,SAS,San Antonio Spurs,1610612737,ATL,Atlanta Hawks,135,126
0022500268,2025-11-22,Regular Season,1610612766,CHA,Charlotte Hornets,1610612746,LAC,LA Clippers,116,131
0022500269,2025-11-22,Regular Season,1610612753,ORL,Orlando Magic,1610612752,NYK,New York Knicks,133,121
0022500270,2025-11-22,Regular Season,1610612740,NOP,New Orleans Pelicans,1610612737,ATL,Atlanta Hawks,98,115
0022500271,2025-11-22,Regular Season,1610612741,CHI,Chicago Bulls,1610612764,WAS,Washington Wizards,121,120
0022500272,2025-11-22,Regular Season,1610612749,MIL,Milwaukee Bucks,1610612765,DET,Detroit Pistons,116,129
0022500273,2025-11-22,Regular Season,1610612742,DAL,Dallas Mavericks,1610612763,MEM,Memphis Grizzlies,96,102
0022500274,2025-11-22,Regular Season,1610612743,DEN,Denver Nuggets,1610612758,SAC,Sacramento Kings,123,128
0022500275,2025-11-23,Regular Season,1610612755,PHI,Philadelphia 76ers,1610612748,MIA,Miami Heat,117,127
0022500276,2025-11-23,Regular Season,1610612737,ATL,Atlanta Hawks,1610612766,CHA,Charlotte Hornets,113,110
0022500277,2025-11-23,Regular Season,1610612738,BOS,Boston Celtics,1610612753,ORL,Orlando Magic,138,129
0022500278,2025-11-23,Regular Season,1610612739,CLE,Cleveland Cavaliers,1610612746,LAC,LA Clippers,120,105
0022500279,2025-11-23,Regular Season,1610612761,TOR,Toronto Raptors,1610612751,BKN,Brooklyn Nets,119,109
0022500280,2025-11-23,Regular Season,1610612760,OKC,Oklahoma City Thunder,1610612757,POR,Portland Trail Blazers,122,95
0022500281,2025-11-23,Regular Season,1610612756,PHX,Phoenix Suns,1610612759,SAS,San Antonio Spurs,111,102
0022500282,2025-11-23,Regular Season,1610612762,UTA,Utah Jazz,1610612747,LAL,Los Angeles Lakers,106,108
0022500283,2025-11-24,Regular Season,1610612754,IND,Indiana Pacers,1610612765,DET,Detroit Pistons,117,122
0022500284,2025-11-24,Regular Season,1610612761,TOR,Toronto Raptors,1610612739,CLE,Cleveland Cavaliers,110,99
0022500285,2025-11-24,Regular Season,1610612751,BKN,Brooklyn Nets,1610612752,NYK,New York Knicks,100,113
0022500286,2025-11-24,Regular Season,1610612748,MIA,Miami Heat,1610612742,DAL,Dallas Mavericks,106,102
0022500287,2025-11-24,Regular Season,1610612763,MEM,Memphis Grizzlies,1610612743,DEN,Denver Nuggets,115,125
0022500288,2025-11-24,Regular Season,1610612749,MIL,Milwaukee Bucks,1610612757,POR,Portland Trail Blazers,103,115
0022500289,2025-11-24,Regular Season,1610612740,NOP,New Orleans Pelicans,1610612741,CHI,Chicago Bulls,143,130
0022500290,2025-11-24,Regular Season,1610612756,PHX,Phoenix Suns,1610612745,HOU,Houston Rockets,92,114
0022500291,2025-11-24,Regular Season,1610612744,GSW,Golden State Warriors,1610612762,UTA,Utah Jazz,134,117
0022500292,2025-11-24,Regular Season,1610612758,SAC,Sacramento Kings,1610612750,MIN,Minnesota Timberwolves,117,112
0022500293,2025-11-29,Regular Season,1610612750,MIN,Minnesota Timberwolves,1610612738,BOS,Boston Celtics,119,115
0022500294,2025-11-29,Regular Season,1610612766,CHA,Charlotte Hornets,1610612761,TOR,Toronto Raptors,118,111
0022500295,2025-11-29,Regular Season,1610612754,IND,Indiana Pacers,1610612741,CHI,Chicago Bulls,103,101
0022500296,2025-11-29,Regular Season,1610612748,MIA,Miami Heat,1610612765,DET,Detroit Pistons,135,138
0022500297,2025-11-29,Regular Season,1610612749,MIL,Milwaukee Bucks,1610612751,BKN,Brooklyn Nets,116,99
0022500298,2025-11-29,Regular Season,1610612744,GSW,Golden State Warriors,1610612740,NOP,New Orleans Pelicans,104,96
0022500299,2025-11-29,Regular Season,1610612756,PHX,Phoenix Suns,1610612743,DEN,Denver Nuggets,112,130
0022500300,2025-11-29,Regular Season,1610612746,LAC,LA Clippers,1610612742,DAL,Dallas Mavericks,110,114
0022500301,2025-11-30,Regular Season,1610612762,UTA,Utah Jazz,1610612745,HOU,Houston Rockets,101,129
0022500302,2025-11-30,Regular Season,1610612739,CLE,Cleveland Cavaliers,1610612738,BOS,Boston Celtics,115,117
0022500303,2025-11-30,Regular Season,1610612752,NYK,New York Knicks,1610612761,TOR,Toronto Raptors,116,94
0022500304,2025-11-30,Regular Season,1610612755,PHI,Philadelphia 76ers,1610612737,ATL,Atlanta Hawks,134,142
0022500305,2025-11-30,Regular Season,1610612757,POR,Portland Trail Blazers,1610612760,OKC,Oklahoma City Thunder,115,123
0022500306,2025-11-30,Regular Season,1610612750,MIN,Minnesota Timberwolves,1610612759,SAS,San Antonio Spurs,125,112
0022500307,2025-11-30,Regular Season,1610612758,SAC,Sacramento Kings,1610612763,MEM,Memphis Grizzlies,107,115
0022500308,2025-11-30,Regular Season,1610612747,LAL,Los Angeles Lakers,1610612740,NOP,New Orleans Pelicans,133,121
0022500309,2025-12-01,Regular Season,1610612765,DET,Detroit Pistons,1610612737,ATL,Atlanta Hawks,99,98
0022500310,2025-12-01,Regular Season,1610612754,IND,Indiana Pacers,1610612739,CLE,Cleveland Cavaliers,119,135
0022500311,2025-12-01,Regular Season,1610612764,WAS,Washington Wizards,1610612749,MIL,Milwaukee Bucks,129,126
0022500312,2025-12-01,Regular Season,1610612751,BKN,Brooklyn Nets,1610612766,CHA,Charlotte Hornets,116,103
0022500313,2025-12-01,Regular Season,1610612748,MIA,Miami Heat,1610612746,LAC,LA Clippers,140,123
0022500314,2025-12-01,Regular Season,1610612753,ORL,Orlando Magic,1610612741,CHI,Chicago Bulls,125,120
0022500315,2025-12-01,Regular Season,1610612743,DEN,Denver Nuggets,1610612742,DAL,Dallas Mavericks,121,131
0022500316,2025-12-01,Regular Season,1610612762,UTA,Utah Jazz,1610612745,HOU,Houston Rockets,133,125
0022500317,2025-12-01,Regular Season,1610612747,LAL,Los Angeles Lakers,1610612756,PHX,Phoenix Suns,108,125
0022500318,2025-12-02,Regular Season,1610612755,PHI,Philadelphia 76ers,1610612764,WAS,Washington Wizards,121,102
0022500319,2025-12-02,Regular Season,1610612761,TOR,Toronto Raptors,1610612757,POR,Portland Trail Blazers,121,118
0022500320,2025-12-02,Regular Season,1610612738,BOS,Boston Celtics,1610612752,NYK,New York Knicks,123,117
0022500321,2025-12-02,Regular Season,1610612740,NOP,New Orleans Pelicans,1610612750,MIN,Minnesota Timberwolves,142,149
0022500322,2025-12-02,Regular Season,1610612759,SAS,San Antonio Spurs,1610612763,MEM,Memphis Grizzlies,126,119
0022500323,2025-12-02,Regular Season,1610612744,GSW,Golden State Warriors,1610612760,OKC,Oklahoma City Thunder,112,124
0022500324,2025-12-03,Regular Season,1610612739,CLE,Cleveland Cavaliers,1610612757,POR,Portland Trail Blazers,110,122
0022500325,2025-12-03,Regular Season,1610612754,IND,Indiana Pacers,1610612743,DEN,Denver Nuggets,120,135
0022500326,2025-12-03,Regular Season,1610612753,ORL,Orlando Magic,1610612759,SAS,San Antonio Spurs,112,114
0022500327,2025-12-03,Regular Season,1610612737,ATL,Atlanta Hawks,1610612746,LAC,LA Clippers,92,115
0022500328,2025-12-03,Regular Season,1610612752,NYK,New York Knicks,1610612766,CHA,Charlotte Hornets,119,104
0022500329,2025-12-03,Regular Season,1610612741,CHI,Chicago Bulls,1610612751,BKN,Brooklyn Nets,103,113
0022500330,2025-12-03,Regular Season,1610612745,HOU,Houston Rockets,1610612758,SAC,Sacramento Kings,121,95
0022500331,2025-12-03,Regular Season,1610612749,MIL,Milwaukee Bucks,1610612765,DET,Detroit Pistons,113,109
0022500332,2025-12-03,Regular Season,1610612742,DAL,Dallas Mavericks,1610612748,MIA,Miami Heat,118,108
0022500333,2025-12-04,Regular Season,1610612755,PHI,Philadelphia 76ers,1610612744,GSW,Golden State Warriors,99,98
0022500334,2025-12-04,Regular Season,1610612764,WAS,Washington Wizards,1610612738,BOS,Boston Celtics,101,146
0022500335,2025-12-04,Regular Season,1610612751,BKN,Brooklyn Nets,1610612762,UTA,Utah Jazz,110,123
0022500336,2025-12-04,Regular Season,1610612761,TOR,Toronto Raptors,1610612747,LAL,Los Angeles Lakers,120,123
0022500337,2025-12-04,Regular Season,1610612740,NOP,New Orleans Pelicans,1610612750,MIN,Minnesota Timberwolves,116,125
0022500338,2025-12-05,Regular Season,1610612738,BOS,Boston Celtics,1610612747,LAL,Los Angeles Lakers,126,105
0022500339,2025-12-05,Regular Season,1610612753,ORL,Orlando Magic,1610612748,MIA,Miami Heat,106,105
0022500340,2025-12-05,Regular Season,1610612737,ATL,Atlanta Hawks,1610612743,DEN,Denver Nuggets,133,134
0022500341,2025-12-05,Regular Season,1610612739,CLE,Cleveland Cavaliers,1610612759,SAS,San Antonio Spurs,130,117
0022500342,2025-12-05,Regular Season,1610612765,DET,Detroit Pistons,1610612757,POR,Portland Trail Blazers,122,116
0022500343,2025-12-05,Regular Season,1610612752,NYK,New York Knicks,1610612762,UTA,Utah Jazz,146,112
0022500344,2025-12-05,Regular Season,1610612761,TOR,Toronto Raptors,1610612766,CHA,Charlotte Hornets,86,111
0022500345,2025-12-05,Regular Season,1610612741,CHI,Chicago Bulls,1610612754,IND,Indiana Pacers,105,120
0022500346,2025-12-05,Regular Season,1610612745,HOU,Houston Rockets,1610612756,PHX,Phoenix Suns,117,98
0022500347,2025-12-05,Regular Season,1610612763,MEM,Memphis Grizzlies,1610612746,LAC,LA Clippers,107,98
0022500348,2025-12-05,Regular Season,1610612749,MIL,Milwaukee Bucks,1610612755,PHI,Philadelphia 76ers,101,116
0022500349,2025-12-05,Regular Season,1610612760,OKC,Oklahoma City Thunder,1610612742,DAL,Dallas Mavericks,132,111
0022500350,2025-12-06,Regular Season,1610612751,BKN,Brooklyn Nets,1610612740,NOP,New Orleans Pelicans,119,101
0022500351,2025-12-06,Regular Season,1610612764,WAS,Washington Wizards,1610612737,ATL,Atlanta Hawks,116,131
0022500352,2025-12-06,Regular Season,1610612739,CLE,Cleveland Cavaliers,1610612744,GSW,Golden State Warriors,94,99
0022500353,2025-12-06,Regular Season,1610612765,DET,Detroit Pistons,1610612749,MIL,Milwaukee Bucks,124,112
0022500354,2025-12-06,Regular Season,1610612748,MIA,Miami Heat,1610612758,SAC,Sacramento Kings,111,127
0022500355,2025-12-06,Regular Season,1610612750,MIN,Minnesota Timberwolves,1610612746,LAC,LA Clippers,109,106
0022500356,2025-12-06,Regular Season,1610612742,DAL,Dallas Mavericks,1610612745,HOU,Houston Rockets,122,109
0022500357,2025-12-07,Regular Season,1610612752,NYK,New York Knicks,1610612753,ORL,Orlando Magic,106,100
0022500358,2025-12-07,Regular Season,1610612761,TOR,Toronto Raptors,1610612738,BOS,Boston Celtics,113,121
0022500359,2025-12-07,Regular Season,1610612766,CHA,Charlotte Hornets,1610612743,DEN,Denver Nuggets,106,115
0022500360,2025-12-07,Regular Season,1610612763,MEM,Memphis Grizzlies,1610612757,POR,Portland Trail Blazers,119,96
0022500361,2025-12-07,Regular Season,1610612741,CHI,Chicago Bulls,1610612744,GSW,Golden State Warriors,91,123
0022500362,2025-12-07,Regular Season,1610612755,PHI,Philadelphia 76ers,1610612747,LAL,Los Angeles Lakers,108,112
0022500363,2025-12-07,Regular Season,1610612762,UTA,Utah Jazz,1610612760,OKC,Oklahoma City Thunder,101,131
0022500364,2025-12-08,Regular Season,1610612754,IND,Indiana Pacers,1610612758,SAC,Sacramento Kings,116,105
0022500365,2025-12-08,Regular Season,1610612750,MIN,Minnesota Timberwolves,1610612756,PHX,Phoenix Suns,105,108
0022500366,2025-12-08,Regular Season,1610612740,NOP,New Orleans Pelicans,1610612759,SAS,San Antonio Spurs,132,135
0022500367,2025-12-17,Regular Season,1610612741,CHI,Chicago Bulls,1610612739,CLE,Cleveland Cavaliers,127,111
0022500368,2025-12-17,Regular Season,1610612750,MIN,Minnesota Timberwolves,1610612763,MEM,Memphis Grizzlies,110,116
0022500369,2025-12-18,Regular Season,1610612760,OKC,Oklahoma City Thunder,1610612746,LAC,LA Clippers,122,101
0022500370,2025-12-18,Regular Season,1610612759,SAS,San Antonio Spurs,1610612764,WAS,Washington Wizards,119,94
0022500371,2025-12-18,Regular Season,1610612766,CHA,Charlotte Hornets,1610612737,ATL,Atlanta Hawks,133,126
0022500372,2025-12-18,Regular Season,1610612754,IND,Indiana Pacers,1610612752,NYK,New York Knicks,113,114
0022500373,2025-12-18,Regular Season,1610612751,BKN,Brooklyn Nets,1610612748,MIA,Miami Heat,95,106
0022500374,2025-12-18,Regular Season,1610612749,MIL,Milwaukee Bucks,1610612761,TOR,Toronto Raptors,105,111
0022500375,2025-12-18,Regular Season,1610612740,NOP,New Orleans Pelicans,1610612745,HOU,Houston Rockets,133,128
0022500376,2025-12-18,Regular Season,1610612742,DAL,Dallas Mavericks,1610612765,DET,Detroit Pistons,116,114
0022500377,2025-12-18,Regular Season,1610612743,DEN,Denver Nuggets,1610612753,ORL,Orlando Magic,126,115
0022500378,2025-12-18,Regular Season,1610612756,PHX,Phoenix Suns,1610612744,GSW,Golden State Warriors,99,98
0022500379,2025-12-18,Regular Season,1610612762,UTA,Utah Jazz,1610612747,LAL,Los Angeles Lakers,135,143
0022500380,2025-12-18,Regular Season,1610612757,POR,Portland Trail Blazers,1610612758,SAC,Sacramento Kings,134,133
0022500381,2025-12-19,Regular Season,1610612738,BOS,Boston Celtics,1610612748,MIA,Miami Heat,129,116
0022500382,2025-12-19,Regular Season,1610612752,NYK,New York Knicks,1610612755,PHI,Philadelphia 76ers,107,116
0022500383,2025-12-19,Regular Season,1610612737,ATL,Atlanta Hawks,1610612759,SAS,San Antonio Spurs,98,126
0022500384,2025-12-19,Regular Season,1610612739,CLE,Cleveland Cavaliers,1610612741,CHI,Chicago Bulls,125,136
0022500385,2025-12-19,Regular Season,1610612750,MIN,Minnesota Timberwolves,1610612760,OKC,Oklahoma City Thunder,112,107
0022500386,2025-12-20,Regular Season,1610612743,DEN,Denver Nuggets,1610612745,HOU,Houston Rockets,101,115
0022500387,2025-12-20,Regular Season,1610612755,PHI,Philadelphia 76ers,1610612742,DAL,Dallas Mavericks,121,114
0022500388,2025-12-20,Regular Season,1610612761,TOR,Toronto Raptors,1610612738,BOS,Boston Celtics,96,112
0022500389,2025-12-20,Regular Season,1610612740,NOP,New Orleans Pelicans,1610612754,IND,Indiana Pacers,128,109
0022500390,2025-12-20,Regular Season,1610612765,DET,Detroit Pistons,1610612766,CHA,Charlotte Hornets,112,86
0022500391,2025-12-20,Regular Season,1610612763,MEM,Memphis Grizzlies,1610612764,WAS,Washington Wizards,122,130
0022500392,2025-12-20,Regular Season,1610612744,GSW,Golden State Warriors,1610612756,PHX,Phoenix Suns,119,116
0022500393,2025-12-20,Regular Season,1610612762,UTA,Utah Jazz,1610612753,ORL,Orlando Magic,127,128
0022500394,2025-12-20,Regular Season,1610612758,SAC,Sacramento Kings,1610612757,POR,Portland Trail Blazers,93,98
0022500395,2025-12-20,Regular Season,1610612746,LAC,LA Clippers,1610612747,LAL,Los Angeles Lakers,103,88
0022500396,2025-12-21,Regular Season,1610612737,ATL,Atlanta Hawks,1610612741,CHI,Chicago Bulls,150,152
0022500397,2025-12-21,Regular Season,1610612751,BKN,Brooklyn Nets,1610612761,TOR,Toronto Raptors,96,81
0022500398,2025-12-21,Regular Season,1610612752,NYK,New York Knicks,1610612748,MIA,Miami Heat,132,125
0022500399,2025-12-21,Regular Season,1610612764,WAS,Washington Wizards,1610612759,SAS,San Antonio Spurs,113,124
0022500400,2025-12-21,Regular Season,1610612750,MIN,Minnesota Timberwolves,1610612749,MIL,Milwaukee Bucks,103,100
0022500401,2025-12-21,Regular Season,1610612758,SAC,Sacramento Kings,1610612745,HOU,Houston Rockets,125,124
0022500402,2025-12-22,Regular Season,1610612739,CLE,Cleveland Cavaliers,1610612766,CHA,Charlotte Hornets,139,132
0022500403,2025-12-22,Regular Season,1610612738,BOS,Boston Celtics,1610612754,IND,Indiana Pacers,103,95
0022500404,2025-12-22,Regular Season,1610612740,NOP,New Orleans Pelicans,1610612742,DAL,Dallas Mavericks,119,113
0022500405,2025-12-22,Regular Season,1610612743,DEN,Denver Nuggets,1610612762,UTA,Utah Jazz,135,112
0022500406,2025-12-22,Regular Season,1610612760,OKC,Oklahoma City Thunder,1610612763,MEM,Memphis Grizzlies,119,103
0022500407,2025-12-22,Regular Season,1610612744,GSW,Golden State Warriors,1610612753,ORL,Orlando Magic,120,97
0022500408,2025-12-22,Regular Season,1610612757,POR,Portland Trail Blazers,1610612765,DET,Detroit Pistons,102,110
0022500409,2025-12-23,Regular Season,1610612766,CHA,Charlotte Hornets,1610612764,WAS,Washington Wizards,126,109
0022500410,2025-12-23,Regular Season,1610612755,PHI,Philadelphia 76ers,1610612751,BKN,Brooklyn Nets,106,114
0022500411,2025-12-23,Regular Season,1610612737,ATL,Atlanta Hawks,1610612741,CHI,Chicago Bulls,123,126
0022500412,2025-12-23,Regular Season,1610612739,CLE,Cleveland Cavaliers,1610612740,NOP,New Orleans Pelicans,141,118
0022500413,2025-12-23,Regular Season,1610612754,IND,Indiana Pacers,1610612749,MIL,Milwaukee Bucks,94,111
0022500414,2025-12-23,Regular Season,1610612748,MIA,Miami Heat,1610612761,TOR,Toronto Raptors,91,112
0022500415,2025-12-23,Regular Season,1610612742,DAL,Dallas Mavericks,1610612743,DEN,Denver Nuggets,131,130
0022500416,2025-12-23,Regular Season,1610612750,MIN,Minnesota Timberwolves,1610612752,NYK,New York Knicks,115,104
0022500417,2025-12-23,Regular Season,1610612759,SAS,San Antonio Spurs,1610612760,OKC,Oklahoma City Thunder,130,110
0022500418,2025-12-23,Regular Season,1610612756,PHX,Phoenix Suns,1610612747,LAL,Los Angeles Lakers,132,108
0022500419,2025-12-23,Regular Season,1610612762,UTA,Utah Jazz,1610612763,MEM,Memphis Grizzlies,128,137
0022500420,2025-12-23,Regular Season,1610612757,POR,Portland Trail Blazers,1610612753,ORL,Orlando Magic,106,110
0022500421,2025-12-23,Regular Season,1610612758,SAC,Sacramento Kings,1610612765,DET,Detroit Pistons,127,136
0022500422,2025-12-23,Regular Season,1610612746,LAC,LA Clippers,1610612745,HOU,Houston Rockets,128,108
0022500423,2025-12-26,Regular Season,1610612737,ATL,Atlanta Hawks,1610612748,MIA,Miami Heat,111,126
0022500424,2025-12-26,Regular Season,1610612753,ORL,Orlando Magic,1610612766,CHA,Charlotte Hornets,105,120
0022500425,2025-12-26,Regular Season,1610612764,WAS,Washington Wizards,1610612761,TOR,Toronto Raptors,138,117
0022500426,2025-12-26,Regular Season,1610612754,IND,Indiana Pacers,1610612738,BOS,Boston Celtics,122,140
0022500427,2025-12-26,Regular Season,1610612741,CHI,Chicago Bulls,1610612755,PHI,Philadelphia 76ers,109,102
0022500428,2025-12-26,Regular Season,1610612763,MEM,Memphis Grizzlies,1610612749,MIL,Milwaukee Bucks,125,104
0022500429,2025-12-26,Regular Season,1610612740,NOP,New Orleans Pelicans,1610612756,PHX,Phoenix Suns,108,115
0022500430,2025-12-26,Regular Season,1610612762,UTA,Utah Jazz,1610612765,DET,Detroit Pistons,131,129
0022500431,2025-12-26,Regular Season,1610612757,POR,Portland Trail Blazers,1610612746,LAC,LA Clippers,103,119
0022500432,2025-12-27,Regular Season,1610612758,SAC,Sacramento Kings,1610612742,DAL,Dallas Mavericks,113,107
0022500433,2025-12-27,Regular Season,1610612753,ORL,Orlando Magic,1610612743,DEN,Denver Nuggets,127,126
0022500434,2025-12-27,Regular Season,1610612740,NOP,New Orleans Pelicans,1610612756,PHX,Phoenix Suns,114,123
0022500435,2025-12-27,Regular Season,1610612737,ATL,Atlanta Hawks,1610612752,NYK,New York Knicks,125,128
0022500436,2025-12-27,Regular Season,1610612748,MIA,Miami Heat,1610612754,IND,Indiana Pacers,142,116
0022500437,2025-12-27,Regular Season,1610612741,CHI,Chicago Bulls,1610612749,MIL,Milwaukee Bucks,103,112
0022500438,2025-12-27,Regular Season,1610612745,HOU,Houston Rockets,1610612739,CLE,Cleveland Cavaliers,117,100
0022500439,2025-12-27,Regular Season,1610612750,MIN,Minnesota Timberwolves,1610612751,BKN,Brooklyn Nets,107,123
0022500440,2025-12-27,Regular Season,1610612759,SAS,San Antonio Spurs,1610612762,UTA,Utah Jazz,114,127
0022500441,2025-12-28,Regular Season,1610612761,TOR,Toronto Raptors,1610612744,GSW,Golden State Warriors,141,127
0022500442,2025-12-28,Regular Season,1610612760,OKC,Oklahoma City Thunder,1610612755,PHI,Philadelphia 76ers,129,104
0022500443,2025-12-28,Regular Season,1610612764,WAS,Washington Wizards,1610612763,MEM,Memphis Grizzlies,116,112
0022500444,2025-12-28,Regular Season,1610612757,POR,Portland Trail Blazers,1610612738,BOS,Boston Celtics,114,108
0022500445,2025-12-28,Regular Season,1610612746,LAC,LA Clippers,1610612765,DET,Detroit Pistons,112,99
0022500446,2025-12-28,Regular Season,1610612747,LAL,Los Angeles Lakers,1610612758,SAC,Sacramento Kings,125,101
0022500447,2025-12-29,Regular Season,1610612766,CHA,Charlotte Hornets,1610612749,MIL,Milwaukee Bucks,113,123
0022500448,2025-12-29,Regular Season,1610612764,WAS,Washington Wizards,1610612756,PHX,Phoenix Suns,101,115
0022500449,2025-12-29,Regular Season,1610612751,BKN,Brooklyn Nets,1610612744,GSW,Golden State Warriors,107,120
0022500450,2025-12-29,Regular Season,1610612748,MIA,Miami Heat,1610612743,DEN,Denver Nuggets,147,123
0022500451,2025-12-29,Regular Season,1610612761,TOR,Toronto Raptors,1610612753,ORL,Orlando Magic,107,106
0022500452,2025-12-29,Regular Season,1610612741,CHI,Chicago Bulls,1610612750,MIN,Minnesota Timberwolves,101,136
0022500453,2025-12-29,Regular Season,1610612745,HOU,Houston Rockets,1610612754,IND,Indiana Pacers,126,119
0022500454,2025-12-29,Regular Season,1610612740,NOP,New Orleans Pelicans,1610612752,NYK,New York Knicks,125,130
0022500455,2025-12-29,Regular Season,1610612760,OKC,Oklahoma City Thunder,1610612737,ATL,Atlanta Hawks,140,129
0022500456,2025-12-29,Regular Season,1610612759,SAS,San Antonio Spurs,1610612739,CLE,Cleveland Cavaliers,101,113
0022500457,2025-12-29,Regular Season,1610612757,POR,Portland Trail Blazers,1610612742,DAL,Dallas Mavericks,125,122
0022500458,2025-12-30,Regular Season,1610612763,MEM,Memphis Grizzlies,1610612755,PHI,Philadelphia 76ers,136,139
0022500459,2025-12-30,Regular Season,1610612762,UTA,Utah Jazz,1610612738,BOS,Boston Celtics,119,129
0022500460,2025-12-30,Regular Season,1610612747,LAL,Los Angeles Lakers,1610612765,DET,Detroit Pistons,106,128
0022500461,2025-12-30,Regular Season,1610612746,LAC,LA Clippers,1610612758,SAC,Sacramento Kings,131,90
0022500462,2025-12-31,Regular Season,1610612766,CHA,Charlotte Hornets,1610612744,GSW,Golden State Warriors,125,132
0022500463,2025-12-31,Regular Season,1610612737,ATL,Atlanta Hawks,1610612750,MIN,Minnesota Timberwolves,126,102
0022500464,2025-12-31,Regular Season,1610612754,IND,Indiana Pacers,1610612753,ORL,Orlando Magic,110,112
0022500465,2025-12-31,Regular Season,1610612739,CLE,Cleveland Cavaliers,1610612756,PHX,Phoenix Suns,129,113
0022500466,2025-12-31,Regular Season,1610612741,CHI,Chicago Bulls,1610612740,NOP,New Orleans Pelicans,134,118
0022500467,2025-12-31,Regular Season,1610612759,SAS,San Antonio Spurs,1610612752,NYK,New York Knicks,134,132
0022500468,2025-12-31,Regular Season,1610612761,TOR,Toronto Raptors,1610612743,DEN,Denver Nuggets,103,106
0022500469,2025-12-31,Regular Season,1610612749,MIL,Milwaukee Bucks,1610612764,WAS,Washington Wizards,113,114
0022500470,2025-12-31,Regular Season,1610612760,OKC,Oklahoma City Thunder,1610612757,POR,Portland Trail Blazers,124,95
0022500471,2026-01-01,Regular Season,1610612751,BKN,Brooklyn Nets,1610612745,HOU,Houston Rockets,96,120
0022500472,2026-01-01,Regular Season,1610612765,DET,Detroit Pistons,1610612748,MIA,Miami Heat,112,118
0022500473,2026-01-01,Regular Season,1610612742,DAL,Dallas Mavericks,1610612755,PHI,Philadelphia 76ers,108,123
0022500474,2026-01-01,Regular Season,1610612758,SAC,Sacramento Kings,1610612738,BOS,Boston Celtics,106,120
0022500475,2026-01-01,Regular Season,1610612746,LAC,LA Clippers,1610612762,UTA,Utah Jazz,118,101
0022500476,2026-01-02,Regular Season,1610612754,IND,Indiana Pacers,1610612759,SAS,San Antonio Spurs,113,123
0022500477,2026-01-02,Regular Season,1610612764,WAS,Washington Wizards,1610612751,BKN,Brooklyn Nets,119,99
0022500478,2026-01-02,Regular Season,1610612739,CLE,Cleveland Cavaliers,1610612743,DEN,Denver Nuggets,113,108
0022500479,2026-01-02,Regular Season,1610612752,NYK,New York Knicks,1610612737,ATL,Atlanta Hawks,99,111
0022500480,2026-01-02,Regular Season,1610612741,CHI,Chicago Bulls,1610612753,ORL,Orlando Magic,121,114
0022500481,2026-01-02,Regular Season,1610612749,MIL,Milwaukee Bucks,1610612766,CHA,Charlotte Hornets,122,121
0022500482,2026-01-02,Regular Season,1610612740,NOP,New Orleans Pelicans,1610612757,POR,Portland Trail Blazers,109,122
0022500483,2026-01-02,Regular Season,1610612756,PHX,Phoenix Suns,1610612758,SAC,Sacramento Kings,129,102
0022500484,2026-01-02,Regular Season,1610612744,GSW,Golden State Warriors,1610612760,OKC,Oklahoma City Thunder,94,131
0022500485,2026-01-02,Regular Season,1610612747,LAL,Los Angeles Lakers,1610612763,MEM,Memphis Grizzlies,128,121
0022500486,2026-01-03,Regular Season,1610612748,MIA,Miami Heat,1610612750,MIN,Minnesota Timberwolves,115,125
0022500487,2026-01-03,Regular Season,1610612752,NYK,New York Knicks,1610612755,PHI,Philadelphia 76ers,119,130
0022500488,2026-01-03,Regular Season,1610612761,TOR,Toronto Raptors,1610612737,ATL,Atlanta Hawks,134,117
0022500489,2026-01-03,Regular Season,1610612741,CHI,Chicago Bulls,1610612766,CHA,Charlotte Hornets,99,112
0022500490,2026-01-03,Regular Season,1610612759,SAS,San Antonio Spurs,1610612757,POR,Portland Trail Blazers,110,115
0022500491,2026-01-03,Regular Season,1610612742,DAL,Dallas Mavericks,1610612745,HOU,Houston Rockets,110,104
0022500492,2026-01-03,Regular Season,1610612744,GSW,Golden State Warriors,1610612762,UTA,Utah Jazz,123,114
0022500493,2026-01-03,Regular Season,1610612746,LAC,LA Clippers,1610612738,BOS,Boston Celtics,115,146
0022500494,2026-01-04,Regular Season,1610612739,CLE,Cleveland Cavaliers,1610612765,DET,Detroit Pistons,110,114
0022500495,2026-01-04,Regular Season,1610612753,ORL,Orlando Magic,1610612754,IND,Indiana Pacers,135,127
0022500496,2026-01-04,Regular Season,1610612751,BKN,Brooklyn Nets,1610612743,DEN,Denver Nuggets,127,115
0022500497,2026-01-04,Regular Season,1610612748,MIA,Miami Heat,1610612740,NOP,New Orleans Pelicans,125,106
0022500498,2026-01-04,Regular Season,1610612764,WAS,Washington Wizards,1610612750,MIN,Minnesota Timberwolves,115,141
0022500499,2026-01-04,Regular Season,1610612756,PHX,Phoenix Suns,1610612760,OKC,Oklahoma City Thunder,108,105
0022500500,2026-01-04,Regular Season,1610612758,SAC,Sacramento Kings,1610612749,MIL,Milwaukee Bucks,98,115
0022500501,2026-01-04,Regular Season,1610612747,LAL,Los Angeles Lakers,1610612763,MEM,Memphis Grizzlies,120,114
0022500502,2026-01-05,Regular Season,1610612765,DET,Detroit Pistons,1610612752,NYK,New York Knicks,121,90
0022500503,2026-01-05,Regular Season,1610612738,BOS,Boston Celtics,1610612741,CHI,Chicago Bulls,115,101
0022500504,2026-01-05,Regular Season,1610612761,TOR,Toronto Raptors,1610612737,ATL,Atlanta Hawks,118,100
0022500505,2026-01-05,Regular Season,1610612745,HOU,Houston Rockets,1610612756,PHX,Phoenix Suns,100,97
0022500506,2026-01-05,Regular Season,1610612760,OKC,Oklahoma City Thunder,1610612766,CHA,Charlotte Hornets,97,124
0022500507,2026-01-05,Regular Season,1610612755,PHI,Philadelphia 76ers,1610612743,DEN,Denver Nuggets,124,125
0022500508,2026-01-05,Regular Season,1610612746,LAC,LA Clippers,1610612744,GSW,Golden State Warriors,103,102
0022500509,2026-01-05,Regular Season,1610612757,POR,Portland Trail Blazers,1610612762,UTA,Utah Jazz,137,117
0022500510,2026-01-06,Regular Season,1610612754,IND,Indiana Pacers,1610612739,CLE,Cleveland Cavaliers,116,120
0022500511,2026-01-06,Regular Season,1610612764,WAS,Washington Wizards,1610612753,ORL,Orlando Magic,120,112
0022500512,2026-01-06,Regular Season,1610612763,MEM,Memphis Grizzlies,1610612759,SAS,San Antonio Spurs,106,105
0022500513,2026-01-06,Regular Season,1610612750,MIN,Minnesota Timberwolves,1610612748,MIA,Miami Heat,122,94
0022500514,2026-01-06,Regular Season,1610612740,NOP,New Orleans Pelicans,1610612747,LAL,Los Angeles Lakers,103,111
0022500515,2026-01-06,Regular Season,1610612758,SAC,Sacramento Kings,1610612742,DAL,Dallas Mavericks,98,100
0022500516,2026-01-07,Regular Season,1610612766,CHA,Charlotte Hornets,1610612761,TOR,Toronto Raptors,96,97
0022500517,2026-01-07,Regular Season,1610612765,DET,Detroit Pistons,1610612741,CHI,Chicago Bulls,108,93
0022500518,2026-01-07,Regular Season,1610612755,PHI,Philadelphia 76ers,1610612764,WAS,Washington Wizards,131,110
0022500519,2026-01-07,Regular Season,1610612737,ATL,Atlanta Hawks,1610612740,NOP,New Orleans Pelicans,117,100
0022500520,2026-01-07,Regular Season,1610612738,BOS,Boston Celtics,1610612743,DEN,Denver Nuggets,110,114
0022500521,2026-01-07,Regular Season,1610612751,BKN,Brooklyn Nets,1610612753,ORL,Orlando Magic,103,104
0022500522,2026-01-07,Regular Season,1610612752,NYK,New York Knicks,1610612746,LAC,LA Clippers,123,111
0022500523,2026-01-07,Regular Season,1610612759,SAS,San Antonio Spurs,1610612747,LAL,Los Angeles Lakers,107,91
0022500524,2026-01-07,Regular Season,1610612763,MEM,Memphis Grizzlies,1610612756,PHX,Phoenix Suns,98,117
0022500525,2026-01-07,Regular Season,1610612760,OKC,Oklahoma City Thunder,1610612762,UTA,Utah Jazz,129,125
0022500526,2026-01-07,Regular Season,1610612744,GSW,Golden State Warriors,1610612749,MIL,Milwaukee Bucks,120,113
0022500527,2026-01-07,Regular Season,1610612757,POR,Portland Trail Blazers,1610612745,HOU,Houston Rockets,103,102
0022500528,2026-01-08,Regular Season,1610612766,CHA,Charlotte Hornets,1610612754,IND,Indiana Pacers,112,114
0022500529,2026-01-29,Regular Season,1610612741,CHI,Chicago Bulls,1610612748,MIA,Miami Heat,113,116
0022500530,2026-01-08,Regular Season,1610612750,MIN,Minnesota Timberwolves,1610612739,CLE,Cleveland Cavaliers,131,122
0022500531,2026-01-08,Regular Season,1610612762,UTA,Utah Jazz,1610612742,DAL,Dallas Mavericks,116,114
0022500532,2026-01-09,Regular Season,1610612738,BOS,Boston Celtics,1610612761,TOR,Toronto Raptors,125,117
0022500533,2026-01-09,Regular Season,1610612753,ORL,Orlando Magic,1610612755,PHI,Philadelphia 76ers,91,103
0022500534,2026-01-09,Regular Season,1610612764,WAS,Washington Wizards,1610612740,NOP,New Orleans Pelicans,107,128
0022500535,2026-01-09,Regular Season,1610612751,BKN,Brooklyn Nets,1610612746,LAC,LA Clippers,105,121
0022500536,2026-01-09,Regular Season,1610612763,MEM,Memphis Grizzlies,1610612760,OKC,Oklahoma City Thunder,116,117
0022500537,2026-01-09,Regular Season,1610612743,DEN,Denver Nuggets,1610612737,ATL,Atlanta Hawks,87,110
0022500538,2026-01-09,Regular Season,1610612756,PHX,Phoenix Suns,1610612752,NYK,New York Knicks,112,107
0022500539,2026-01-09,Regular Season,1610612744,GSW,Golden State Warriors,1610612758,SAC,Sacramento Kings,137,103
0022500540,2026-01-09,Regular Season,1610612757,POR,Portland Trail Blazers,1610612745,HOU,Houston Rockets,111,105
0022500541,2026-01-09,Regular Season,1610612747,LAL,Los Angeles Lakers,1610612749,MIL,Milwaukee Bucks,101,105
0022500542,2026-01-10,Regular Season,1610612739,CLE,Cleveland Cavaliers,1610612750,MIN,Minnesota Timberwolves,146,134
0022500543,2026-01-10,Regular Season,1610612754,IND,Indiana Pacers,1610612748,MIA,Miami Heat,123,99
0022500544,2026-01-10,Regular Season,1610612765,DET,Detroit Pistons,1610612746,LAC,LA Clippers,92,98
0022500545,2026-01-10,Regular Season,1610612738,BOS,Boston Celtics,1610612759,SAS,San Antonio Spurs,95,100
0022500546,2026-01-10,Regular Season,1610612741,CHI,Chicago Bulls,1610612742,DAL,Dallas Mavericks,125,107
0022500547,2026-01-10,Regular Season,1610612762,UTA,Utah Jazz,1610612766,CHA,Charlotte Hornets,95,150
0022500548,2026-01-11,Regular Season,1610612753,ORL,Orlando Magic,1610612740,NOP,New Orleans Pelicans,128,118
0022500549,2026-01-11,Regular Season,1610612763,MEM,Memphis Grizzlies,1610612751,BKN,Brooklyn Nets,103,98
0022500550,2026-01-11,Regular Season,1610612761,TOR,Toronto Raptors,1610612755,PHI,Philadelphia 76ers,116,115
0022500551,2026-01-11,Regular Season,1610612757,POR,Portland Trail Blazers,1610612752,NYK,New York Knicks,114,123
0022500552,2026-01-11,Regular Season,1610612750,MIN,Minnesota Timberwolves,1610612759,SAS,San Antonio Spurs,104,103
0022500553,2026-01-11,Regular Season,1610612760,OKC,Oklahoma City Thunder,1610612748,MIA,Miami Heat,124,112
0022500554,2026-01-11,Regular Season,1610612743,DEN,Denver Nuggets,1610612749,MIL,Milwaukee Bucks,108,104
0022500555,2026-01-11,Regular Season,1610612756,PHX,Phoenix Suns,1610612764,WAS,Washington Wizards,112,93
0022500556,2026-01-11,Regular Season,1610612744,GSW,Golden State Warriors,1610612737,ATL,Atlanta Hawks,111,124
0022500557,2026-01-11,Regular Season,1610612758,SAC,Sacramento Kings,1610612745,HOU,Houston Rockets,111,98
0022500558,2026-01-12,Regular Season,1610612739,CLE,Cleveland Cavaliers,1610612762,UTA,Utah Jazz,112,123
0022500559,2026-01-12,Regular Season,1610612754,IND,Indiana Pacers,1610612738,BOS,Boston Celtics,98,96
0022500560,2026-01-12,Regular Season,1610612761,TOR,Toronto Raptors,1610612755,PHI,Philadelphia 76ers,102,115
0022500561,2026-01-12,Regular Season,1610612742,DAL,Dallas Mavericks,1610612751,BKN,Brooklyn Nets,113,105
0022500562,2026-01-12,Regular Season,1610612758,SAC,Sacramento Kings,1610612747,LAL,Los Angeles Lakers,124,112
0022500563,2026-01-12,Regular Season,1610612746,LAC,LA Clippers,1610612766,CHA,Charlotte Hornets,117,109
0022500564,2026-01-13,Regular Season,1610612748,MIA,Miami Heat,1610612756,PHX,Phoenix Suns,127,121
0022500565,2026-01-13,Regular Season,1610612745,HOU,Houston Rockets,1610612741,CHI,Chicago Bulls,119,113
0022500566,2026-01-13,Regular Season,1610612749,MIL,Milwaukee Bucks,1610612750,MIN,Minnesota Timberwolves,106,139
0022500567,2026-01-13,Regular Season,1610612740,NOP,New Orleans Pelicans,1610612743,DEN,Denver Nuggets,116,122
0022500568,2026-01-13,Regular Season,1610612760,OKC,Oklahoma City Thunder,1610612759,SAS,San Antonio Spurs,119,98
0022500569,2026-01-13,Regular Season,1610612747,LAL,Los Angeles Lakers,1610612737,ATL,Atlanta Hawks,141,116
0022500570,2026-01-13,Regular Season,1610612744,GSW,Golden State Warriors,1610612757,POR,Portland Trail Blazers,119,97
0022500571,2026-01-14,Regular Season,1610612754,IND,Indiana Pacers,1610612761,TOR,Toronto Raptors,101,115
0022500572,2026-01-14,Regular Season,1610612755,PHI,Philadelphia 76ers,1610612739,CLE,Cleveland Cavaliers,107,133
0022500573,2026-01-14,Regular Season,1610612741,CHI,Chicago Bulls,1610612762,UTA,Utah Jazz,128,126
0022500574,2026-01-14,Regular Season,1610612740,NOP,New Orleans Pelicans,1610612751,BKN,Brooklyn Nets,116,113
0022500575,2026-01-14,Regular Season,1610612742,DAL,Dallas Mavericks,1610612743,DEN,Denver Nuggets,109,118
0022500576,2026-01-14,Regular Season,1610612758,SAC,Sacramento Kings,1610612752,NYK,New York Knicks,112,101
0022500577,2026-01-14,Regular Season,1610612746,LAC,LA Clippers,1610612764,WAS,Washington Wizards,119,105
0022500578,2026-01-15,Regular Season,1610612753,ORL,Orlando Magic,1610612763,MEM,Memphis Grizzlies,118,111
0022500579,2026-01-15,Regular Season,1610612765,DET,Detroit Pistons,1610612756,PHX,Phoenix Suns,108,105
0022500580,2026-01-15,Regular Season,1610612748,MIA,Miami Heat,1610612738,BOS,Boston Celtics,114,119
0022500581,2026-01-15,Regular Season,1610612745,HOU,Houston Rockets,1610612760,OKC,Oklahoma City Thunder,91,111
0022500582,2026-01-15,Regular Season,1610612759,SAS,San Antonio Spurs,1610612749,MIL,Milwaukee Bucks,119,101
0022500583,2026-01-15,Regular Season,1610612742,DAL,Dallas Mavericks,1610612762,UTA,Utah Jazz,144,122
0022500584,2026-01-15,Regular Season,1610612744,GSW,Golden State Warriors,1610612752,NYK,New York Knicks,126,113
0022500585,2026-01-15,Regular Season,1610612757,POR,Portland Trail Blazers,1610612737,ATL,Atlanta Hawks,117,101
0022500586,2026-01-15,Regular Season,1610612747,LAL,Los Angeles Lakers,1610612766,CHA,Charlotte Hornets,117,135
0022500587,2026-01-16,Regular Season,1610612751,BKN,Brooklyn Nets,1610612741,CHI,Chicago Bulls,112,109
0022500588,2026-01-16,Regular Season,1610612754,IND,Indiana Pacers,1610612740,NOP,New Orleans Pelicans,127,119
0022500589,2026-01-16,Regular Season,1610612755,PHI,Philadelphia 76ers,1610612739,CLE,Cleveland Cavaliers,115,117
0022500590,2026-01-16,Regular Season,1610612761,TOR,Toronto Raptors,1610612746,LAC,LA Clippers,117,121
0022500591,2026-01-16,Regular Season,1610612745,HOU,Houston Rockets,1610612750,MIN,Minnesota Timberwolves,110,105
0022500592,2026-01-16,Regular Season,1610612758,SAC,Sacramento Kings,1610612764,WAS,Washington Wizards,128,115
0022500593,2026-01-17,Regular Season,1610612742,DAL,Dallas Mavericks,1610612762,UTA,Utah Jazz,138,120
0022500594,2026-01-17,Regular Season,1610612737,ATL,Atlanta Hawks,1610612738,BOS,Boston Celtics,106,132
0022500595,2026-01-17,Regular Season,1610612765,DET,Detroit Pistons,1610612754,IND,Indiana Pacers,121,78
0022500596,2026-01-17,Regular Season,1610612752,NYK,New York Knicks,1610612756,PHX,Phoenix Suns,99,106
0022500597,2026-01-17,Regular Season,1610612748,MIA,Miami Heat,1610612760,OKC,Oklahoma City Thunder,122,120
0022500598,2026-01-17,Regular Season,1610612759,SAS,San Antonio Spurs,1610612750,MIN,Minnesota Timberwolves,126,123
0022500599,2026-01-17,Regular Season,1610612744,GSW,Golden State Warriors,1610612766,CHA,Charlotte Hornets,136,116
0022500600,2026-01-17,Regular Season,1610612743,DEN,Denver Nuggets,1610612764,WAS,Washington Wizards,121,115
0022500601,2026-01-17,Regular Season,1610612757,POR,Portland Trail Blazers,1610612747,LAL,Los Angeles Lakers,132,116
0022500602,2026-01-18,Regular Season,1610612763,MEM,Memphis Grizzlies,1610612753,ORL,Orlando Magic,126,109
0022500603,2026-01-18,Regular Season,1610612741,CHI,Chicago Bulls,1610612751,BKN,Brooklyn Nets,124,102
0022500604,2026-01-18,Regular Season,1610612745,HOU,Houston Rockets,1610612740,NOP,New Orleans Pelicans,119,110
0022500605,2026-01-18,Regular Season,1610612743,DEN,Denver Nuggets,1610612766,CHA,Charlotte Hornets,87,110
0022500606,2026-01-18,Regular Season,1610612758,SAC,Sacramento Kings,1610612757,POR,Portland Trail Blazers,110,117
0022500607,2026-01-18,Regular Season,1610612747,LAL,Los Angeles Lakers,1610612761,TOR,Toronto Raptors,110,93
0022500608,2026-01-19,Regular Season,1610612764,WAS,Washington Wizards,1610612746,LAC,LA Clippers,106,110
0022500609,2026-01-19,Regular Season,1610612755,PHI,Philadelphia 76ers,1610612754,IND,Indiana Pacers,113,104
0022500610,2026-01-19,Regular Season,1610612751,BKN,Brooklyn Nets,1610612756,PHX,Phoenix Suns,117,126
0022500611,2026-01-19,Regular Season,1610612759,SAS,San Antonio Spurs,1610612762,UTA,Utah Jazz,123,110
0022500612,2026-01-19,Regular Season,1610612744,GSW,Golden State Warriors,1610612748,MIA,Miami Heat,135,112
0022500613,2026-01-20,Regular Season,1610612755,PHI,Philadelphia 76ers,1610612756,PHX,Phoenix Suns,110,116
0022500614,2026-01-20,Regular Season,1610612741,CHI,Chicago Bulls,1610612746,LAC,LA Clippers,138,110
0022500615,2026-01-20,Regular Season,1610612745,HOU,Houston Rockets,1610612759,SAS,San Antonio Spurs,111,106
0022500616,2026-01-20,Regular Season,1610612762,UTA,Utah Jazz,1610612750,MIN,Minnesota Timberwolves,127,122
0022500617,2026-01-20,Regular Season,1610612743,DEN,Denver Nuggets,1610612747,LAL,Los Angeles Lakers,107,115
0022500618,2026-01-20,Regular Season,1610612744,GSW,Golden State Warriors,1610612761,TOR,Toronto Raptors,127,145
0022500619,2026-01-20,Regular Season,1610612758,SAC,Sacramento Kings,1610612748,MIA,Miami Heat,117,130
0022500620,2026-01-21,Regular Season,1610612766,CHA,Charlotte Hornets,1610612739,CLE,Cleveland Cavaliers,87,94
0022500621,2026-01-21,Regular Season,1610612738,BOS,Boston Celtics,1610612754,IND,Indiana Pacers,119,104
0022500622,2026-01-21,Regular Season,1610612752,NYK,New York Knicks,1610612751,BKN,Brooklyn Nets,120,66
0022500623,2026-01-21,Regular Season,1610612763,MEM,Memphis Grizzlies,1610612737,ATL,Atlanta Hawks,122,124
0022500624,2026-01-21,Regular Season,1610612740,NOP,New Orleans Pelicans,1610612765,DET,Detroit Pistons,104,112
0022500625,2026-01-21,Regular Season,1610612749,MIL,Milwaukee Bucks,1610612760,OKC,Oklahoma City Thunder,102,122
0022500626,2026-01-21,Regular Season,1610612758,SAC,Sacramento Kings,1610612761,TOR,Toronto Raptors,109,122
0022500627,2026-01-22,Regular Season,1610612753,ORL,Orlando Magic,1610612766,CHA,Charlotte Hornets,97,124
0022500628,2026-01-22,Regular Season,1610612755,PHI,Philadelphia 76ers,1610612745,HOU,Houston Rockets,128,122
0022500629,2026-01-22,Regular Season,1610612764,WAS,Washington Wizards,1610612743,DEN,Denver Nuggets,97,107
0022500630,2026-01-22,Regular Season,1610612742,DAL,Dallas Mavericks,1610612744,GSW,Golden State Warriors,123,115
0022500631,2026-01-22,Regular Season,1610612750,MIN,Minnesota Timberwolves,1610612741,CHI,Chicago Bulls,115,120
0022500632,2026-01-22,Regular Season,1610612762,UTA,Utah Jazz,1610612759,SAS,San Antonio Spurs,109,126
0022500633,2026-01-22,Regular Season,1610612746,LAC,LA Clippers,1610612747,LAL,Los Angeles Lakers,112,104
0022500634,2026-01-22,Regular Season,1610612757,POR,Portland Trail Blazers,1610612748,MIA,Miami Heat,127,110
0022500635,2026-01-23,Regular Season,1610612765,DET,Detroit Pistons,1610612745,HOU,Houston Rockets,104,111
0022500636,2026-01-23,Regular Season,1610612737,ATL,Atlanta Hawks,1610612756,PHX,Phoenix Suns,110,103
0022500637,2026-01-23,Regular Season,1610612751,BKN,Brooklyn Nets,1610612738,BOS,Boston Celtics,126,130
0022500638,2026-01-23,Regular Season,1610612739,CLE,Cleveland Cavaliers,1610612758,SAC,Sacramento Kings,123,118
0022500639,2026-01-23,Regular Season,1610612763,MEM,Memphis Grizzlies,1610612740,NOP,New Orleans Pelicans,127,133
0022500640,2026-01-23,Regular Season,1610612749,MIL,Milwaukee Bucks,1610612743,DEN,Denver Nuggets,100,102
0022500641,2026-01-23,Regular Season,1610612760,OKC,Oklahoma City Thunder,1610612754,IND,Indiana Pacers,114,117
0022500642,2026-01-23,Regular Season,1610612757,POR,Portland Trail Blazers,1610612761,TOR,Toronto Raptors,98,110
0022500643,2026-01-24,Regular Season,1610612755,PHI,Philadelphia 76ers,1610612752,NYK,New York Knicks,109,112
0022500644,2026-01-25,Regular Season,1610612750,MIN,Minnesota Timberwolves,1610612744,GSW,Golden State Warriors,85,111
0022500645,2026-01-24,Regular Season,1610612766,CHA,Charlotte Hornets,1610612764,WAS,Washington Wizards,119,115
0022500646,2026-01-24,Regular Season,1610612753,ORL,Orlando Magic,1610612739,CLE,Cleveland Cavaliers,105,119
0022500647,2026-01-24,Regular Season,1610612741,CHI,Chicago Bulls,1610612738,BOS,Boston Celtics,114,111
0022500648,2026-01-24,Regular Season,1610612742,DAL,Dallas Mavericks,1610612747,LAL,Los Angeles Lakers,110,116
0022500649,2026-01-24,Regular Season,1610612762,UTA,Utah Jazz,1610612748,MIA,Miami Heat,116,147
0022500650,2026-01-25,Regular Season,1610612765,DET,Detroit Pistons,1610612758,SAC,Sacramento Kings,139,116
0022500651,2026-03-18,Regular Season,1610612763,MEM,Memphis Grizzlies,1610612743,DEN,Denver Nuggets,125,118
0022500652,2026-03-31,Regular Season,1610612749,MIL,Milwaukee Bucks,1610612742,DAL,Dallas Mavericks,123,99
0022500653,2026-01-25,Regular Season,1610612760,OKC,Oklahoma City Thunder,1610612761,TOR,Toronto Raptors,101,103
0022500654,2026-01-25,Regular Season,1610612759,SAS,San Antonio Spurs,1610612740,NOP,New Orleans Pelicans,95,104
0022500655,2026-01-25,Regular Season,1610612756,PHX,Phoenix Suns,1610612748,MIA,Miami Heat,102,111
0022500656,2026-01-25,Regular Season,1610612746,LAC,LA Clippers,1610612751,BKN,Brooklyn Nets,126,89
0022500657,2026-01-26,Regular Season,1610612766,CHA,Charlotte Hornets,1610612755,PHI,Philadelphia 76ers,130,93
0022500658,2026-01-26,Regular Season,1610612739,CLE,Cleveland Cavaliers,1610612753,ORL,Orlando Magic,114,98
0022500659,2026-01-26,Regular Season,1610612737,ATL,Atlanta Hawks,1610612754,IND,Indiana Pacers,132,116
0022500660,2026-01-26,Regular Season,1610612738,BOS,Boston Celtics,1610612757,POR,Portland Trail Blazers,102,94
0022500661,2026-01-26,Regular Season,1610612741,CHI,Chicago Bulls,1610612747,LAL,Los Angeles Lakers,118,129
0022500662,2026-01-26,Regular Season,1610612745,HOU,Houston Rockets,1610612763,MEM,Memphis Grizzlies,108,99
0022500663,2026-01-26,Regular Season,1610612750,MIN,Minnesota Timberwolves,1610612744,GSW,Golden State Warriors,108,83
0022500664,2026-01-27,Regular Season,1610612764,WAS,Washington Wizards,1610612757,POR,Portland Trail Blazers,115,111
0022500665,2026-01-27,Regular Season,1610612752,NYK,New York Knicks,1610612758,SAC,Sacramento Kings,103,87
0022500666,2026-01-27,Regular Season,1610612755,PHI,Philadelphia 76ers,1610612749,MIL,Milwaukee Bucks,139,122
0022500667,2026-01-27,Regular Season,1610612760,OKC,Oklahoma City Thunder,1610612740,NOP,New Orleans Pelicans,104,95
0022500668,2026-01-27,Regular Season,1610612743,DEN,Denver Nuggets,1610612765,DET,Detroit Pistons,107,109
0022500669,2026-01-27,Regular Season,1610612756,PHX,Phoenix Suns,1610612751,BKN,Brooklyn Nets,106,102
0022500670,2026-01-27,Regular Season,1610612762,UTA,Utah Jazz,1610612746,LAC,LA Clippers,103,115
0022500671,2026-01-28,Regular Season,1610612739,CLE,Cleveland Cavaliers,1610612747,LAL,Los Angeles Lakers,129,99
0022500672,2026-01-28,Regular Season,1610612754,IND,Indiana Pacers,1610612741,CHI,Chicago Bulls,113,110
0022500673,2026-01-28,Regular Season,1610612738,BOS,Boston Celtics,1610612737,ATL,Atlanta Hawks,106,117
0022500674,2026-01-28,Regular Season,1610612748,MIA,Miami Heat,1610612753,ORL,Orlando Magic,124,133
0022500675,2026-01-28,Regular Season,1610612761,TOR,Toronto Raptors,1610612752,NYK,New York Knicks,92,119
0022500676,2026-01-28,Regular Season,1610612763,MEM,Memphis Grizzlies,1610612766,CHA,Charlotte Hornets,97,112
0022500677,2026-01-28,Regular Season,1610612742,DAL,Dallas Mavericks,1610612750,MIN,Minnesota Timberwolves,105,118
0022500678,2026-01-28,Regular Season,1610612762,UTA,Utah Jazz,1610612744,GSW,Golden State Warriors,124,140
0022500679,2026-01-28,Regular Season,1610612745,HOU,Houston Rockets,1610612759,SAS,San Antonio Spurs,99,111
0022500680,2026-01-29,Regular Season,1610612755,PHI,Philadelphia 76ers,1610612758,SAC,Sacramento Kings,113,111
0022500681,2026-01-29,Regular Season,1610612764,WAS,Washington Wizards,1610612749,MIL,Milwaukee Bucks,109,99
0022500682,2026-01-29,Regular Season,1610612737,ATL,Atlanta Hawks,1610612745,HOU,Houston Rockets,86,104
0022500683,2026-01-29,Regular Season,1610612742,DAL,Dallas Mavericks,1610612766,CHA,Charlotte Hornets,121,123
0022500684,2026-01-29,Regular Season,1610612743,DEN,Denver Nuggets,1610612751,BKN,Brooklyn Nets,107,103
0022500685,2026-01-29,Regular Season,1610612756,PHX,Phoenix Suns,1610612765,DET,Detroit Pistons,114,96
0022500686,2026-01-29,Regular Season,1610612750,MIN,Minnesota Timberwolves,1610612760,OKC,Oklahoma City Thunder,123,111
0022500687,2026-01-30,Regular Season,1610612753,ORL,Orlando Magic,1610612761,TOR,Toronto Raptors,130,120
0022500688,2026-01-30,Regular Season,1610612764,WAS,Washington Wizards,1610612747,LAL,Los Angeles Lakers,111,142
0022500689,2026-01-30,Regular Season,1610612738,BOS,Boston Celtics,1610612758,SAC,Sacramento Kings,112,93
0022500690,2026-01-30,Regular Season,1610612752,NYK,New York Knicks,1610612757,POR,Portland Trail Blazers,127,97
0022500691,2026-01-30,Regular Season,1610612740,NOP,New Orleans Pelicans,1610612763,MEM,Memphis Grizzlies,114,106
0022500692,2026-01-31,Regular Season,1610612748,MIA,Miami Heat,1610612741,CHI,Chicago Bulls,118,125
0022500693,2026-01-30,Regular Season,1610612756,PHX,Phoenix Suns,1610612739,CLE,Cleveland Cavaliers,126,113
0022500694,2026-01-30,Regular Season,1610612762,UTA,Utah Jazz,1610612751,BKN,Brooklyn Nets,99,109
0022500695,2026-01-30,Regular Season,1610612743,DEN,Denver Nuggets,1610612746,LAC,LA Clippers,122,109
0022500696,2026-01-30,Regular Season,1610612744,GSW,Golden State Warriors,1610612765,DET,Detroit Pistons,124,131
0022500697,2026-01-31,Regular Season,1610612766,CHA,Charlotte Hornets,1610612759,SAS,San Antonio Spurs,111,106
0022500698,2026-01-31,Regular Season,1610612754,IND,Indiana Pacers,1610612737,ATL,Atlanta Hawks,129,124
0022500699,2026-01-31,Regular Season,1610612755,PHI,Philadelphia 76ers,1610612740,NOP,New Orleans Pelicans,124,114
0022500700,2026-01-31,Regular Season,1610612763,MEM,Memphis Grizzlies,1610612750,MIN,Minnesota Timberwolves,114,131
0022500701,2026-01-31,Regular Season,1610612745,HOU,Houston Rockets,1610612742,DAL,Dallas Mavericks,111,107
0022500702,2026-02-01,Regular Season,1610612738,BOS,Boston Celtics,1610612749,MIL,Milwaukee Bucks,107,79
0022500703,2026-02-01,Regular Season,1610612759,SAS,San Antonio Spurs,1610612753,ORL,Orlando Magic,112,103
0022500704,2026-02-01,Regular Season,1610612765,DET,Detroit Pistons,1610612751,BKN,Brooklyn Nets,130,77
0022500705,2026-02-01,Regular Season,1610612748,MIA,Miami Heat,1610612741,CHI,Chicago Bulls,134,91
0022500706,2026-02-01,Regular Season,1610612761,TOR,Toronto Raptors,1610612762,UTA,Utah Jazz,107,100
0022500707,2026-02-01,Regular Season,1610612764,WAS,Washington Wizards,1610612758,SAC,Sacramento Kings,116,112
0022500708,2026-02-01,Regular Season,1610612752,NYK,New York Knicks,1610612747,LAL,Los Angeles Lakers,112,100
0022500709,2026-02-01,Regular Season,1610612756,PHX,Phoenix Suns,1610612746,LAC,LA Clippers,93,117
0022500710,2026-02-01,Regular Season,1610612757,POR,Portland Trail Blazers,1610612739,CLE,Cleveland Cavaliers,111,130
0022500711,2026-02-01,Regular Season,1610612743,DEN,Denver Nuggets,1610612760,OKC,Oklahoma City Thunder,111,121
0022500712,2026-02-02,Regular Season,1610612766,CHA,Charlotte Hornets,1610612740,NOP,New Orleans Pelicans,102,95
0022500713,2026-02-02,Regular Season,1610612754,IND,Indiana Pacers,1610612745,HOU,Houston Rockets,114,118
0022500714,2026-02-02,Regular Season,1610612763,MEM,Memphis Grizzlies,1610612750,MIN,Minnesota Timberwolves,137,128
0022500715,2026-02-02,Regular Season,1610612746,LAC,LA Clippers,1610612755,PHI,Philadelphia 76ers,113,128
0022500716,2026-02-03,Regular Season,1610612765,DET,Detroit Pistons,1610612743,DEN,Denver Nuggets,124,121
0022500717,2026-02-03,Regular Season,1610612754,IND,Indiana Pacers,1610612762,UTA,Utah Jazz,122,131
0022500718,2026-02-03,Regular Season,1610612764,WAS,Washington Wizards,1610612752,NYK,New York Knicks,101,132
0022500719,2026-02-03,Regular Season,1610612751,BKN,Brooklyn Nets,1610612747,LAL,Los Angeles Lakers,109,125
0022500720,2026-02-03,Regular Season,1610612748,MIA,Miami Heat,1610612737,ATL,Atlanta Hawks,115,127
0022500721,2026-02-03,Regular Season,1610612742,DAL,Dallas Mavericks,1610612738,BOS,Boston Celtics,100,110
0022500722,2026-02-03,Regular Season,1610612749,MIL,Milwaukee Bucks,1610612741,CHI,Chicago Bulls,131,115
0022500723,2026-02-03,Regular Season,1610612760,OKC,Oklahoma City Thunder,1610612753,ORL,Orlando Magic,128,92
0022500724,2026-02-03,Regular Season,1610612744,GSW,Golden State Warriors,1610612755,PHI,Philadelphia 76ers,94,113
0022500725,2026-02-03,Regular Season,1610612757,POR,Portland Trail Blazers,1610612756,PHX,Phoenix Suns,125,130
0022500726,2026-02-04,Regular Season,1610612752,NYK,New York Knicks,1610612743,DEN,Denver Nuggets,134,127
0022500727,2026-02-04,Regular Season,1610612761,TOR,Toronto Raptors,1610612750,MIN,Minnesota Timberwolves,126,128
0022500728,2026-02-04,Regular Season,1610612745,HOU,Houston Rockets,1610612738,BOS,Boston Celtics,93,114
0022500729,2026-02-04,Regular Season,1610612749,MIL,Milwaukee Bucks,1610612740,NOP,New Orleans Pelicans,141,137
0022500730,2026-02-04,Regular Season,1610612759,SAS,San Antonio Spurs,1610612760,OKC,Oklahoma City Thunder,116,106
0022500731,2026-02-04,Regular Season,1610612758,SAC,Sacramento Kings,1610612763,MEM,Memphis Grizzlies,125,129
0022500732,2026-02-04,Regular Season,1610612746,LAC,LA Clippers,1610612739,CLE,Cleveland Cavaliers,91,124
0022500733,2026-02-05,Regular Season,1610612765,DET,Detroit Pistons,1610612764,WAS,Washington Wizards,117,126
0022500734,2026-02-05,Regular Season,1610612753,ORL,Orlando Magic,1610612751,BKN,Brooklyn Nets,118,98
0022500735,2026-02-05,Regular Season,1610612737,ATL,Atlanta Hawks,1610612762,UTA,Utah Jazz,121,119
0022500736,2026-02-05,Regular Season,1610612761,TOR,Toronto Raptors,1610612741,CHI,Chicago Bulls,123,107
0022500737,2026-02-05,Regular Season,1610612745,HOU,Houston Rockets,1610612766,CHA,Charlotte Hornets,99,109
0022500738,2026-02-05,Regular Season,1610612742,DAL,Dallas Mavericks,1610612759,SAS,San Antonio Spurs,123,135
0022500739,2026-02-05,Regular Season,1610612756,PHX,Phoenix Suns,1610612744,GSW,Golden State Warriors,97,101
0022500740,2026-02-05,Regular Season,1610612747,LAL,Los Angeles Lakers,1610612755,PHI,Philadelphia 76ers,119,115
0022500741,2026-02-06,Regular Season,1610612738,BOS,Boston Celtics,1610612748,MIA,Miami Heat,98,96
0022500742,2026-02-06,Regular Season,1610612765,DET,Detroit Pistons,1610612752,NYK,New York Knicks,118,80
0022500743,2026-02-06,Regular Season,1610612749,MIL,Milwaukee Bucks,1610612754,IND,Indiana Pacers,105,99
0022500744,2026-02-06,Regular Season,1610612750,MIN,Minnesota Timberwolves,1610612740,NOP,New Orleans Pelicans,115,119
0022500745,2026-02-06,Regular Season,1610612757,POR,Portland Trail Blazers,1610612763,MEM,Memphis Grizzlies,135,115
0022500746,2026-02-06,Regular Season,1610612758,SAC,Sacramento Kings,1610612746,LAC,LA Clippers,111,114
0022500747,2026-02-07,Regular Season,1610612751,BKN,Brooklyn Nets,1610612764,WAS,Washington Wizards,127,113
0022500748,2026-02-07,Regular Season,1610612760,OKC,Oklahoma City Thunder,1610612745,HOU,Houston Rockets,106,112
0022500749,2026-02-07,Regular Season,1610612759,SAS,San Antonio Spurs,1610612742,DAL,Dallas Mavericks,138,125
0022500750,2026-02-07,Regular Season,1610612753,ORL,Orlando Magic,1610612762,UTA,Utah Jazz,120,117
0022500751,2026-02-07,Regular Season,1610612737,ATL,Atlanta Hawks,1610612766,CHA,Charlotte Hornets,119,126
0022500752,2026-02-07,Regular Season,1610612741,CHI,Chicago Bulls,1610612743,DEN,Denver Nuggets,120,136
0022500753,2026-02-07,Regular Season,1610612747,LAL,Los Angeles Lakers,1610612744,GSW,Golden State Warriors,105,99
0022500754,2026-02-07,Regular Season,1610612756,PHX,Phoenix Suns,1610612755,PHI,Philadelphia 76ers,103,109
0022500755,2026-02-07,Regular Season,1610612757,POR,Portland Trail Blazers,1610612763,MEM,Memphis Grizzlies,122,115
0022500756,2026-02-07,Regular Season,1610612758,SAC,Sacramento Kings,1610612739,CLE,Cleveland Cavaliers,126,132
0022500757,2026-02-08,Regular Season,1610612738,BOS,Boston Celtics,1610612752,NYK,New York Knicks,89,111
0022500758,2026-02-08,Regular Season,1610612764,WAS,Washington Wizards,1610612748,MIA,Miami Heat,101,132
0022500759,2026-02-08,Regular Season,1610612761,TOR,Toronto Raptors,1610612754,IND,Indiana Pacers,122,104
0022500760,2026-02-08,Regular Season,1610612750,MIN,Minnesota Timberwolves,1610612746,LAC,LA Clippers,96,115
0022500761,2026-02-09,Regular Season,1610612766,CHA,Charlotte Hornets,1610612765,DET,Detroit Pistons,104,110
0022500762,2026-02-09,Regular Season,1610612751,BKN,Brooklyn Nets,1610612741,CHI,Chicago Bulls,123,115
0022500763,2026-02-09,Regular Season,1610612748,MIA,Miami Heat,1610612762,UTA,Utah Jazz,111,115
0022500764,2026-02-09,Regular Season,1610612753,ORL,Orlando Magic,1610612749,MIL,Milwaukee Bucks,118,99
0022500765,2026-02-09,Regular Season,1610612750,MIN,Minnesota Timberwolves,1610612737,ATL,Atlanta Hawks,138,116
0022500766,2026-02-09,Regular Season,1610612740,NOP,New Orleans Pelicans,1610612758,SAC,Sacramento Kings,120,94
0022500767,2026-02-09,Regular Season,1610612743,DEN,Denver Nuggets,1610612739,CLE,Cleveland Cavaliers,117,119
0022500768,2026-02-09,Regular Season,1610612744,GSW,Golden State Warriors,1610612763,MEM,Memphis Grizzlies,114,113
0022500769,2026-02-09,Regular Season,1610612747,LAL,Los Angeles Lakers,1610612760,OKC,Oklahoma City Thunder,110,119
0022500770,2026-02-09,Regular Season,1610612757,POR,Portland Trail Blazers,1610612755,PHI,Philadelphia 76ers,135,118
0022500771,2026-02-10,Regular Season,1610612752,NYK,New York Knicks,1610612754,IND,Indiana Pacers,134,137
0022500772,2026-02-10,Regular Season,1610612745,HOU,Houston Rockets,1610612746,LAC,LA Clippers,102,95
0022500773,2026-02-10,Regular Season,1610612756,PHX,Phoenix Suns,1610612742,DAL,Dallas Mavericks,120,111
0022500774,2026-02-10,Regular Season,1610612747,LAL,Los Angeles Lakers,1610612759,SAS,San Antonio Spurs,108,136
0022500775,2026-02-11,Regular Season,1610612766,CHA,Charlotte Hornets,1610612737,ATL,Atlanta Hawks,110,107
0022500776,2026-02-11,Regular Season,1610612739,CLE,Cleveland Cavaliers,1610612764,WAS,Washington Wizards,138,113
0022500777,2026-02-11,Regular Season,1610612753,ORL,Orlando Magic,1610612749,MIL,Milwaukee Bucks,108,116
0022500778,2026-02-11,Regular Season,1610612738,BOS,Boston Celtics,1610612741,CHI,Chicago Bulls,124,105
0022500779,2026-02-11,Regular Season,1610612751,BKN,Brooklyn Nets,1610612754,IND,Indiana Pacers,110,115
0022500780,2026-02-11,Regular Season,1610612755,PHI,Philadelphia 76ers,1610612752,NYK,New York Knicks,89,138
0022500781,2026-02-11,Regular Season,1610612761,TOR,Toronto Raptors,1610612765,DET,Detroit Pistons,95,113
0022500782,2026-02-11,Regular Season,1610612745,HOU,Houston Rockets,1610612746,LAC,LA Clippers,102,105
0022500783,2026-02-11,Regular Season,1610612750,MIN,Minnesota Timberwolves,1610612757,POR,Portland Trail Blazers,133,109
0022500784,2026-02-11,Regular Season,1610612740,NOP,New Orleans Pelicans,1610612748,MIA,Miami Heat,111,123
0022500785,2026-02-11,Regular Season,1610612756,PHX,Phoenix Suns,1610612760,OKC,Oklahoma City Thunder,109,136
0022500786,2026-02-11,Regular Season,1610612762,UTA,Utah Jazz,1610612758,SAC,Sacramento Kings,121,93
0022500787,2026-02-11,Regular Season,1610612743,DEN,Denver Nuggets,1610612763,MEM,Memphis Grizzlies,122,116
0022500788,2026-02-11,Regular Season,1610612744,GSW,Golden State Warriors,1610612759,SAS,San Antonio Spurs,113,126
0022500789,2026-02-12,Regular Season,1610612760,OKC,Oklahoma City Thunder,1610612749,MIL,Milwaukee Bucks,93,110
0022500790,2026-02-12,Regular Season,1610612762,UTA,Utah Jazz,1610612757,POR,Portland Trail Blazers,119,135
0022500791,2026-02-12,Regular Season,1610612747,LAL,Los Angeles Lakers,1610612742,DAL,Dallas Mavericks,124,104
0022500792,2026-02-19,Regular Season,1610612766,CHA,Charlotte Hornets,1610612745,HOU,Houston Rockets,101,105
0022500793,2026-02-19,Regular Season,1610612739,CLE,Cleveland Cavaliers,1610612751,BKN,Brooklyn Nets,112,84
0022500794,2026-02-19,Regular Season,1610612755,PHI,Philadelphia 76ers,1610612737,ATL,Atlanta Hawks,107,117
0022500795,2026-02-19,Regular Season,1610612764,WAS,Washington Wizards,1610612754,IND,Indiana Pacers,112,105
0022500796,2026-02-19,Regular Season,1610612752,NYK,New York Knicks,1610612765,DET,Detroit Pistons,111,126
0022500797,2026-02-19,Regular Season,1610612741,CHI,Chicago Bulls,1610612761,TOR,Toronto Raptors,101,110
0022500798,2026-02-19,Regular Season,1610612759,SAS,San Antonio Spurs,1610612756,PHX,Phoenix Suns,121,94
0022500799,2026-02-19,Regular Season,1610612744,GSW,Golden State Warriors,1610612738,BOS,Boston Celtics,110,121
0022500800,2026-02-19,Regular Season,1610612758,SAC,Sacramento Kings,1610612753,ORL,Orlando Magic,94,131
0022500801,2026-02-19,Regular Season,1610612746,LAC,LA Clippers,1610612743,DEN,Denver Nuggets,115,114
0022500802,2026-02-20,Regular Season,1610612766,CHA,Charlotte Hornets,1610612739,CLE,Cleveland Cavaliers,113,118
0022500803,2026-02-20,Regular Season,1610612764,WAS,Washington Wizards,1610612754,IND,Indiana Pacers,131,118
0022500804,2026-02-20,Regular Season,1610612763,MEM,Memphis Grizzlies,1610612762,UTA,Utah Jazz,123,114
0022500805,2026-02-20,Regular Season,1610612737,ATL,Atlanta Hawks,1610612748,MIA,Miami Heat,97,128
0022500806,2026-02-20,Regular Season,1610612750,MIN,Minnesota Timberwolves,1610612742,DAL,Dallas Mavericks,122,111
0022500807,2026-02-20,Regular Season,1610612740,NOP,New Orleans Pelicans,1610612749,MIL,Milwaukee Bucks,118,139
0022500808,2026-02-20,Regular Season,1610612760,OKC,Oklahoma City Thunder,1610612751,BKN,Brooklyn Nets,105,86
0022500809,2026-02-20,Regular Season,1610612747,LAL,Los Angeles Lakers,1610612746,LAC,LA Clippers,125,122
0022500810,2026-02-20,Regular Season,1610612757,POR,Portland Trail Blazers,1610612743,DEN,Denver Nuggets,103,157
0022500811,2026-02-21,Regular Season,1610612756,PHX,Phoenix Suns,1610612753,ORL,Orlando Magic,113,110
0022500812,2026-02-21,Regular Season,1610612740,NOP,New Orleans Pelicans,1610612755,PHI,Philadelphia 76ers,126,111
0022500813,2026-02-21,Regular Season,1610612748,MIA,Miami Heat,1610612763,MEM,Memphis Grizzlies,136,120
0022500814,2026-02-21,Regular Season,1610612741,CHI,Chicago Bulls,1610612765,DET,Detroit Pistons,110,126
0022500815,2026-02-21,Regular Season,1610612759,SAS,San Antonio Spurs,1610612758,SAC,Sacramento Kings,139,122
0022500816,2026-02-21,Regular Season,1610612752,NYK,New York Knicks,1610612745,HOU,Houston Rockets,108,106
0022500817,2026-02-22,Regular Season,1610612760,OKC,Oklahoma City Thunder,1610612739,CLE,Cleveland Cavaliers,121,113
0022500818,2026-02-22,Regular Season,1610612737,ATL,Atlanta Hawks,1610612751,BKN,Brooklyn Nets,115,104
0022500819,2026-02-22,Regular Season,1610612749,MIL,Milwaukee Bucks,1610612761,TOR,Toronto Raptors,94,122
0022500820,2026-02-22,Regular Season,1610612744,GSW,Golden State Warriors,1610612743,DEN,Denver Nuggets,128,117
0022500821,2026-02-22,Regular Season,1610612754,IND,Indiana Pacers,1610612742,DAL,Dallas Mavericks,130,134
0022500822,2026-02-22,Regular Season,1610612764,WAS,Washington Wizards,1610612766,CHA,Charlotte Hornets,112,129
0022500823,2026-02-22,Regular Season,1610612747,LAL,Los Angeles Lakers,1610612738,BOS,Boston Celtics,89,111
0022500824,2026-02-22,Regular Season,1610612750,MIN,Minnesota Timberwolves,1610612755,PHI,Philadelphia 76ers,108,135
0022500825,2026-02-22,Regular Season,1610612741,CHI,Chicago Bulls,1610612752,NYK,New York Knicks,99,105
0022500826,2026-02-22,Regular Season,1610612756,PHX,Phoenix Suns,1610612757,POR,Portland Trail Blazers,77,92
0022500827,2026-02-22,Regular Season,1610612746,LAC,LA Clippers,1610612753,ORL,Orlando Magic,109,111
0022500828,2026-02-23,Regular Season,1610612765,DET,Detroit Pistons,1610612759,SAS,San Antonio Spurs,103,114
0022500829,2026-02-23,Regular Season,1610612763,MEM,Memphis Grizzlies,1610612758,SAC,Sacramento Kings,114,123
0022500830,2026-02-23,Regular Season,1610612745,HOU,Houston Rockets,1610612762,UTA,Utah Jazz,125,105
0022500831,2026-02-24,Regular Season,1610612754,IND,Indiana Pacers,1610612755,PHI,Philadelphia 76ers,114,135
0022500832,2026-02-24,Regular Season,1610612737,ATL,Atlanta Hawks,1610612764,WAS,Washington Wizards,119,98
0022500833,2026-02-24,Regular Season,1610612751,BKN,Brooklyn Nets,1610612742,DAL,Dallas Mavericks,114,123
0022500834,2026-02-24,Regular Season,1610612761,TOR,Toronto Raptors,1610612760,OKC,Oklahoma City Thunder,107,116
0022500835,2026-02-24,Regular Season,1610612739,CLE,Cleveland Cavaliers,1610612752,NYK,New York Knicks,109,94
0022500836,2026-02-24,Regular Season,1610612741,CHI,Chicago Bulls,1610612766,CHA,Charlotte Hornets,99,131
0022500837,2026-02-24,Regular Season,1610612749,MIL,Milwaukee Bucks,1610612748,MIA,Miami Heat,128,117
0022500838,2026-02-24,Regular Season,1610612740,NOP,New Orleans Pelicans,1610612744,GSW,Golden State Warriors,113,109
0022500839,2026-02-24,Regular Season,1610612756,PHX,Phoenix Suns,1610612738,BOS,Boston Celtics,81,97
0022500840,2026-02-24,Regular Season,1610612747,LAL,Los Angeles Lakers,1610612753,ORL,Orlando Magic,109,110
0022500841,2026-02-24,Regular Season,1610612757,POR,Portland Trail Blazers,1610612750,MIN,Minnesota Timberwolves,121,124
0022500842,2026-02-25,Regular Season,1610612765,DET,Detroit Pistons,1610612760,OKC,Oklahoma City Thunder,124,116
0022500843,2026-02-25,Regular Season,1610612761,TOR,Toronto Raptors,1610612759,SAS,San Antonio Spurs,107,110
0022500844,2026-02-25,Regular Season,1610612763,MEM,Memphis Grizzlies,1610612744,GSW,Golden State Warriors,112,133
0022500845,2026-02-25,Regular Season,1610612745,HOU,Houston Rockets,1610612758,SAC,Sacramento Kings,128,97
0022500846,2026-02-25,Regular Season,1610612749,MIL,Milwaukee Bucks,1610612739,CLE,Cleveland Cavaliers,118,116
0022500847,2026-02-25,Regular Season,1610612743,DEN,Denver Nuggets,1610612738,BOS,Boston Celtics,103,84
0022500848,2026-02-26,Regular Season,1610612754,IND,Indiana Pacers,1610612766,CHA,Charlotte Hornets,109,133
0022500849,2026-02-26,Regular Season,1610612755,PHI,Philadelphia 76ers,1610612748,MIA,Miami Heat,124,117
0022500850,2026-02-26,Regular Season,1610612737,ATL,Atlanta Hawks,1610612764,WAS,Washington Wizards,126,96
0022500851,2026-02-26,Regular Season,1610612751,BKN,Brooklyn Nets,1610612759,SAS,San Antonio Spurs,110,126
0022500852,2026-02-26,Regular Season,1610612753,ORL,Orlando Magic,1610612745,HOU,Houston Rockets,108,113
0022500853,2026-02-26,Regular Season,1610612741,CHI,Chicago Bulls,1610612757,POR,Portland Trail Blazers,112,121
0022500854,2026-02-26,Regular Season,1610612742,DAL,Dallas Mavericks,1610612758,SAC,Sacramento Kings,121,130
0022500855,2026-02-26,Regular Season,1610612756,PHX,Phoenix Suns,1610612747,LAL,Los Angeles Lakers,113,110
0022500856,2026-02-26,Regular Season,1610612762,UTA,Utah Jazz,1610612740,NOP,New Orleans Pelicans,118,129
0022500857,2026-02-26,Regular Season,1610612746,LAC,LA Clippers,1610612750,MIN,Minnesota Timberwolves,88,94
0022500858,2026-02-27,Regular Season,1610612765,DET,Detroit Pistons,1610612739,CLE,Cleveland Cavaliers,122,119
0022500859,2026-02-27,Regular Season,1610612738,BOS,Boston Celtics,1610612751,BKN,Brooklyn Nets,148,111
0022500860,2026-02-27,Regular Season,1610612749,MIL,Milwaukee Bucks,1610612752,NYK,New York Knicks,98,127
0022500861,2026-02-27,Regular Season,1610612742,DAL,Dallas Mavericks,1610612763,MEM,Memphis Grizzlies,105,124
0022500862,2026-02-27,Regular Season,1610612760,OKC,Oklahoma City Thunder,1610612743,DEN,Denver Nuggets,127,121
0022500863,2026-02-28,Regular Season,1610612766,CHA,Charlotte Hornets,1610612757,POR,Portland Trail Blazers,109,93
0022500864,2026-02-28,Regular Season,1610612748,MIA,Miami Heat,1610612745,HOU,Houston Rockets,115,105
0022500865,2026-02-28,Regular Season,1610612764,WAS,Washington Wizards,1610612761,TOR,Toronto Raptors,125,134
0022500866,2026-02-28,Regular Season,1610612744,GSW,Golden State Warriors,1610612747,LAL,Los Angeles Lakers,101,129
0022500867,2026-02-28,Regular Season,1610612762,UTA,Utah Jazz,1610612740,NOP,New Orleans Pelicans,105,115
0022500868,2026-03-01,Regular Season,1610612752,NYK,New York Knicks,1610612759,SAS,San Antonio Spurs,114,89
0022500869,2026-03-01,Regular Season,1610612751,BKN,Brooklyn Nets,1610612739,CLE,Cleveland Cavaliers,102,106
0022500870,2026-03-01,Regular Season,1610612741,CHI,Chicago Bulls,1610612749,MIL,Milwaukee Bucks,120,97
0022500871,2026-03-01,Regular Season,1610612743,DEN,Denver Nuggets,1610612750,MIN,Minnesota Timberwolves,108,117
0022500872,2026-03-01,Regular Season,1610612754,IND,Indiana Pacers,1610612763,MEM,Memphis Grizzlies,106,125
0022500873,2026-03-01,Regular Season,1610612737,ATL,Atlanta Hawks,1610612757,POR,Portland Trail Blazers,135,101
0022500874,2026-03-01,Regular Season,1610612738,BOS,Boston Celtics,1610612755,PHI,Philadelphia 76ers,114,98
0022500875,2026-03-01,Regular Season,1610612753,ORL,Orlando Magic,1610612765,DET,Detroit Pistons,92,106
0022500876,2026-03-01,Regular Season,1610612742,DAL,Dallas Mavericks,1610612760,OKC,Oklahoma City Thunder,87,100
0022500877,2026-03-01,Regular Season,1610612746,LAC,LA Clippers,1610612740,NOP,New Orleans Pelicans,137,117
0022500878,2026-03-01,Regular Season,1610612747,LAL,Los Angeles Lakers,1610612758,SAC,Sacramento Kings,128,104
0022500879,2026-03-02,Regular Season,1610612764,WAS,Washington Wizards,1610612745,HOU,Houston Rockets,118,123
0022500880,2026-03-02,Regular Season,1610612749,MIL,Milwaukee Bucks,1610612738,BOS,Boston Celtics,81,108
0022500881,2026-03-02,Regular Season,1610612762,UTA,Utah Jazz,1610612743,DEN,Denver Nuggets,125,128
0022500882,2026-03-02,Regular Season,1610612744,GSW,Golden State Warriors,1610612746,LAC,LA Clippers,101,114
0022500883,2026-03-03,Regular Season,1610612766,CHA,Charlotte Hornets,1610612742,DAL,Dallas Mavericks,117,90
0022500884,2026-03-03,Regular Season,1610612739,CLE,Cleveland Cavaliers,1610612765,DET,Detroit Pistons,113,109
0022500885,2026-03-03,Regular Season,1610612753,ORL,Orlando Magic,1610612764,WAS,Washington Wizards,126,109
0022500886,2026-03-03,Regular Season,1610612748,MIA,Miami Heat,1610612751,BKN,Brooklyn Nets,124,98
0022500887,2026-03-03,Regular Season,1610612761,TOR,Toronto Raptors,1610612752,NYK,New York Knicks,95,111
0022500888,2026-03-03,Regular Season,1610612755,PHI,Philadelphia 76ers,1610612759,SAS,San Antonio Spurs,91,131
0022500889,2026-03-03,Regular Season,1610612741,CHI,Chicago Bulls,1610612760,OKC,Oklahoma City Thunder,108,116
0022500890,2026-03-03,Regular Season,1610612750,MIN,Minnesota Timberwolves,1610612763,MEM,Memphis Grizzlies,117,110
0022500891,2026-03-03,Regular Season,1610612747,LAL,Los Angeles Lakers,1610612740,NOP,New Orleans Pelicans,110,101
0022500892,2026-03-03,Regular Season,1610612758,SAC,Sacramento Kings,1610612756,PHX,Phoenix Suns,103,114
0022500893,2026-03-04,Regular Season,1610612752,NYK,New York Knicks,1610612760,OKC,Oklahoma City Thunder,100,103
0022500894,2026-03-04,Regular Season,1610612738,BOS,Boston Celtics,1610612766,CHA,Charlotte Hornets,89,118
0022500895,2026-03-04,Regular Season,1610612755,PHI,Philadelphia 76ers,1610612762,UTA,Utah Jazz,106,102
0022500896,2026-03-04,Regular Season,1610612763,MEM,Memphis Grizzlies,1610612757,POR,Portland Trail Blazers,114,122
0022500897,2026-03-04,Regular Season,1610612749,MIL,Milwaukee Bucks,1610612737,ATL,Atlanta Hawks,113,131
0022500898,2026-03-04,Regular Season,1610612746,LAC,LA Clippers,1610612754,IND,Indiana Pacers,130,107
0022500899,2026-03-05,Regular Season,1610612753,ORL,Orlando Magic,1610612742,DAL,Dallas Mavericks,115,114
0022500900,2026-03-05,Regular Season,1610612764,WAS,Washington Wizards,1610612762,UTA,Utah Jazz,112,122
0022500901,2026-03-05,Regular Season,1610612748,MIA,Miami Heat,1610612751,BKN,Brooklyn Nets,126,110
0022500902,2026-03-05,Regular Season,1610612745,HOU,Houston Rockets,1610612744,GSW,Golden State Warriors,113,115
0022500903,2026-03-05,Regular Season,1610612750,MIN,Minnesota Timberwolves,1610612761,TOR,Toronto Raptors,115,107
0022500904,2026-03-05,Regular Season,1610612759,SAS,San Antonio Spurs,1610612765,DET,Detroit Pistons,121,106
0022500905,2026-03-05,Regular Season,1610612756,PHX,Phoenix Suns,1610612741,CHI,Chicago Bulls,103,105
0022500906,2026-03-05,Regular Season,1610612743,DEN,Denver Nuggets,1610612747,LAL,Los Angeles Lakers,120,113
0022500907,2026-03-05,Regular Season,1610612758,SAC,Sacramento Kings,1610612740,NOP,New Orleans Pelicans,123,133
0022500908,2026-03-06,Regular Season,1610612738,BOS,Boston Celtics,1610612742,DAL,Dallas Mavericks,120,100
0022500909,2026-03-06,Regular Season,1610612766,CHA,Charlotte Hornets,1610612748,MIA,Miami Heat,120,128
0022500910,2026-03-06,Regular Season,1610612745,HOU,Houston Rockets,1610612757,POR,Portland Trail Blazers,106,99
0022500911,2026-03-06,Regular Season,1610612743,DEN,Denver Nuggets,1610612752,NYK,New York Knicks,103,142
0022500912,2026-03-06,Regular Season,1610612756,PHX,Phoenix Suns,1610612740,NOP,New Orleans Pelicans,118,116
0022500913,2026-03-06,Regular Season,1610612759,SAS,San Antonio Spurs,1610612746,LAC,LA Clippers,116,112
0022500914,2026-03-06,Regular Season,1610612747,LAL,Los Angeles Lakers,1610612754,IND,Indiana Pacers,128,117
0022500915,2026-03-07,Regular Season,1610612750,MIN,Minnesota Timberwolves,1610612753,ORL,Orlando Magic,92,119
0022500916,2026-03-07,Regular Season,1610612765,DET,Detroit Pistons,1610612751,BKN,Brooklyn Nets,105,107
0022500917,2026-03-07,Regular Season,1610612737,ATL,Atlanta Hawks,1610612755,PHI,Philadelphia 76ers,125,116
0022500918,2026-03-07,Regular Season,1610612763,MEM,Memphis Grizzlies,1610612746,LAC,LA Clippers,120,123
0022500919,2026-03-07,Regular Season,1610612749,MIL,Milwaukee Bucks,1610612762,UTA,Utah Jazz,113,99
0022500920,2026-03-07,Regular Season,1610612760,OKC,Oklahoma City Thunder,1610612744,GSW,Golden State Warriors,104,97
0022500921,2026-03-08,Regular Season,1610612739,CLE,Cleveland Cavaliers,1610612738,BOS,Boston Celtics,98,109
0022500922,2026-03-08,Regular Season,1610612747,LAL,Los Angeles Lakers,1610612752,NYK,New York Knicks,110,97
0022500923,2026-03-08,Regular Season,1610612748,MIA,Miami Heat,1610612765,DET,Detroit Pistons,121,110
0022500924,2026-03-08,Regular Season,1610612761,TOR,Toronto Raptors,1610612742,DAL,Dallas Mavericks,122,92
0022500925,2026-03-08,Regular Season,1610612740,NOP,New Orleans Pelicans,1610612764,WAS,Washington Wizards,138,118
0022500926,2026-03-08,Regular Season,1610612749,MIL,Milwaukee Bucks,1610612753,ORL,Orlando Magic,91,130
0022500927,2026-03-08,Regular Season,1610612759,SAS,San Antonio Spurs,1610612745,HOU,Houston Rockets,145,120
0022500928,2026-03-08,Regular Season,1610612756,PHX,Phoenix Suns,1610612766,CHA,Charlotte Hornets,111,99
0022500929,2026-03-08,Regular Season,1610612757,POR,Portland Trail Blazers,1610612754,IND,Indiana Pacers,131,111
0022500930,2026-03-08,Regular Season,1610612758,SAC,Sacramento Kings,1610612741,CHI,Chicago Bulls,126,110
0022500931,2026-03-09,Regular Season,1610612739,CLE,Cleveland Cavaliers,1610612755,PHI,Philadelphia 76ers,115,101
0022500932,2026-03-09,Regular Season,1610612751,BKN,Brooklyn Nets,1610612763,MEM,Memphis Grizzlies,126,115
0022500933,2026-03-09,Regular Season,1610612760,OKC,Oklahoma City Thunder,1610612743,DEN,Denver Nuggets,129,126
0022500934,2026-03-09,Regular Season,1610612762,UTA,Utah Jazz,1610612744,GSW,Golden State Warriors,119,116
0022500935,2026-03-09,Regular Season,1610612746,LAC,LA Clippers,1610612752,NYK,New York Knicks,126,118
0022500936,2026-03-10,Regular Season,1610612755,PHI,Philadelphia 76ers,1610612763,MEM,Memphis Grizzlies,139,129
0022500937,2026-03-10,Regular Season,1610612751,BKN,Brooklyn Nets,1610612765,DET,Detroit Pistons,100,138
0022500938,2026-03-10,Regular Season,1610612748,MIA,Miami Heat,1610612764,WAS,Washington Wizards,150,129
0022500939,2026-03-10,Regular Season,1610612737,ATL,Atlanta Hawks,1610612742,DAL,Dallas Mavericks,124,112
0022500940,2026-03-10,Regular Season,1610612745,HOU,Houston Rockets,1610612761,TOR,Toronto Raptors,113,99
0022500941,2026-03-10,Regular Season,1610612749,MIL,Milwaukee Bucks,1610612756,PHX,Phoenix Suns,114,129
0022500942,2026-03-10,Regular Season,1610612759,SAS,San Antonio Spurs,1610612738,BOS,Boston Celtics,125,116
0022500943,2026-03-10,Regular Season,1610612744,GSW,Golden State Warriors,1610612741,CHI,Chicago Bulls,124,130
0022500944,2026-03-10,Regular Season,1610612757,POR,Portland Trail Blazers,1610612766,CHA,Charlotte Hornets,101,103
0022500945,2026-03-10,Regular Season,1610612758,SAC,Sacramento Kings,1610612754,IND,Indiana Pacers,114,109
0022500946,2026-03-10,Regular Season,1610612747,LAL,Los Angeles Lakers,1610612750,MIN,Minnesota Timberwolves,120,106
0022500947,2026-03-11,Regular Season,1610612753,ORL,Orlando Magic,1610612739,CLE,Cleveland Cavaliers,128,122
0022500948,2026-03-11,Regular Season,1610612740,NOP,New Orleans Pelicans,1610612761,TOR,Toronto Raptors,122,111
0022500949,2026-03-11,Regular Season,1610612762,UTA,Utah Jazz,1610612752,NYK,New York Knicks,117,134
0022500950,2026-03-11,Regular Season,1610612743,DEN,Denver Nuggets,1610612745,HOU,Houston Rockets,129,93
0022500951,2026-03-11,Regular Season,1610612758,SAC,Sacramento Kings,1610612766,CHA,Charlotte Hornets,109,117
0022500952,2026-03-11,Regular Season,1610612746,LAC,LA Clippers,1610612750,MIN,Minnesota Timberwolves,153,128
0022500953,2026-03-12,Regular Season,1610612765,DET,Detroit Pistons,1610612755,PHI,Philadelphia 76ers,131,109
0022500954,2026-03-12,Regular Season,1610612754,IND,Indiana Pacers,1610612756,PHX,Phoenix Suns,108,123
0022500955,2026-03-12,Regular Season,1610612753,ORL,Orlando Magic,1610612764,WAS,Washington Wizards,136,131
0022500956,2026-03-12,Regular Season,1610612737,ATL,Atlanta Hawks,1610612751,BKN,Brooklyn Nets,108,97
0022500957,2026-03-12,Regular Season,1610612748,MIA,Miami Heat,1610612749,MIL,Milwaukee Bucks,112,105
0022500958,2026-03-12,Regular Season,1610612759,SAS,San Antonio Spurs,1610612743,DEN,Denver Nuggets,131,136
0022500959,2026-03-12,Regular Season,1610612760,OKC,Oklahoma City Thunder,1610612738,BOS,Boston Celtics,104,102
0022500960,2026-03-12,Regular Season,1610612747,LAL,Los Angeles Lakers,1610612741,CHI,Chicago Bulls,142,130
0022500961,2026-03-13,Regular Season,1610612765,DET,Detroit Pistons,1610612763,MEM,Memphis Grizzlies,126,110
0022500962,2026-03-13,Regular Season,1610612754,IND,Indiana Pacers,1610612752,NYK,New York Knicks,92,101
0022500963,2026-03-13,Regular Season,1610612761,TOR,Toronto Raptors,1610612756,PHX,Phoenix Suns,122,115
0022500964,2026-03-13,Regular Season,1610612745,HOU,Houston Rockets,1610612740,NOP,New Orleans Pelicans,107,105
0022500965,2026-03-13,Regular Season,1610612742,DAL,Dallas Mavericks,1610612739,CLE,Cleveland Cavaliers,105,138
0022500966,2026-03-13,Regular Season,1610612744,GSW,Golden State Warriors,1610612750,MIN,Minnesota Timberwolves,117,127
0022500967,2026-03-13,Regular Season,1610612757,POR,Portland Trail Blazers,1610612762,UTA,Utah Jazz,124,114
0022500968,2026-03-13,Regular Season,1610612746,LAC,LA Clippers,1610612741,CHI,Chicago Bulls,119,108
0022500969,2026-03-14,Regular Season,1610612755,PHI,Philadelphia 76ers,1610612751,BKN,Brooklyn Nets,104,97
0022500970,2026-03-14,Regular Season,1610612737,ATL,Atlanta Hawks,1610612749,MIL,Milwaukee Bucks,122,99
0022500971,2026-03-14,Regular Season,1610612738,BOS,Boston Celtics,1610612764,WAS,Washington Wizards,111,100
0022500972,2026-03-14,Regular Season,1610612748,MIA,Miami Heat,1610612753,ORL,Orlando Magic,117,121
0022500973,2026-03-14,Regular Season,1610612759,SAS,San Antonio Spurs,1610612766,CHA,Charlotte Hornets,115,102
0022500974,2026-03-14,Regular Season,1610612747,LAL,Los Angeles Lakers,1610612743,DEN,Denver Nuggets,127,125
0022500975,2026-03-14,Regular Season,1610612746,LAC,LA Clippers,1610612758,SAC,Sacramento Kings,109,118
0022500976,2026-03-15,Regular Season,1610612760,OKC,Oklahoma City Thunder,1610612750,MIN,Minnesota Timberwolves,116,103
0022500977,2026-03-15,Regular Season,1610612739,CLE,Cleveland Cavaliers,1610612742,DAL,Dallas Mavericks,120,130
0022500978,2026-03-15,Regular Season,1610612761,TOR,Toronto Raptors,1610612765,DET,Detroit Pistons,119,108
0022500979,2026-03-15,Regular Season,1610612749,MIL,Milwaukee Bucks,1610612754,IND,Indiana Pacers,134,123
0022500980,2026-03-15,Regular Season,1610612755,PHI,Philadelphia 76ers,1610612757,POR,Portland Trail Blazers,109,103
0022500981,2026-03-15,Regular Season,1610612752,NYK,New York Knicks,1610612744,GSW,Golden State Warriors,110,107
0022500982,2026-03-15,Regular Season,1610612758,SAC,Sacramento Kings,1610612762,UTA,Utah Jazz,116,111
0022500983,2026-03-16,Regular Season,1610612737,ATL,Atlanta Hawks,1610612753,ORL,Orlando Magic,124,112
0022500984,2026-03-16,Regular Season,1610612764,WAS,Washington Wizards,1610612744,GSW,Golden State Warriors,117,125
0022500985,2026-03-16,Regular Season,1610612751,BKN,Brooklyn Nets,1610612757,POR,Portland Trail Blazers,95,114
0022500986,2026-03-16,Regular Season,1610612738,BOS,Boston Celtics,1610612756,PHX,Phoenix Suns,120,112
0022500987,2026-03-16,Regular Season,1610612741,CHI,Chicago Bulls,1610612763,MEM,Memphis Grizzlies,132,107
0022500988,2026-03-16,Regular Season,1610612740,NOP,New Orleans Pelicans,1610612742,DAL,Dallas Mavericks,129,111
0022500989,2026-03-16,Regular Season,1610612745,HOU,Houston Rockets,1610612747,LAL,Los Angeles Lakers,92,100
0022500990,2026-03-16,Regular Season,1610612746,LAC,LA Clippers,1610612759,SAS,San Antonio Spurs,115,119
0022500991,2026-03-17,Regular Season,1610612766,CHA,Charlotte Hornets,1610612748,MIA,Miami Heat,136,106
0022500992,2026-03-17,Regular Season,1610612753,ORL,Orlando Magic,1610612760,OKC,Oklahoma City Thunder,108,113
0022500993,2026-03-17,Regular Season,1610612764,WAS,Washington Wizards,1610612765,DET,Detroit Pistons,117,130
0022500994,2026-03-17,Regular Season,1610612752,NYK,New York Knicks,1610612754,IND,Indiana Pacers,136,110
0022500995,2026-03-17,Regular Season,1610612749,MIL,Milwaukee Bucks,1610612739,CLE,Cleveland Cavaliers,116,123
0022500996,2026-03-17,Regular Season,1610612750,MIN,Minnesota Timberwolves,1610612756,PHX,Phoenix Suns,116,104
0022500997,2026-03-17,Regular Season,1610612743,DEN,Denver Nuggets,1610612755,PHI,Philadelphia 76ers,124,96
0022500998,2026-03-17,Regular Season,1610612758,SAC,Sacramento Kings,1610612759,SAS,San Antonio Spurs,104,132
0022500999,2026-03-18,Regular Season,1610612738,BOS,Boston Celtics,1610612744,GSW,Golden State Warriors,120,99
0022501000,2026-03-18,Regular Season,1610612751,BKN,Brooklyn Nets,1610612760,OKC,Oklahoma City Thunder,92,121
0022501001,2026-03-18,Regular Season,1610612754,IND,Indiana Pacers,1610612757,POR,Portland Trail Blazers,119,127
0022501002,2026-03-18,Regular Season,1610612741,CHI,Chicago Bulls,1610612761,TOR,Toronto Raptors,109,139
0022501003,2026-04-01,Regular Season,1610612763,MEM,Memphis Grizzlies,1610612752,NYK,New York Knicks,119,130
0022501004,2026-03-18,Regular Season,1610612750,MIN,Minnesota Timberwolves,1610612762,UTA,Utah Jazz,147,111
0022501005,2026-03-18,Regular Season,1610612740,NOP,New Orleans Pelicans,1610612746,LAC,LA Clippers,124,109
0022501006,2026-03-18,Regular Season,1610612742,DAL,Dallas Mavericks,1610612737,ATL,Atlanta Hawks,120,135
0022501007,2026-03-18,Regular Season,1610612745,HOU,Houston Rockets,1610612747,LAL,Los Angeles Lakers,116,124
0022501008,2026-03-19,Regular Season,1610612766,CHA,Charlotte Hornets,1610612753,ORL,Orlando Magic,130,111
0022501009,2026-03-19,Regular Season,1610612764,WAS,Washington Wizards,1610612765,DET,Detroit Pistons,95,117
0022501010,2026-03-19,Regular Season,1610612748,MIA,Miami Heat,1610612747,LAL,Los Angeles Lakers,126,134
0022501011,2026-03-19,Regular Season,1610612741,CHI,Chicago Bulls,1610612739,CLE,Cleveland Cavaliers,110,115
0022501012,2026-03-19,Regular Season,1610612740,NOP,New Orleans Pelicans,1610612746,LAC,LA Clippers,105,99
0022501013,2026-03-19,Regular Season,1610612759,SAS,San Antonio Spurs,1610612756,PHX,Phoenix Suns,101,100
0022501014,2026-03-19,Regular Season,1610612762,UTA,Utah Jazz,1610612749,MIL,Milwaukee Bucks,128,96
0022501015,2026-03-19,Regular Season,1610612758,SAC,Sacramento Kings,1610612755,PHI,Philadelphia 76ers,118,139
0022501016,2026-03-20,Regular Season,1610612751,BKN,Brooklyn Nets,1610612752,NYK,New York Knicks,92,93
0022501017,2026-03-20,Regular Season,1610612765,DET,Detroit Pistons,1610612744,GSW,Golden State Warriors,115,101
0022501018,2026-03-20,Regular Season,1610612745,HOU,Houston Rockets,1610612737,ATL,Atlanta Hawks,117,95
0022501019,2026-03-20,Regular Season,1610612763,MEM,Memphis Grizzlies,1610612738,BOS,Boston Celtics,112,117
0022501020,2026-03-20,Regular Season,1610612750,MIN,Minnesota Timberwolves,1610612757,POR,Portland Trail Blazers,104,108
0022501021,2026-03-20,Regular Season,1610612743,DEN,Denver Nuggets,1610612761,TOR,Toronto Raptors,121,115
0022501022,2026-03-21,Regular Season,1610612764,WAS,Washington Wizards,1610612760,OKC,Oklahoma City Thunder,111,132
0022501023,2026-03-21,Regular Season,1610612766,CHA,Charlotte Hornets,1610612763,MEM,Memphis Grizzlies,124,101
0022501024,2026-03-21,Regular Season,1610612753,ORL,Orlando Magic,1610612747,LAL,Los Angeles Lakers,104,105
0022501025,2026-03-21,Regular Season,1610612740,NOP,New Orleans Pelicans,1610612739,CLE,Cleveland Cavaliers,106,111
0022501026,2026-03-21,Regular Season,1610612737,ATL,Atlanta Hawks,1610612744,GSW,Golden State Warriors,126,110
0022501027,2026-03-21,Regular Season,1610612745,HOU,Houston Rockets,1610612748,MIA,Miami Heat,123,122
0022501028,2026-03-21,Regular Season,1610612759,SAS,San Antonio Spurs,1610612754,IND,Indiana Pacers,134,119
0022501029,2026-03-21,Regular Season,1610612742,DAL,Dallas Mavericks,1610612746,LAC,LA Clippers,131,138
0022501030,2026-03-21,Regular Season,1610612762,UTA,Utah Jazz,1610612755,PHI,Philadelphia 76ers,116,126
0022501031,2026-03-21,Regular Season,1610612756,PHX,Phoenix Suns,1610612749,MIL,Milwaukee Bucks,105,108
0022501032,2026-03-22,Regular Season,1610612743,DEN,Denver Nuggets,1610612757,POR,Portland Trail Blazers,128,112
0022501033,2026-03-22,Regular Season,1610612758,SAC,Sacramento Kings,1610612751,BKN,Brooklyn Nets,126,122
0022501034,2026-03-22,Regular Season,1610612752,NYK,New York Knicks,1610612764,WAS,Washington Wizards,145,113
0022501035,2026-03-22,Regular Season,1610612738,BOS,Boston Celtics,1610612750,MIN,Minnesota Timberwolves,92,102
0022501036,2026-03-22,Regular Season,1610612756,PHX,Phoenix Suns,1610612761,TOR,Toronto Raptors,120,98
0022501037,2026-03-23,Regular Season,1610612737,ATL,Atlanta Hawks,1610612763,MEM,Memphis Grizzlies,146,107
0022501038,2026-03-23,Regular Season,1610612765,DET,Detroit Pistons,1610612747,LAL,Los Angeles Lakers,113,110
0022501039,2026-03-23,Regular Season,1610612753,ORL,Orlando Magic,1610612754,IND,Indiana Pacers,126,128
0022501040,2026-03-23,Regular Season,1610612755,PHI,Philadelphia 76ers,1610612760,OKC,Oklahoma City Thunder,103,123
0022501041,2026-03-23,Regular Season,1610612748,MIA,Miami Heat,1610612759,SAS,San Antonio Spurs,111,136
0022501042,2026-03-23,Regular Season,1610612741,CHI,Chicago Bulls,1610612745,HOU,Houston Rockets,132,124
0022501043,2026-03-23,Regular Season,1610612762,UTA,Utah Jazz,1610612761,TOR,Toronto Raptors,127,143
0022501044,2026-03-23,Regular Season,1610612742,DAL,Dallas Mavericks,1610612744,GSW,Golden State Warriors,131,137
0022501045,2026-03-23,Regular Season,1610612757,POR,Portland Trail Blazers,1610612751,BKN,Brooklyn Nets,134,99
0022501046,2026-03-23,Regular Season,1610612746,LAC,LA Clippers,1610612749,MIL,Milwaukee Bucks,129,96
0022501047,2026-03-24,Regular Season,1610612766,CHA,Charlotte Hornets,1610612758,SAC,Sacramento Kings,134,90
0022501048,2026-03-24,Regular Season,1610612752,NYK,New York Knicks,1610612740,NOP,New Orleans Pelicans,121,116
0022501049,2026-03-24,Regular Season,1610612739,CLE,Cleveland Cavaliers,1610612753,ORL,Orlando Magic,136,131
0022501050,2026-03-24,Regular Season,1610612756,PHX,Phoenix Suns,1610612743,DEN,Denver Nuggets,123,125
0022501051,2026-03-25,Regular Season,1610612765,DET,Detroit Pistons,1610612737,ATL,Atlanta Hawks,129,130
0022501052,2026-03-25,Regular Season,1610612754,IND,Indiana Pacers,1610612747,LAL,Los Angeles Lakers,130,137
0022501053,2026-03-25,Regular Season,1610612755,PHI,Philadelphia 76ers,1610612741,CHI,Chicago Bulls,157,137
0022501054,2026-03-25,Regular Season,1610612738,BOS,Boston Celtics,1610612760,OKC,Oklahoma City Thunder,119,109
0022501055,2026-03-25,Regular Season,1610612739,CLE,Cleveland Cavaliers,1610612748,MIA,Miami Heat,103,120
0022501056,2026-03-25,Regular Season,1610612763,MEM,Memphis Grizzlies,1610612759,SAS,San Antonio Spurs,98,123
0022501057,2026-03-25,Regular Season,1610612762,UTA,Utah Jazz,1610612764,WAS,Washington Wizards,110,133
0022501058,2026-03-25,Regular Season,1610612750,MIN,Minnesota Timberwolves,1610612745,HOU,Houston Rockets,110,108
0022501059,2026-03-25,Regular Season,1610612743,DEN,Denver Nuggets,1610612742,DAL,Dallas Mavericks,142,135
0022501060,2026-03-25,Regular Season,1610612744,GSW,Golden State Warriors,1610612751,BKN,Brooklyn Nets,109,106
0022501061,2026-03-25,Regular Season,1610612757,POR,Portland Trail Blazers,1610612749,MIL,Milwaukee Bucks,130,99
0022501062,2026-03-25,Regular Season,1610612746,LAC,LA Clippers,1610612761,TOR,Toronto Raptors,119,94
0022501063,2026-03-26,Regular Season,1610612766,CHA,Charlotte Hornets,1610612752,NYK,New York Knicks,114,103
0022501064,2026-03-26,Regular Season,1610612765,DET,Detroit Pistons,1610612740,NOP,New Orleans Pelicans,129,108
0022501065,2026-03-26,Regular Season,1610612753,ORL,Orlando Magic,1610612758,SAC,Sacramento Kings,121,117
0022501066,2026-03-27,Regular Season,1610612754,IND,Indiana Pacers,1610612746,LAC,LA Clippers,113,114
0022501067,2026-03-27,Regular Season,1610612738,BOS,Boston Celtics,1610612737,ATL,Atlanta Hawks,109,102
0022501068,2026-03-27,Regular Season,1610612739,CLE,Cleveland Cavaliers,1610612748,MIA,Miami Heat,149,128
0022501069,2026-03-27,Regular Season,1610612763,MEM,Memphis Grizzlies,1610612745,HOU,Houston Rockets,109,119
0022501070,2026-03-27,Regular Season,1610612760,OKC,Oklahoma City Thunder,1610612741,CHI,Chicago Bulls,131,113
0022501071,2026-03-27,Regular Season,1610612761,TOR,Toronto Raptors,1610612740,NOP,New Orleans Pelicans,119,106
0022501072,2026-03-27,Regular Season,1610612743,DEN,Denver Nuggets,1610612762,UTA,Utah Jazz,135,129
0022501073,2026-03-27,Regular Season,1610612744,GSW,Golden State Warriors,1610612764,WAS,Washington Wizards,131,126
0022501074,2026-03-27,Regular Season,1610612757,POR,Portland Trail Blazers,1610612742,DAL,Dallas Mavericks,93,100
0022501075,2026-03-27,Regular Season,1610612747,LAL,Los Angeles Lakers,1610612751,BKN,Brooklyn Nets,116,99
0022501076,2026-03-28,Regular Season,1610612749,MIL,Milwaukee Bucks,1610612759,SAS,San Antonio Spurs,95,127
0022501077,2026-03-28,Regular Season,1610612766,CHA,Charlotte Hornets,1610612755,PHI,Philadelphia 76ers,114,118
0022501078,2026-03-28,Regular Season,1610612737,ATL,Atlanta Hawks,1610612758,SAC,Sacramento Kings,123,113
0022501079,2026-03-28,Regular Season,1610612763,MEM,Memphis Grizzlies,1610612741,CHI,Chicago Bulls,125,124
0022501080,2026-03-28,Regular Season,1610612750,MIN,Minnesota Timberwolves,1610612765,DET,Detroit Pistons,87,109
0022501081,2026-03-28,Regular Season,1610612756,PHX,Phoenix Suns,1610612762,UTA,Utah Jazz,134,109
0022501082,2026-03-29,Regular Season,1610612749,MIL,Milwaukee Bucks,1610612746,LAC,LA Clippers,113,127
0022501083,2026-03-29,Regular Season,1610612754,IND,Indiana Pacers,1610612748,MIA,Miami Heat,135,118
0022501084,2026-03-29,Regular Season,1610612751,BKN,Brooklyn Nets,1610612758,SAC,Sacramento Kings,116,99
0022501085,2026-03-29,Regular Season,1610612766,CHA,Charlotte Hornets,1610612738,BOS,Boston Celtics,99,114
0022501086,2026-03-29,Regular Season,1610612761,TOR,Toronto Raptors,1610612753,ORL,Orlando Magic,139,87
0022501087,2026-03-29,Regular Season,1610612757,POR,Portland Trail Blazers,1610612764,WAS,Washington Wizards,123,88
0022501088,2026-03-29,Regular Season,1610612740,NOP,New Orleans Pelicans,1610612745,HOU,Houston Rockets,102,134
0022501089,2026-03-29,Regular Season,1610612760,OKC,Oklahoma City Thunder,1610612752,NYK,New York Knicks,111,100
0022501090,2026-03-29,Regular Season,1610612743,DEN,Denver Nuggets,1610612744,GSW,Golden State Warriors,116,93
0022501091,2026-03-30,Regular Season,1610612748,MIA,Miami Heat,1610612755,PHI,Philadelphia 76ers,119,109
0022501092,2026-03-30,Regular Season,1610612737,ATL,Atlanta Hawks,1610612738,BOS,Boston Celtics,112,102
0022501093,2026-03-30,Regular Season,1610612763,MEM,Memphis Grizzlies,1610612756,PHX,Phoenix Suns,105,131
0022501094,2026-03-30,Regular Season,1610612759,SAS,San Antonio Spurs,1610612741,CHI,Chicago Bulls,129,114
0022501095,2026-03-30,Regular Season,1610612742,DAL,Dallas Mavericks,1610612750,MIN,Minnesota Timberwolves,94,124
0022501096,2026-03-30,Regular Season,1610612762,UTA,Utah Jazz,1610612739,CLE,Cleveland Cavaliers,113,122
0022501097,2026-03-30,Regular Season,1610612760,OKC,Oklahoma City Thunder,1610612765,DET,Detroit Pistons,114,110
0022501098,2026-03-30,Regular Season,1610612747,LAL,Los Angeles Lakers,1610612764,WAS,Washington Wizards,120,101
0022501099,2026-03-31,Regular Season,1610612753,ORL,Orlando Magic,1610612756,PHX,Phoenix Suns,115,111
0022501100,2026-03-31,Regular Season,1610612751,BKN,Brooklyn Nets,1610612766,CHA,Charlotte Hornets,86,117
0022501101,2026-03-31,Regular Season,1610612765,DET,Detroit Pistons,1610612761,TOR,Toronto Raptors,127,116
0022501102,2026-03-31,Regular Season,1610612745,HOU,Houston Rockets,1610612752,NYK,New York Knicks,111,94
0022501103,2026-03-31,Regular Season,1610612747,LAL,Los Angeles Lakers,1610612739,CLE,Cleveland Cavaliers,127,113
0022501104,2026-03-31,Regular Season,1610612746,LAC,LA Clippers,1610612757,POR,Portland Trail Blazers,104,114
0022501105,2026-04-01,Regular Season,1610612764,WAS,Washington Wizards,1610612755,PHI,Philadelphia 76ers,131,153
0022501106,2026-04-01,Regular Season,1610612748,MIA,Miami Heat,1610612738,BOS,Boston Celtics,129,147
0022501107,2026-04-01,Regular Season,1610612753,ORL,Orlando Magic,1610612737,ATL,Atlanta Hawks,101,130
0022501108,2026-04-01,Regular Season,1610612761,TOR,Toronto Raptors,1610612758,SAC,Sacramento Kings,115,123
0022501109,2026-04-01,Regular Season,1610612741,CHI,Chicago Bulls,1610612754,IND,Indiana Pacers,126,145
0022501110,2026-04-01,Regular Season,1610612745,HOU,Houston Rockets,1610612749,MIL,Milwaukee Bucks,119,113
0022501111,2026-03-12,Regular Season,1610612763,MEM,Memphis Grizzlies,1610612742,DAL,Dallas Mavericks,112,120
0022501112,2026-04-01,Regular Season,1610612762,UTA,Utah Jazz,1610612743,DEN,Denver Nuggets,117,130
0022501113,2026-04-01,Regular Season,1610612744,GSW,Golden State Warriors,1610612759,SAS,San Antonio Spurs,113,127
0022501114,2026-04-02,Regular Season,1610612766,CHA,Charlotte Hornets,1610612756,PHX,Phoenix Suns,127,107
0022501115,2026-04-02,Regular Season,1610612765,DET,Detroit Pistons,1610612750,MIN,Minnesota Timberwolves,113,108
0022501116,2026-04-02,Regular Season,1610612760,OKC,Oklahoma City Thunder,1610612747,LAL,Los Angeles Lakers,139,96
0022501117,2026-04-02,Regular Season,1610612744,GSW,Golden State Warriors,1610612739,CLE,Cleveland Cavaliers,111,118
0022501118,2026-04-02,Regular Season,1610612757,POR,Portland Trail Blazers,1610612740,NOP,New Orleans Pelicans,118,106
0022501119,2026-04-02,Regular Season,1610612746,LAC,LA Clippers,1610612759,SAS,San Antonio Spurs,99,118
0022501120,2026-04-03,Regular Season,1610612766,CHA,Charlotte Hornets,1610612754,IND,Indiana Pacers,129,108
0022501121,2026-04-03,Regular Season,1610612755,PHI,Philadelphia 76ers,1610612750,MIN,Minnesota Timberwolves,115,103
0022501122,2026-04-03,Regular Season,1610612751,BKN,Brooklyn Nets,1610612737,ATL,Atlanta Hawks,107,141
0022501123,2026-04-03,Regular Season,1610612752,NYK,New York Knicks,1610612741,CHI,Chicago Bulls,136,96
0022501124,2026-04-03,Regular Season,1610612745,HOU,Houston Rockets,1610612762,UTA,Utah Jazz,140,106
0022501125,2026-04-03,Regular Season,1610612763,MEM,Memphis Grizzlies,1610612761,TOR,Toronto Raptors,96,128
0022501126,2026-04-03,Regular Season,1610612749,MIL,Milwaukee Bucks,1610612738,BOS,Boston Celtics,101,133
0022501127,2026-04-03,Regular Season,1610612742,DAL,Dallas Mavericks,1610612753,ORL,Orlando Magic,127,138
0022501128,2026-04-03,Regular Season,1610612758,SAC,Sacramento Kings,1610612740,NOP,New Orleans Pelicans,117,113
0022501129,2026-04-04,Regular Season,1610612748,MIA,Miami Heat,1610612764,WAS,Washington Wizards,152,136
0022501130,2026-04-04,Regular Season,1610612743,DEN,Denver Nuggets,1610612759,SAS,San Antonio Spurs,136,134
0022501131,2026-04-04,Regular Season,1610612755,PHI,Philadelphia 76ers,1610612765,DET,Detroit Pistons,93,116
0022501132,2026-04-05,Regular Season,1610612738,BOS,Boston Celtics,1610612761,TOR,Toronto Raptors,115,101
0022501133,2026-04-05,Regular Season,1610612751,BKN,Brooklyn Nets,1610612764,WAS,Washington Wizards,121,115
0022501134,2026-04-05,Regular Season,1610612741,CHI,Chicago Bulls,1610612756,PHX,Phoenix Suns,110,120
0022501135,2026-04-05,Regular Season,1610612749,MIL,Milwaukee Bucks,1610612763,MEM,Memphis Grizzlies,131,115
0022501136,2026-04-05,Regular Season,1610612739,CLE,Cleveland Cavaliers,1610612754,IND,Indiana Pacers,117,108
0022501137,2026-04-05,Regular Season,1610612750,MIN,Minnesota Timberwolves,1610612766,CHA,Charlotte Hornets,108,122
0022501138,2026-04-05,Regular Season,1610612740,NOP,New Orleans Pelicans,1610612753,ORL,Orlando Magic,108,112
0022501139,2026-04-05,Regular Season,1610612760,OKC,Oklahoma City Thunder,1610612762,UTA,Utah Jazz,146,111
0022501140,2026-04-05,Regular Season,1610612742,DAL,Dallas Mavericks,1610612747,LAL,Los Angeles Lakers,134,128
0022501141,2026-04-05,Regular Season,1610612758,SAC,Sacramento Kings,1610612746,LAC,LA Clippers,109,138
0022501142,2026-04-05,Regular Season,1610612744,GSW,Golden State Warriors,1610612745,HOU,Houston Rockets,116,117
0022501143,2026-04-06,Regular Season,1610612737,ATL,Atlanta Hawks,1610612752,NYK,New York Knicks,105,108
0022501144,2026-04-06,Regular Season,1610612753,ORL,Orlando Magic,1610612765,DET,Detroit Pistons,123,107
0022501145,2026-04-06,Regular Season,1610612763,MEM,Memphis Grizzlies,1610612739,CLE,Cleveland Cavaliers,126,142
0022501146,2026-04-06,Regular Season,1610612759,SAS,San Antonio Spurs,1610612755,PHI,Philadelphia 76ers,115,102
0022501147,2026-04-06,Regular Season,1610612743,DEN,Denver Nuggets,1610612757,POR,Portland Trail Blazers,137,132
0022501148,2026-04-07,Regular Season,1610612764,WAS,Washington Wizards,1610612741,CHI,Chicago Bulls,98,129
0022501149,2026-04-07,Regular Season,1610612738,BOS,Boston Celtics,1610612766,CHA,Charlotte Hornets,113,102
0022501150,2026-04-07,Regular Season,1610612751,BKN,Brooklyn Nets,1610612749,MIL,Milwaukee Bucks,96,90
0022501151,2026-04-07,Regular Season,1610612761,TOR,Toronto Raptors,1610612748,MIA,Miami Heat,121,95
0022501152,2026-04-07,Regular Season,1610612754,IND,Indiana Pacers,1610612750,MIN,Minnesota Timberwolves,104,124
0022501153,2026-04-07,Regular Season,1610612740,NOP,New Orleans Pelicans,1610612762,UTA,Utah Jazz,156,137
0022501154,2026-04-07,Regular Season,1610612744,GSW,Golden State Warriors,1610612758,SAC,Sacramento Kings,110,105
0022501155,2026-04-07,Regular Season,1610612747,LAL,Los Angeles Lakers,1610612760,OKC,Oklahoma City Thunder,87,123
0022501156,2026-04-07,Regular Season,1610612746,LAC,LA Clippers,1610612742,DAL,Dallas Mavericks,116,103
0022501157,2026-04-07,Regular Season,1610612756,PHX,Phoenix Suns,1610612745,HOU,Houston Rockets,105,119
0022501158,2026-04-08,Regular Season,1610612739,CLE,Cleveland Cavaliers,1610612737,ATL,Atlanta Hawks,122,116
0022501159,2026-04-08,Regular Season,1610612753,ORL,Orlando Magic,1610612750,MIN,Minnesota Timberwolves,132,120
0022501160,2026-04-08,Regular Season,1610612765,DET,Detroit Pistons,1610612749,MIL,Milwaukee Bucks,137,111
0022501161,2026-04-08,Regular Season,1610612759,SAS,San Antonio Spurs,1610612757,POR,Portland Trail Blazers,112,101
0022501162,2026-04-08,Regular Season,1610612743,DEN,Denver Nuggets,1610612763,MEM,Memphis Grizzlies,136,119
0022501163,2026-04-08,Regular Season,1610612746,LAC,LA Clippers,1610612760,OKC,Oklahoma City Thunder,110,128
0022501164,2026-04-08,Regular Season,1610612756,PHX,Phoenix Suns,1610612742,DAL,Dallas Mavericks,112,107
0022501165,2026-04-09,Regular Season,1610612761,TOR,Toronto Raptors,1610612748,MIA,Miami Heat,128,114
0022501166,2026-04-09,Regular Season,1610612764,WAS,Washington Wizards,1610612741,CHI,Chicago Bulls,108,119
0022501167,2026-04-09,Regular Season,1610612751,BKN,Brooklyn Nets,1610612754,IND,Indiana Pacers,94,123
0022501168,2026-04-09,Regular Season,1610612752,NYK,New York Knicks,1610612738,BOS,Boston Celtics,112,106
0022501169,2026-04-09,Regular Season,1610612745,HOU,Houston Rockets,1610612755,PHI,Philadelphia 76ers,113,102
0022501170,2026-04-09,Regular Season,1610612744,GSW,Golden State Warriors,1610612747,LAL,Los Angeles Lakers,103,119
0022501171,2026-04-10,Regular Season,1610612766,CHA,Charlotte Hornets,1610612765,DET,Detroit Pistons,100,118
0022501172,2026-04-10,Regular Season,1610612764,WAS,Washington Wizards,1610612748,MIA,Miami Heat,117,140
0022501173,2026-04-10,Regular Season,1610612737,ATL,Atlanta Hawks,1610612739,CLE,Cleveland Cavaliers,124,102
0022501174,2026-04-10,Regular Season,1610612738,BOS,Boston Celtics,1610612740,NOP,New Orleans Pelicans,144,118
0022501175,2026-04-10,Regular Season,1610612754,IND,Indiana Pacers,1610612755,PHI,Philadelphia 76ers,94,105
0022501176,2026-04-10,Regular Season,1610612752,NYK,New York Knicks,1610612761,TOR,Toronto Raptors,112,95
0022501177,2026-04-10,Regular Season,1610612741,CHI,Chicago Bulls,1610612753,ORL,Orlando Magic,103,127
0022501178,2026-04-10,Regular Season,1610612745,HOU,Houston Rockets,1610612750,MIN,Minnesota Timberwolves,132,136
0022501179,2026-04-10,Regular Season,1610612749,MIL,Milwaukee Bucks,1610612751,BKN,Brooklyn Nets,125,108
0022501180,2026-04-10,Regular Season,1610612759,SAS,San Antonio Spurs,1610612742,DAL,Dallas Mavericks,139,120
0022501181,2026-04-10,Regular Season,1610612762,UTA,Utah Jazz,1610612763,MEM,Memphis Grizzlies,147,101
0022501182,2026-04-10,Regular Season,1610612743,DEN,Denver Nuggets,1610612760,OKC,Oklahoma City Thunder,127,107
0022501183,2026-04-10,Regular Season,1610612757,POR,Portland Trail Blazers,1610612746,LAC,LA Clippers,116,97
0022501184,2026-04-10,Regular Season,1610612758,SAC,Sacramento Kings,1610612744,GSW,Golden State Warriors,124,118
0022501185,2026-04-10,Regular Season,1610612747,LAL,Los Angeles Lakers,1610612756,PHX,Phoenix Suns,101,73
0022501186,2026-04-12,Regular Season,1610612738,BOS,Boston Celtics,1610612753,ORL,Orlando Magic,113,108
0022501187,2026-04-12,Regular Season,1610612739,CLE,Cleveland Cavaliers,1610612764,WAS,Washington Wizards,130,117
0022501188,2026-04-12,Regular Season,1610612754,IND,Indiana Pacers,1610612765,DET,Detroit Pistons,121,133
0022501189,2026-04-12,Regular Season,1610612748,MIA,Miami Heat,1610612737,ATL,Atlanta Hawks,143,117
0022501190,2026-04-12,Regular Season,1610612752,NYK,New York Knicks,1610612766,CHA,Charlotte Hornets,96,110
0022501191,2026-04-12,Regular Season,1610612755,PHI,Philadelphia 76ers,1610612749,MIL,Milwaukee Bucks,126,106
0022501192,2026-04-12,Regular Season,1610612761,TOR,Toronto Raptors,1610612751,BKN,Brooklyn Nets,136,101
0022501193,2026-04-12,Regular Season,1610612742,DAL,Dallas Mavericks,1610612741,CHI,Chicago Bulls,149,128
0022501194,2026-04-12,Regular Season,1610612745,HOU,Houston Rockets,1610612763,MEM,Memphis Grizzlies,132,101
0022501195,2026-04-12,Regular Season,1610612750,MIN,Minnesota Timberwolves,1610612740,NOP,New Orleans Pelicans,132,126
0022501196,2026-04-12,Regular Season,1610612760,OKC,Oklahoma City Thunder,1610612756,PHX,Phoenix Suns,103,135
0022501197,2026-04-12,Regular Season,1610612759,SAS,San Antonio Spurs,1610612743,DEN,Denver Nuggets,118,128
0022501198,2026-04-12,Regular Season,1610612747,LAL,Los Angeles Lakers,1610612762,UTA,Utah Jazz,131,107
0022501199,2026-04-12,Regular Season,1610612746,LAC,LA Clippers,1610612744,GSW,Golden State Warriors,115,110
0022501200,2026-04-12,Regular Season,1610612757,POR,Portland Trail Blazers,1610612758,SAC,Sacramento Kings,122,110
0022501201,2025-12-09,Regular Season,1610612753,ORL,Orlando Magic,1610612748,MIA,Miami Heat,117,108
0022501202,2025-12-09,Regular Season,1610612761,TOR,Toronto Raptors,1610612752,NYK,New York Knicks,101,117
0022501203,2025-12-10,Regular Season,1610612760,OKC,Oklahoma City Thunder,1610612756,PHX,Phoenix Suns,138,89
0022501204,2025-12-10,Regular Season,1610612747,LAL,Los Angeles Lakers,1610612759,SAS,San Antonio Spurs,119,132
0022501205,2025-12-11,Regular Season,1610612745,HOU,Houston Rockets,1610612746,LAC,LA Clippers,115,113
0022501206,2025-12-11,Regular Season,1610612749,MIL,Milwaukee Bucks,1610612738,BOS,Boston Celtics,116,101
0022501207,2025-12-11,Regular Season,1610612740,NOP,New Orleans Pelicans,1610612757,POR,Portland Trail Blazers,143,120
0022501208,2025-12-11,Regular Season,1610612758,SAC,Sacramento Kings,1610612743,DEN,Denver Nuggets,105,136
0022501209,2025-12-12,Regular Season,1610612766,CHA,Charlotte Hornets,1610612741,CHI,Chicago Bulls,126,129
0022501210,2025-12-12,Regular Season,1610612765,DET,Detroit Pistons,1610612737,ATL,Atlanta Hawks,142,115
0022501211,2025-12-12,Regular Season,1610612755,PHI,Philadelphia 76ers,1610612754,IND,Indiana Pacers,115,105
0022501212,2025-12-12,Regular Season,1610612764,WAS,Washington Wizards,1610612739,CLE,Cleveland Cavaliers,126,130
0022501213,2025-12-12,Regular Season,1610612763,MEM,Memphis Grizzlies,1610612762,UTA,Utah Jazz,126,130
0022501214,2025-12-12,Regular Season,1610612742,DAL,Dallas Mavericks,1610612751,BKN,Brooklyn Nets,119,111
0022501215,2025-12-12,Regular Season,1610612744,GSW,Golden State Warriors,1610612750,MIN,Minnesota Timberwolves,120,127
0022501216,2025-12-14,Regular Season,1610612754,IND,Indiana Pacers,1610612764,WAS,Washington Wizards,89,108
0022501217,2025-12-14,Regular Season,1610612737,ATL,Atlanta Hawks,1610612755,PHI,Philadelphia 76ers,120,117
0022501218,2025-12-14,Regular Season,1610612739,CLE,Cleveland Cavaliers,1610612766,CHA,Charlotte Hornets,111,119
0022501219,2025-12-14,Regular Season,1610612751,BKN,Brooklyn Nets,1610612749,MIL,Milwaukee Bucks,127,82
0022501220,2025-12-14,Regular Season,1610612750,MIN,Minnesota Timberwolves,1610612758,SAC,Sacramento Kings,117,103
0022501221,2025-12-14,Regular Season,1610612757,POR,Portland Trail Blazers,1610612744,GSW,Golden State Warriors,136,131
0022501222,2025-12-15,Regular Season,1610612738,BOS,Boston Celtics,1610612765,DET,Detroit Pistons,105,112
0022501223,2025-12-14,Regular Season,1610612741,CHI,Chicago Bulls,1610612740,NOP,New Orleans Pelicans,104,114
0022501224,2025-12-15,Regular Season,1610612762,UTA,Utah Jazz,1610612742,DAL,Dallas Mavericks,140,133
0022501225,2025-12-15,Regular Season,1610612743,DEN,Denver Nuggets,1610612745,HOU,Houston Rockets,128,125
0022501226,2025-12-15,Regular Season,1610612746,LAC,LA Clippers,1610612763,MEM,Memphis Grizzlies,103,121
0022501227,2025-12-15,Regular Season,1610612748,MIA,Miami Heat,1610612761,TOR,Toronto Raptors,96,106
0022501228,2025-12-14,Regular Season,1610612756,PHX,Phoenix Suns,1610612747,LAL,Los Angeles Lakers,114,116
0022501229,2025-12-13,Regular Season,1610612753,ORL,Orlando Magic,1610612752,NYK,New York Knicks,120,132
0022501230,2025-12-13,Regular Season,1610612760,OKC,Oklahoma City Thunder,1610612759,SAS,San Antonio Spurs,109,111
0032500003,2026-02-13,Regular Season,1610616840,ANT,Team Anthony,1610616839,GNS,Team Giannis,33,27
0032500004,2026-02-13,Regular Season,1610616862,MEL, Team Melo,1610616865,AUS, Team Austin,40,34
0032500005,2026-02-13,Regular Season,1610616864,TMC, Team T-Mac,1610616863,VIN, Team Vince,36,41
0032500006,2026-02-13,Regular Season,1610616862,MEL, Team Melo,1610616863,VIN, Team Vince,24,25
0032500011,2026-02-15,Regular Season,1610616859,STR, Stars,1610616861,WLD, World,37,35
0032500021,2026-02-15,Regular Season,1610616860,STP, Stripes,1610616859,STR, Stars,42,40
0032500031,2026-02-15,Regular Season,1610616860,STP, Stripes,1610616861,WLD, World,48,45
0032500041,2026-02-15,Regular Season,1610616860,STP, Stripes,1610616859,STR, Stars,21,47
0042500101,2026-04-19,Regular Season,1610612765,DET,Detroit Pistons,1610612753,ORL,Orlando Magic,101,112
0042500102,2026-04-22,Regular Season,1610612765,DET,Detroit Pistons,1610612753,ORL,Orlando Magic,98,83
0042500103,2026-04-25,Regular Season,1610612753,ORL,Orlando Magic,1610612765,DET,Detroit Pistons,113,105
0042500104,2026-04-27,Regular Season,1610612753,ORL,Orlando Magic,1610612765,DET,Detroit Pistons,94,88
0042500105,2026-04-29,Regular Season,1610612765,DET,Detroit Pistons,1610612753,ORL,Orlando Magic,116,109
0042500106,2026-05-01,Regular Season,1610612753,ORL,Orlando Magic,1610612765,DET,Detroit Pistons,79,93
0042500107,2026-05-03,Regular Season,1610612765,DET,Detroit Pistons,1610612753,ORL,Orlando Magic,116,94
0042500111,2026-04-19,Regular Season,1610612738,BOS,Boston Celtics,1610612755,PHI,Philadelphia 76ers,123,91
0042500112,2026-04-21,Regular Season,1610612738,BOS,Boston Celtics,1610612755,PHI,Philadelphia 76ers,97,111
0042500113,2026-04-24,Regular Season,1610612755,PHI,Philadelphia 76ers,1610612738,BOS,Boston Celtics,100,108
0042500114,2026-04-26,Regular Season,1610612755,PHI,Philadelphia 76ers,1610612738,BOS,Boston Celtics,96,128
0042500115,2026-04-28,Regular Season,1610612738,BOS,Boston Celtics,1610612755,PHI,Philadelphia 76ers,97,113
0042500116,2026-04-30,Regular Season,1610612755,PHI,Philadelphia 76ers,1610612738,BOS,Boston Celtics,106,93
0042500117,2026-05-02,Regular Season,1610612738,BOS,Boston Celtics,1610612755,PHI,Philadelphia 76ers,100,109
0042500121,2026-04-18,Regular Season,1610612752,NYK,New York Knicks,1610612737,ATL,Atlanta Hawks,113,102
0042500122,2026-04-20,Regular Season,1610612752,NYK,New York Knicks,1610612737,ATL,Atlanta Hawks,106,107
0042500123,2026-04-23,Regular Season,1610612737,ATL,Atlanta Hawks,1610612752,NYK,New York Knicks,109,108
0042500124,2026-04-25,Regular Season,1610612737,ATL,Atlanta Hawks,1610612752,NYK,New York Knicks,98,114
0042500125,2026-04-28,Regular Season,1610612752,NYK,New York Knicks,1610612737,ATL,Atlanta Hawks,126,97
0042500126,2026-04-30,Regular Season,1610612737,ATL,Atlanta Hawks,1610612752,NYK,New York Knicks,89,140
0042500131,2026-04-18,Regular Season,1610612739,CLE,Cleveland Cavaliers,1610612761,TOR,Toronto Raptors,126,113
0042500132,2026-04-20,Regular Season,1610612739,CLE,Cleveland Cavaliers,1610612761,TOR,Toronto Raptors,115,105
0042500133,2026-04-23,Regular Season,1610612761,TOR,Toronto Raptors,1610612739,CLE,Cleveland Cavaliers,126,104
0042500134,2026-04-26,Regular Season,1610612761,TOR,Toronto Raptors,1610612739,CLE,Cleveland Cavaliers,93,89
0042500135,2026-04-29,Regular Season,1610612739,CLE,Cleveland Cavaliers,1610612761,TOR,Toronto Raptors,125,120
0042500136,2026-05-01,Regular Season,1610612761,TOR,Toronto Raptors,1610612739,CLE,Cleveland Cavaliers,112,110
0042500137,2026-05-03,Regular Season,1610612739,CLE,Cleveland Cavaliers,1610612761,TOR,Toronto Raptors,114,102
0042500141,2026-04-19,Regular Season,1610612760,OKC,Oklahoma City Thunder,1610612756,PHX,Phoenix Suns,119,84
0042500142,2026-04-22,Regular Season,1610612760,OKC,Oklahoma City Thunder,1610612756,PHX,Phoenix Suns,120,107
0042500143,2026-04-25,Regular Season,1610612756,PHX,Phoenix Suns,1610612760,OKC,Oklahoma City Thunder,109,121
0042500144,2026-04-27,Regular Season,1610612756,PHX,Phoenix Suns,1610612760,OKC,Oklahoma City Thunder,122,131
0042500151,2026-04-19,Regular Season,1610612759,SAS,San Antonio Spurs,1610612757,POR,Portland Trail Blazers,111,98
0042500152,2026-04-21,Regular Season,1610612759,SAS,San Antonio Spurs,1610612757,POR,Portland Trail Blazers,103,106
0042500153,2026-04-24,Regular Season,1610612757,POR,Portland Trail Blazers,1610612759,SAS,San Antonio Spurs,108,120
0042500154,2026-04-26,Regular Season,1610612757,POR,Portland Trail Blazers,1610612759,SAS,San Antonio Spurs,93,114
0042500155,2026-04-28,Regular Season,1610612759,SAS,San Antonio Spurs,1610612757,POR,Portland Trail Blazers,114,95
0042500161,2026-04-18,Regular Season,1610612743,DEN,Denver Nuggets,1610612750,MIN,Minnesota Timberwolves,116,105
0042500162,2026-04-20,Regular Season,1610612743,DEN,Denver Nuggets,1610612750,MIN,Minnesota Timberwolves,114,119
0042500163,2026-04-23,Regular Season,1610612750,MIN,Minnesota Timberwolves,1610612743,DEN,Denver Nuggets,113,96
0042500164,2026-04-25,Regular Season,1610612750,MIN,Minnesota Timberwolves,1610612743,DEN,Denver Nuggets,112,96
0042500165,2026-04-27,Regular Season,1610612743,DEN,Denver Nuggets,1610612750,MIN,Minnesota Timberwolves,125,113
0042500166,2026-04-30,Regular Season,1610612750,MIN,Minnesota Timberwolves,1610612743,DEN,Denver Nuggets,110,98
0042500171,2026-04-18,Regular Season,1610612747,LAL,Los Angeles Lakers,1610612745,HOU,Houston Rockets,107,98
0042500172,2026-04-21,Regular Season,1610612747,LAL,Los Angeles Lakers,1610612745,HOU,Houston Rockets,101,94
0042500173,2026-04-24,Regular Season,1610612745,HOU,Houston Rockets,1610612747,LAL,Los Angeles Lakers,108,112
0042500174,2026-04-26,Regular Season,1610612745,HOU,Houston Rockets,1610612747,LAL,Los Angeles Lakers,115,96
0042500175,2026-04-29,Regular Season,1610612747,LAL,Los Angeles Lakers,1610612745,HOU,Houston Rockets,93,99
0042500176,2026-05-01,Regular Season,1610612745,HOU,Houston Rockets,1610612747,LAL,Los Angeles Lakers,78,98
0042500201,2026-05-05,Regular Season,1610612765,DET,Detroit Pistons,1610612739,CLE,Cleveland Cavaliers,111,101
0042500202,2026-05-07,Regular Season,1610612765,DET,Detroit Pistons,1610612739,CLE,Cleveland Cavaliers,107,97
0042500203,2026-05-09,Regular Season,1610612739,CLE,Cleveland Cavaliers,1610612765,DET,Detroit Pistons,116,109
0042500204,2026-05-11,Regular Season,1610612739,CLE,Cleveland Cavaliers,1610612765,DET,Detroit Pistons,112,103
0042500205,2026-05-13,Regular Season,1610612765,DET,Detroit Pistons,1610612739,CLE,Cleveland Cavaliers,113,117
0042500206,2026-05-15,Regular Season,1610612739,CLE,Cleveland Cavaliers,1610612765,DET,Detroit Pistons,94,115
0042500207,2026-05-17,Regular Season,1610612765,DET,Detroit Pistons,1610612739,CLE,Cleveland Cavaliers,94,125
0042500211,2026-05-04,Regular Season,1610612752,NYK,New York Knicks,1610612755,PHI,Philadelphia 76ers,137,98
0042500212,2026-05-06,Regular Season,1610612752,NYK,New York Knicks,1610612755,PHI,Philadelphia 76ers,108,102
0042500213,2026-05-08,Regular Season,1610612755,PHI,Philadelphia 76ers,1610612752,NYK,New York Knicks,94,108
0042500214,2026-05-10,Regular Season,1610612755,PHI,Philadelphia 76ers,1610612752,NYK,New York Knicks,114,144
0042500221,2026-05-05,Regular Season,1610612760,OKC,Oklahoma City Thunder,1610612747,LAL,Los Angeles Lakers,108,90
0042500222,2026-05-07,Regular Season,1610612760,OKC,Oklahoma City Thunder,1610612747,LAL,Los Angeles Lakers,125,107
0042500223,2026-05-09,Regular Season,1610612747,LAL,Los Angeles Lakers,1610612760,OKC,Oklahoma City Thunder,108,131
0042500224,2026-05-11,Regular Season,1610612747,LAL,Los Angeles Lakers,1610612760,OKC,Oklahoma City Thunder,110,115
0042500231,2026-05-04,Regular Season,1610612759,SAS,San Antonio Spurs,1610612750,MIN,Minnesota Timberwolves,102,104
0042500232,2026-05-06,Regular Season,1610612759,SAS,San Antonio Spurs,1610612750,MIN,Minnesota Timberwolves,133,95
0042500233,2026-05-08,Regular Season,1610612750,MIN,Minnesota Timberwolves,1610612759,SAS,San Antonio Spurs,108,115
0042500234,2026-05-10,Regular Season,1610612750,MIN,Minnesota Timberwolves,1610612759,SAS,San Antonio Spurs,114,109
0042500235,2026-05-12,Regular Season,1610612759,SAS,San Antonio Spurs,1610612750,MIN,Minnesota Timberwolves,126,97
0042500236,2026-05-15,Regular Season,1610612750,MIN,Minnesota Timberwolves,1610612759,SAS,San Antonio Spurs,109,139
0042500301,2026-05-19,Regular Season,1610612752,NYK,New York Knicks,1610612739,CLE,Cleveland Cavaliers,115,104
0042500302,2026-05-21,Regular Season,1610612752,NYK,New York Knicks,1610612739,CLE,Cleveland Cavaliers,109,93
0042500303,2026-05-23,Regular Season,1610612739,CLE,Cleveland Cavaliers,1610612752,NYK,New York Knicks,108,121
0042500304,2026-05-25,Regular Season,1610612739,CLE,Cleveland Cavaliers,1610612752,NYK,New York Knicks,93,130
0042500311,2026-05-18,Regular Season,1610612760,OKC,Oklahoma City Thunder,1610612759,SAS,San Antonio Spurs,115,122
0042500312,2026-05-20,Regular Season,1610612760,OKC,Oklahoma City Thunder,1610612759,SAS,San Antonio Spurs,122,113
0042500313,2026-05-22,Regular Season,1610612759,SAS,San Antonio Spurs,1610612760,OKC,Oklahoma City Thunder,108,123
0042500314,2026-05-24,Regular Season,1610612759,SAS,San Antonio Spurs,1610612760,OKC,Oklahoma City Thunder,103,82
0042500315,2026-05-26,Regular Season,1610612760,OKC,Oklahoma City Thunder,1610612759,SAS,San Antonio Spurs,127,114
0042500316,2026-05-28,Regular Season,1610612759,SAS,San Antonio Spurs,1610612760,OKC,Oklahoma City Thunder,118,91
0042500317,2026-05-30,Regular Season,1610612760,OKC,Oklahoma City Thunder,1610612759,SAS,San Antonio Spurs,103,111
0042500401,2026-06-03,Regular Season,1610612759,SAS,San Antonio Spurs,1610612752,NYK,New York Knicks,95,105
0042500402,2026-06-05,Regular Season,1610612759,SAS,San Antonio Spurs,1610612752,NYK,New York Knicks,104,105
0042500403,2026-06-08,Regular Season,1610612752,NYK,New York Knicks,1610612759,SAS,San Antonio Spurs,111,115
0042500404,2026-06-10,Regular Season,1610612752,NYK,New York Knicks,1610612759,SAS,San Antonio Spurs,107,106
0042500405,2026-06-13,Regular Season,1610612759,SAS,San Antonio Spurs,1610612752,NYK,New York Knicks,90,94
0052500101,2026-04-15,Regular Season,1610612755,PHI,Philadelphia 76ers,1610612753,ORL,Orlando Magic,109,97
0052500111,2026-04-14,Regular Season,1610612766,CHA,Charlotte Hornets,1610612748,MIA,Miami Heat,127,126
0052500121,2026-04-14,Regular Season,1610612756,PHX,Phoenix Suns,1610612757,POR,Portland Trail Blazers,110,114
0052500131,2026-04-15,Regular Season,1610612746,LAC,LA Clippers,1610612744,GSW,Golden State Warriors,121,126
0052500201,2026-04-17,Regular Season,1610612753,ORL,Orlando Magic,1610612766,CHA,Charlotte Hornets,121,90
0052500211,2026-04-17,Regular Season,1610612756,PHX,Phoenix Suns,1610612744,GSW,Golden State Warriors,111,96
0062500001,2025-12-16,Regular Season,1610612752,NYK,New York Knicks,1610612759,SAS,San Antonio Spurs,124,113
