game_id,game_date,offensive_rating_diff,defensive_rating_diff,net_rating_diff,elo_diff,rest_days_diff,home_is_back_to_back,away_is_back_to_back,win_pct_last_5_diff,avg_points_last_5_diff,avg_points_allowed_last_5_diff,recent_point_diff_diff,avg_offensive_rating_last_5_diff,avg_defensive_rating_last_5_diff,avg_net_rating_last_5_diff,target
0012400074,2024-10-18,4.591330621275276,-9.211967573406412,13.80329819468169,58.93067942760422,2,0,1,0.6,-1.7999999999999972,-15.800000000000011,14.000000000000014,4.591330621275276,-9.211967573406412,13.80329819468169,1
0022400061,2024-10-22,9.420023245974704,-0.41550986305642823,9.835533109031111,-0.6599362524400476,3,0,0,0.0,7.599999999999994,-2.0,9.599999999999994,9.420023245974704,-0.41550986305642823,9.835533109031111,1
0022400062,2024-10-22,-14.175701729494904,1.706549266073651,-15.882250995568555,-6.0038129859490255,-1,0,0,0.0,-16.799999999999997,-1.0,-15.799999999999997,-14.175701729494904,1.706549266073651,-15.882250995568555,1
0022400070,2024-10-23,-2.151266970022519,-0.6111417086074908,-1.5401252614150422,4.4534013034717645,0,0,0,0.0,-3.1999999999999886,-1.4000000000000057,-1.799999999999983,-2.151266970022519,-0.6111417086074908,-1.5401252614150422,0
0022400071,2024-10-23,2.2160693839548884,-8.29890823692665,10.514977620881524,5.115777273278127,0,0,0,0.20000000000000007,-5.0,-15.800000000000011,10.800000000000011,2.2160693839548884,-8.29890823692665,10.514977620881524,0
0022400073,2024-10-24,-30.57982496872185,3.637741794922931,-34.217566763644776,-36.34236206033597,4,0,0,-0.4,-23.799999999999997,10.599999999999994,-34.39999999999999,-30.57982496872185,3.637741794922931,-34.217566763644776,0
0022400075,2024-10-24,-9.038767442742412,14.403390741160663,-23.442158183903075,-53.5577026783219,0,0,0,-0.6000000000000001,-4.599999999999994,18.799999999999997,-23.39999999999999,-9.038767442742412,14.403390741160663,-23.442158183903075,0
0022400076,2024-10-24,-10.384187183286642,-0.9532062963063481,-9.430980886980294,-26.674034069377512,5,0,0,-0.2,-15.0,-5.3999999999999915,-9.600000000000009,-10.384187183286642,-0.9532062963063481,-9.430980886980294,0
0022400078,2024-10-25,1.4604446416936838,1.8339696520205138,-0.3735250103267962,7.630867303982313,0,0,0,0.0,5.800000000000011,6.599999999999994,-0.799999999999983,1.4604446416936838,1.8339696520205138,-0.3735250103267962,1
0022400079,2024-10-25,-1.2832249488613883,7.5943412109249095,-8.87756615978628,-19.395707426994704,0,0,0,-0.19999999999999996,-2.200000000000003,7.0,-9.200000000000003,-1.2832249488613883,7.5943412109249095,-8.87756615978628,1
0022400080,2024-10-25,5.369988340511895,6.335838573726448,-0.9658502332145447,-19.24800522600458,0,0,0,-0.2,15.599999999999994,16.799999999999997,-1.2000000000000028,5.369988340511895,6.335838573726448,-0.9658502332145447,1
0022400081,2024-10-25,-3.6710238982088157,-1.3029798815740605,-2.3680440166347583,4.427659832792415,1,0,0,0.0,-8.400000000000006,-6.799999999999997,-1.6000000000000085,-3.6710238982088157,-1.3029798815740605,-2.3680440166347583,1
0022400082,2024-10-25,-0.7294118429327341,-11.820903566174707,11.091491723241958,-18.532328991879695,0,0,0,0.0,2.8000000000000114,-8.799999999999997,11.600000000000009,-0.7294118429327341,-11.820903566174707,11.091491723241958,1
0022400083,2024-10-25,-7.296879084447625,-1.6221508804991487,-5.674728203948487,-5.449210371030176,0,0,0,0.0,-19.0,-13.199999999999989,-5.800000000000011,-7.296879084447625,-1.6221508804991487,-5.674728203948487,0
0022400084,2024-10-25,-9.860902605772736,21.9457935364143,-31.80669614218704,-63.33835394823541,0,0,0,-0.6,-9.799999999999997,23.60000000000001,-33.400000000000006,-9.860902605772736,21.9457935364143,-31.80669614218704,0
0022400085,2024-10-25,-3.663544450303334,5.845542539797648,-9.509086990100997,-30.218127747225253,1,0,0,0.0,-7.200000000000003,1.7999999999999972,-9.0,-3.663544450303334,5.845542539797648,-9.509086990100997,1
0022400087,2024-10-26,-6.365586948009081,15.654772872353718,-22.020359820362806,-42.065358990196955,-1,0,0,-0.6000000000000001,-4.200000000000003,18.400000000000006,-22.60000000000001,-6.365586948009081,15.654772872353718,-22.020359820362806,0
0022400088,2024-10-26,0.9144737749992231,-2.2869255041244543,3.2013992791236574,-13.953072973328517,-2,1,0,-0.4,3.5999999999999943,0.7999999999999972,2.799999999999997,0.9144737749992231,-2.2869255041244543,3.2013992791236574,0
0022400089,2024-10-26,-23.44320116872963,-3.4819814134500007,-19.96121975527964,-55.97365447954712,-1,1,0,-0.4,-21.200000000000003,-1.5999999999999943,-19.60000000000001,-23.44320116872963,-3.4819814134500007,-19.96121975527964,0
0022400090,2024-10-26,-15.12588048900868,-0.7901702607765202,-14.335710228232152,-0.17814415420139085,1,0,1,0.0,-15.200000000000003,-0.19999999999998863,-15.000000000000014,-15.12588048900868,-0.7901702607765202,-14.335710228232152,0
0022400091,2024-10-26,0.8284734837204297,15.279004322452309,-14.450530838731865,-24.681021894142987,-1,1,0,-0.20000000000000007,11.0,25.0,-14.0,0.8284734837204297,15.279004322452309,-14.450530838731865,0
0022400092,2024-10-26,2.540683621479957,12.99562454688322,-10.454940925403239,4.012066542017919,0,1,1,0.0,8.0,18.599999999999994,-10.599999999999994,2.540683621479957,12.99562454688322,-10.454940925403239,1
0022400093,2024-10-26,-0.03201973011591974,-0.8608831698563648,0.8288634397404451,-11.070908000400095,1,0,1,-0.39999999999999997,2.3999999999999915,1.8000000000000114,0.5999999999999801,-0.03201973011591974,-0.8608831698563648,0.8288634397404451,1
0022400094,2024-10-26,-2.994408129094154,13.154218285250764,-16.14862641434494,-33.193051149889925,1,0,1,-0.4,-7.200000000000003,10.0,-17.200000000000003,-2.994408129094154,13.154218285250764,-16.14862641434494,1
0022400095,2024-10-26,1.2369982158841992,8.794766031117945,-7.5577678152337375,30.56228235169192,-1,1,0,0.0,4.0,11.200000000000003,-7.200000000000003,1.2369982158841992,8.794766031117945,-7.5577678152337375,1
0022400096,2024-10-26,5.559446911112289,6.478933231367392,-0.919486320255114,55.485424093240226,-1,1,0,0.6,4.200000000000003,4.599999999999994,-0.3999999999999915,5.559446911112289,6.478933231367392,-0.919486320255114,1
0022400097,2024-10-27,6.831945981608001,8.286697989552394,-1.4547520079443843,21.164727531775043,0,0,0,0.19999999999999996,8.599999999999994,9.599999999999994,-1.0,6.831945981608001,8.286697989552394,-1.4547520079443843,0
0022400098,2024-10-27,2.0529101275268147,-1.1474254269490132,3.200335554475825,-13.785991857443832,0,0,0,-0.2,2.4000000000000057,-0.7999999999999972,3.200000000000003,2.0529101275268147,-1.1474254269490132,3.200335554475825,1
0022400099,2024-10-27,2.3015142960214945,-5.000816091306191,7.302330387327672,-18.250140185483588,0,0,0,0.0,3.200000000000003,-4.200000000000003,7.400000000000006,2.3015142960214945,-5.000816091306191,7.302330387327672,1
0022400100,2024-10-27,5.953273400177906,-16.829891995684207,22.78316539586213,52.280560134143116,-1,1,0,0.6,3.4000000000000057,-20.0,23.400000000000006,5.953273400177906,-16.829891995684207,22.78316539586213,1
0022400101,2024-10-27,13.355566296862705,-10.684152768416993,24.039719065279684,64.78581253908214,1,0,1,0.19999999999999996,15.0,-10.400000000000006,25.400000000000006,13.355566296862705,-10.684152768416993,24.039719065279684,0
0022400102,2024-10-28,3.1531405244517288,-6.842641879383407,9.995782403835145,13.468917326900964,1,0,1,0.19999999999999996,-2.0,-11.600000000000009,9.600000000000009,3.1531405244517288,-6.842641879383407,9.995782403835145,1
0022400103,2024-10-28,3.789057004597524,-2.198985259303555,5.988042263901087,19.2806644145453,-1,1,0,0.0,3.5999999999999943,-2.4000000000000057,6.0,3.789057004597524,-2.198985259303555,5.988042263901087,0
0022400104,2024-10-28,17.936901617480473,1.399849305213266,16.53705231226721,81.72975564482499,1,0,1,0.4,13.600000000000009,-2.799999999999997,16.400000000000006,17.936901617480473,1.399849305213266,16.53705231226721,1
0022400105,2024-10-28,6.961581403278643,0.7639802588060434,6.197601144472614,49.963975284790195,0,0,0,0.6000000000000001,7.200000000000003,0.7999999999999972,6.400000000000006,6.961581403278643,0.7639802588060434,6.197601144472614,1
0022400106,2024-10-28,1.5127695809476336,7.70225098747602,-6.189481406528375,28.488822804768688,1,0,0,0.0,-7.599999999999994,-1.4000000000000057,-6.199999999999989,1.5127695809476336,7.70225098747602,-6.189481406528375,0
0022400107,2024-10-28,3.531332045015887,-0.246416964905265,3.7777490099211493,51.19864301337225,0,0,0,0.39999999999999997,5.200000000000003,1.2000000000000028,4.0,3.531332045015887,-0.246416964905265,3.7777490099211493,0
0022400108,2024-10-28,5.6335592244560075,4.010523494754906,1.6230357297011095,25.493927074541034,0,0,0,0.0,-3.1999999999999886,-5.200000000000003,2.000000000000014,5.6335592244560075,4.010523494754906,1.6230357297011095,0
0022400109,2024-10-28,-1.8192512597189676,13.584325972221407,-15.403577231940371,-16.99206191751,0,0,0,-0.19999999999999996,-3.6000000000000085,12.599999999999994,-16.200000000000003,-1.8192512597189676,13.584325972221407,-15.403577231940371,0
0022400110,2024-10-28,2.6377338314008085,-14.297134904946205,16.934868736347024,-15.229916868552209,-1,0,0,0.2,-0.7999999999999972,-18.60000000000001,17.80000000000001,2.6377338314008085,-14.297134904946205,16.934868736347024,1
0022400111,2024-10-28,0.43587766380233006,-7.911252837863529,8.347130501665854,14.79010184393428,0,0,0,-0.20000000000000007,4.0,-4.0,8.0,0.43587766380233006,-7.911252837863529,8.347130501665854,1
0022400112,2024-10-28,-6.469423218768981,9.945533465473886,-16.414956684242874,-63.638522325614304,1,0,1,-0.6,-7.0,9.799999999999997,-16.799999999999997,-6.469423218768981,9.945533465473886,-16.414956684242874,1
0022400113,2024-10-29,-0.6718482794694154,-2.6311823905372904,1.9593341110678804,12.110846265135706,1,0,1,-0.2,-1.0,-3.0,2.0,-0.6718482794694154,-2.6311823905372904,1.9593341110678804,0
0022400114,2024-10-29,5.108136712837322,9.223917834742622,-4.1157811219052975,18.025393444399242,2,0,1,-0.19999999999999996,8.799999999999997,12.799999999999997,-4.0,5.108136712837322,9.223917834742622,-4.1157811219052975,0
0022400115,2024-10-29,-9.879448332124568,2.8021995575668797,-12.681647889691462,37.16218508093584,0,1,1,0.0,-8.599999999999994,5.0,-13.599999999999994,-9.879448332124568,2.8021995575668797,-12.681647889691462,0
0022400116,2024-10-29,15.883137344274303,-17.152589251573076,33.03572659584738,58.241599994732496,0,0,0,0.4,17.200000000000003,-17.0,34.2,15.883137344274303,-17.152589251573076,33.03572659584738,1
0022400117,2024-10-30,1.6805689943207796,-0.881341098183384,2.561910092504183,2.1462691312553943,2,0,0,-0.2,-1.1999999999999886,-3.5999999999999943,2.4000000000000057,1.6805689943207796,-0.881341098183384,2.561910092504183,1
0022400118,2024-10-30,11.58485096005343,-10.097261250371588,21.68211221042503,10.608075891395174,0,0,0,0.20000000000000007,17.60000000000001,-4.200000000000003,21.80000000000001,11.58485096005343,-10.097261250371588,21.68211221042503,1
0022400119,2024-10-30,-16.116727046601397,0.5576015177137208,-16.67432856431511,-73.7517204324854,0,0,0,-0.4,-10.400000000000006,5.799999999999997,-16.200000000000003,-16.116727046601397,0.5576015177137208,-16.67432856431511,1
0022400120,2024-10-30,0.6190277983751002,-0.5523624228720792,1.1713902212471878,28.26129099983541,1,0,0,0.2,3.200000000000003,2.4000000000000057,0.7999999999999972,0.6190277983751002,-0.5523624228720792,1.1713902212471878,0
0022400121,2024-10-30,-5.25704909453529,4.980436549728637,-10.237485644263966,7.32805083434323,0,0,0,0.0,-3.6000000000000085,7.0,-10.600000000000009,-5.25704909453529,4.980436549728637,-10.237485644263966,1
0022400122,2024-10-30,-4.468628716218333,-6.536127432820649,2.067498716602324,20.70417996585843,0,0,0,0.4,-2.5999999999999943,-4.599999999999994,2.0,-4.468628716218333,-6.536127432820649,2.067498716602324,0
0022400123,2024-10-30,-6.411518979405173,4.276381511655643,-10.687900491060821,-0.6793512833871773,0,0,0,-0.20000000000000007,5.599999999999994,16.599999999999994,-11.0,-6.411518979405173,4.276381511655643,-10.687900491060821,1
0022400124,2024-10-30,1.3655617764186445,1.0117152977830983,0.35384647863555196,49.995200811799805,1,0,1,0.2,1.4000000000000057,1.0,0.4000000000000057,1.3655617764186445,1.0117152977830983,0.35384647863555196,0
0022400125,2024-10-30,0.7193313904722345,-24.091649999557788,24.810981390030037,77.00159528679501,1,0,0,0.8,5.800000000000011,-20.400000000000006,26.200000000000017,0.7193313904722345,-24.091649999557788,24.810981390030037,1
0022400126,2024-10-30,16.91935373546528,-20.277887379519186,37.197241114984465,69.71413103695113,0,1,1,0.4,18.400000000000006,-19.799999999999997,38.2,16.91935373546528,-20.277887379519186,37.197241114984465,1
0022400127,2024-10-30,2.4734582094801,-4.841775951945323,7.315234161425406,34.11730830313809,1,0,0,0.4,0.6000000000000085,-6.799999999999997,7.400000000000006,2.4734582094801,-4.841775951945323,7.315234161425406,0
0022400128,2024-10-31,4.585468399387878,-0.1829732527914274,4.768441652179325,29.35828737596171,-2,1,0,0.2,9.400000000000006,4.599999999999994,4.800000000000011,4.585468399387878,-0.1829732527914274,4.768441652179325,1
0022400129,2024-10-31,1.2604216411754123,1.0460783334205246,0.2143433077548904,-20.19537636421569,-1,0,0,0.20000000000000007,-2.5999999999999943,-2.4000000000000057,-0.19999999999998863,1.2604216411754123,1.0460783334205246,0.2143433077548904,0
0022400130,2024-10-31,-8.966350400666542,1.7969674987941886,-10.763317899460738,-0.22087340267603395,1,0,1,-0.2,-5.0,6.799999999999997,-11.799999999999997,-8.966350400666542,1.7969674987941886,-10.763317899460738,0
0022400131,2024-10-31,-2.3954458708083166,-7.283075437315958,4.88762956650765,-13.570228294667459,-2,1,0,0.0,-5.0,-10.0,5.0,-2.3954458708083166,-7.283075437315958,4.88762956650765,0
0022400132,2024-11-01,-10.461934296328309,2.696074347742851,-13.158008644071145,-56.14964011917891,0,0,0,-0.4,-7.799999999999997,5.199999999999989,-12.999999999999986,-10.461934296328309,2.696074347742851,-13.158008644071145,0
0022400133,2024-11-01,11.288974259769034,-1.5685724733428401,12.85754673311189,10.815284986695815,0,0,0,0.4,13.399999999999991,-0.3999999999999915,13.799999999999983,11.288974259769034,-1.5685724733428401,12.85754673311189,1
0022400134,2024-11-01,-9.046896339693475,-4.167992873526217,-4.878903466167268,-40.934315192992926,0,0,0,-0.2,-7.599999999999994,-2.4000000000000057,-5.199999999999989,-9.046896339693475,-4.167992873526217,-4.878903466167268,0
0022400135,2024-11-01,2.2746659171079955,8.533953722677609,-6.259287805569603,7.834168635461538,-1,0,0,0.0,6.199999999999989,12.599999999999994,-6.400000000000006,2.2746659171079955,8.533953722677609,-6.259287805569603,0
0022400136,2024-11-01,8.190921102902422,5.379366311306214,2.81155479159618,-44.575839280683795,0,0,0,-0.19999999999999996,4.599999999999994,1.3999999999999915,3.200000000000003,8.190921102902422,5.379366311306214,2.81155479159618,1
0022400137,2024-11-01,-3.7524171227619547,2.270887157899125,-6.023304280661051,-14.38460018843989,0,0,0,-0.39999999999999997,0.20000000000000284,6.200000000000003,-6.0,-3.7524171227619547,2.270887157899125,-6.023304280661051,0
0022400138,2024-11-01,-5.761594394009805,-2.0038261286881607,-3.7577682653216504,-0.9889663435187686,0,0,0,0.0,-10.200000000000003,-6.799999999999997,-3.4000000000000057,-5.761594394009805,-2.0038261286881607,-3.7577682653216504,1
0022400139,2024-11-01,-1.3461430811641293,-1.8015219673971643,0.45537888623303213,14.62962878589633,0,0,0,-0.19999999999999996,-4.3999999999999915,-4.6000000000000085,0.20000000000001705,-1.3461430811641293,-1.8015219673971643,0.45537888623303213,1
0022400140,2024-11-01,-2.2595438972025477,16.98170705481641,-19.241250952018973,-51.83622849694643,0,0,0,-0.6,-3.3999999999999915,17.200000000000003,-20.599999999999994,-2.2595438972025477,16.98170705481641,-19.241250952018973,0
0022400141,2024-11-02,-3.1308011950103634,10.15350758830077,-13.284308783311129,-78.66055149540989,0,1,1,-0.4,-7.6000000000000085,5.799999999999997,-13.400000000000006,-3.1308011950103634,10.15350758830077,-13.284308783311129,0
0022400142,2024-11-02,-6.04704335388989,2.8654911534835747,-8.912534507373474,-18.56792405777196,1,0,0,-0.2,-11.0,-2.1999999999999886,-8.800000000000011,-6.04704335388989,2.8654911534835747,-8.912534507373474,0
0022400143,2024-11-02,-3.079939365171043,6.357867934532521,-9.437807299703568,-9.162743020976677,0,1,1,-0.39999999999999997,2.0,11.599999999999994,-9.599999999999994,-3.079939365171043,6.357867934532521,-9.437807299703568,1
0022400144,2024-11-02,-9.280408616644877,6.281021481588326,-15.561430098233199,-44.128162048810054,-1,0,0,-0.20000000000000007,-9.200000000000003,6.599999999999994,-15.799999999999997,-9.280408616644877,6.281021481588326,-15.561430098233199,0
0022400145,2024-11-02,-12.17601736474137,9.810322958061462,-21.986340322802853,-62.48946371941838,1,0,1,-0.8,-11.400000000000006,11.599999999999994,-23.0,-12.17601736474137,9.810322958061462,-21.986340322802853,0
0022400146,2024-11-02,-9.827246902836833,-7.797829689933792,-2.0294172129030215,-12.292040598740414,1,0,1,-0.19999999999999996,-9.400000000000006,-7.400000000000006,-2.0,-9.827246902836833,-7.797829689933792,-2.0294172129030215,1
0022400147,2024-11-02,-0.2300607697036412,2.563291876324257,-2.793352646027893,-27.7752806426181,0,0,0,0.0,10.400000000000006,13.599999999999994,-3.1999999999999886,-0.2300607697036412,2.563291876324257,-2.793352646027893,0
0022400148,2024-11-02,16.194713416887197,3.1993481512022157,12.995365265684965,9.843334575590234,-1,1,0,0.4,16.39999999999999,2.3999999999999915,14.0,16.194713416887197,3.1993481512022157,12.995365265684965,1
0022400149,2024-11-02,7.890093696313201,1.5247487769742207,6.365344919338986,44.14406984152083,1,0,1,0.4,6.799999999999997,0.20000000000000284,6.599999999999994,7.890093696313201,1.5247487769742207,6.365344919338986,1
0022400150,2024-11-02,-3.19355110934697,13.910417082267841,-17.103968191614797,-68.8924374055664,1,0,1,-0.6,-5.6000000000000085,12.400000000000006,-18.000000000000014,-3.19355110934697,13.910417082267841,-17.103968191614797,0
0022400151,2024-11-03,10.631545037024694,-1.2996294607266492,11.931174497751323,11.566185617813517,0,0,0,0.39999999999999997,14.799999999999997,2.799999999999997,12.0,10.631545037024694,-1.2996294607266492,11.931174497751323,0
0022400152,2024-11-03,-3.7907320519991288,-2.192256872508864,-1.5984751794902534,44.989919996723074,0,0,0,0.2,-11.0,-10.200000000000003,-0.7999999999999972,-3.7907320519991288,-2.192256872508864,-1.5984751794902534,0
0022400153,2024-11-03,4.0505828917841455,1.69986828169867,2.3507146100854586,-12.956069368576664,1,0,0,0.19999999999999996,0.0,-3.0,3.0,4.0505828917841455,1.69986828169867,2.3507146100854586,1
0022400154,2024-11-04,15.445561672493483,-7.544566411808361,22.990128084301837,84.64039300910008,0,0,0,1.0,13.799999999999997,-10.199999999999989,23.999999999999986,15.445561672493483,-7.544566411808361,22.990128084301837,1
0022400155,2024-11-04,-9.757363069750156,13.155885991157334,-22.91324906090751,-107.71592040424389,0,0,0,-0.4,-3.200000000000003,20.0,-23.200000000000003,-9.757363069750156,13.155885991157334,-22.91324906090751,0
0022400156,2024-11-04,-6.945310369264277,-5.197430601404861,-1.7478797678594216,-19.64773559796572,-2,1,0,-0.19999999999999996,-15.0,-13.200000000000003,-1.7999999999999972,-6.945310369264277,-5.197430601404861,-1.7478797678594216,1
0022400157,2024-11-04,-5.408367193858425,8.21463345908299,-13.6230006529414,-101.93598576069257,-1,1,0,-0.6000000000000001,-5.6000000000000085,8.600000000000009,-14.200000000000017,-5.408367193858425,8.21463345908299,-13.6230006529414,0
0022400158,2024-11-04,2.324325118870675,6.511827309364165,-4.187502190493481,-45.288591313788174,-1,1,0,0.0,-2.799999999999997,1.5999999999999943,-4.3999999999999915,2.324325118870675,6.511827309364165,-4.187502190493481,1
0022400159,2024-11-04,-3.427712149980877,1.6084052199836378,-5.03611736996451,63.43359494426977,0,0,0,0.0,-12.0,-7.400000000000006,-4.599999999999994,-3.427712149980877,1.6084052199836378,-5.03611736996451,0
0022400160,2024-11-04,15.557585682296647,-3.728305081212639,19.28589076350929,59.69602320879608,1,0,0,0.6,18.599999999999994,-1.4000000000000057,20.0,15.557585682296647,-3.728305081212639,19.28589076350929,0
0022400161,2024-11-04,-9.553227606853895,-7.14232466387169,-2.4109029429822293,-17.086971267461422,-1,0,0,0.0,-2.200000000000003,0.4000000000000057,-2.6000000000000085,-9.553227606853895,-7.14232466387169,-2.4109029429822293,1
0022400162,2024-11-04,1.399495721868334,-5.172740311580753,6.57223603344909,16.611480842983156,0,0,0,0.39999999999999997,-2.200000000000003,-8.799999999999997,6.599999999999994,1.399495721868334,-5.172740311580753,6.57223603344909,1
0022400163,2024-11-04,13.274043044031899,-13.010358401815964,26.284401445847863,89.93785293512406,1,0,1,0.8,13.200000000000003,-14.200000000000003,27.400000000000006,13.274043044031899,-13.010358401815964,26.284401445847863,1
0022400164,2024-11-04,2.8952020556447735,12.298727071130116,-9.403525015485329,-2.3274699133871763,-1,1,0,-0.2,-1.2000000000000028,7.6000000000000085,-8.800000000000011,2.8952020556447735,12.298727071130116,-9.403525015485329,0
0022400165,2024-11-04,-0.014692216929901747,-11.09121743311043,11.076525216180556,5.597456613313852,-2,1,0,0.39999999999999997,-7.599999999999994,-18.80000000000001,11.200000000000017,-0.014692216929901747,-11.09121743311043,11.076525216180556,0
0022400166,2024-11-04,6.625537077950938,-1.9212449050817497,8.546781983032677,2.3517805673818657,0,0,0,0.39999999999999997,1.0,-8.200000000000003,9.200000000000003,6.625537077950938,-1.9212449050817497,8.546781983032677,1
0022400167,2024-11-04,9.996622039212028,-3.3845286585087138,13.38115069772071,73.6031796023301,0,0,0,0.6000000000000001,6.200000000000003,-7.200000000000003,13.400000000000006,9.996622039212028,-3.3845286585087138,13.38115069772071,1
0022400168,2024-11-04,0.9450953019446189,5.154057501341271,-4.208962199396669,-1.1200032755598386,0,0,0,-0.19999999999999996,3.0,7.200000000000003,-4.200000000000003,0.9450953019446189,5.154057501341271,-4.208962199396669,1
0022400169,2024-11-06,0.5199961556506452,10.20227866748533,-9.682282511834677,-27.083145955371037,0,0,0,-0.39999999999999997,5.3999999999999915,14.799999999999997,-9.400000000000006,0.5199961556506452,10.20227866748533,-9.682282511834677,1
0022400170,2024-11-06,19.574706505481913,11.220921844923737,8.353784660558189,14.506858676292495,0,0,0,0.2,23.60000000000001,14.799999999999997,8.800000000000011,19.574706505481913,11.220921844923737,8.353784660558189,1
0022400171,2024-11-06,-7.282940312795745,8.85522048960027,-16.138160802395994,-68.12313576152042,0,0,0,-0.39999999999999997,1.0,17.799999999999997,-16.799999999999997,-7.282940312795745,8.85522048960027,-16.138160802395994,1
0022400172,2024-11-06,-0.5803822212268415,-3.793859810995528,3.2134775897687025,-13.96440433368457,0,0,0,0.0,5.400000000000006,1.5999999999999943,3.8000000000000114,-0.5803822212268415,-3.793859810995528,3.2134775897687025,0
0022400173,2024-11-06,2.81195217463285,-0.07365005122892399,2.885602225861769,42.21232013742542,0,0,0,0.19999999999999996,6.599999999999994,4.200000000000003,2.3999999999999915,2.81195217463285,-0.07365005122892399,2.885602225861769,1
0022400174,2024-11-06,2.266218840837226,-7.787114659412154,10.053333500249355,10.28625523454275,0,0,0,0.0,-0.20000000000000284,-10.599999999999994,10.399999999999991,2.266218840837226,-7.787114659412154,10.053333500249355,1
0022400175,2024-11-06,-9.499866261816777,11.364189945184492,-20.86405620700127,-65.08766451315023,0,0,0,-0.8,-12.599999999999994,8.0,-20.599999999999994,-9.499866261816777,11.364189945184492,-20.86405620700127,0
0022400176,2024-11-06,7.7490172704242894,-2.280712847532868,10.029730117957175,-16.311778377776818,0,0,0,0.19999999999999996,1.2000000000000028,-9.600000000000009,10.800000000000011,7.7490172704242894,-2.280712847532868,10.029730117957175,1
0022400177,2024-11-06,6.879346648599835,18.280125235906226,-11.400778587306373,-103.9981342878259,0,0,0,-0.19999999999999996,12.0,23.200000000000003,-11.200000000000003,6.879346648599835,18.280125235906226,-11.400778587306373,1
0022400178,2024-11-06,2.4407927554366182,1.4339173026824028,1.0068754527541985,35.25783253051304,0,0,0,0.4,2.799999999999997,2.0,0.7999999999999972,2.4407927554366182,1.4339173026824028,1.0068754527541985,1
0022400179,2024-11-06,3.4272561533885835,-2.7372565317778026,6.1645126851663745,30.80078295541489,0,0,0,0.2,-0.3999999999999915,-6.400000000000006,6.000000000000014,3.4272561533885835,-2.7372565317778026,6.1645126851663745,1
0022400180,2024-11-06,-0.08483000437438193,-9.614081723337222,9.52925171896283,15.797443544011912,0,0,0,0.6000000000000001,-9.399999999999991,-19.0,9.600000000000009,-0.08483000437438193,-9.614081723337222,9.52925171896283,1
0022400181,2024-11-07,-6.406062243656564,3.410149461185725,-9.816211704842303,-6.518624957450584,-2,1,0,-0.19999999999999996,0.5999999999999943,10.600000000000009,-10.000000000000014,-6.406062243656564,3.410149461185725,-9.816211704842303,0
0022400182,2024-11-07,3.6372144107030238,1.6547657442193042,1.9824486664837107,-20.908287993649992,0,0,0,-0.2,2.4000000000000057,0.4000000000000057,2.0,3.6372144107030238,1.6547657442193042,1.9824486664837107,1
0022400183,2024-11-07,-0.24942037115994253,-0.2567377110743507,0.007317339914418852,-24.089281025629134,-2,1,0,0.0,-3.3999999999999915,-4.0,0.6000000000000085,-0.24942037115994253,-0.2567377110743507,0.007317339914418852,1
0022400184,2024-11-08,-11.287312628797935,-2.054005804322088,-9.233306824475845,-34.134111442532,0,0,0,-0.19999999999999996,-13.799999999999997,-4.599999999999994,-9.200000000000003,-11.287312628797935,-2.054005804322088,-9.233306824475845,1
0022400185,2024-11-08,-2.5548169841754316,-9.381695323128454,6.826878338953006,15.29511134032282,0,0,0,0.19999999999999996,-8.799999999999997,-16.0,7.200000000000003,-2.5548169841754316,-9.381695323128454,6.826878338953006,1
0022400186,2024-11-08,-16.491196842604822,-15.349524799121198,-1.1416720434836236,15.850295452391265,0,0,0,-0.2,-11.400000000000006,-9.400000000000006,-2.0,-16.491196842604822,-15.349524799121198,-1.1416720434836236,1
0022400187,2024-11-08,-0.7826247879465882,-8.92927149396023,8.146646706013637,91.01944958729769,-2,0,0,0.0,5.599999999999994,-2.8000000000000114,8.400000000000006,-0.7826247879465882,-8.92927149396023,8.146646706013637,1
0022400188,2024-11-08,1.4361886991714954,4.160781942886345,-2.724593243714862,-57.825258491256136,0,0,0,0.0,3.4000000000000057,5.599999999999994,-2.1999999999999886,1.4361886991714954,4.160781942886345,-2.724593243714862,1
0022400189,2024-11-08,3.7072657428021643,-1.6532729323116229,5.360538675113755,66.79768538647886,1,0,1,0.2,0.7999999999999972,-5.200000000000003,6.0,3.7072657428021643,-1.6532729323116229,5.360538675113755,1
0022400190,2024-11-08,-1.4026993362754183,-3.987982834536794,2.585283498261367,-69.52232245736741,0,0,0,-0.4,1.2000000000000028,-1.7999999999999972,3.0,-1.4026993362754183,-3.987982834536794,2.585283498261367,0
0022400191,2024-11-08,5.112536490900894,-9.940965077113319,15.053501568014227,45.20152595693867,-2,0,0,0.19999999999999996,1.4000000000000057,-14.400000000000006,15.800000000000011,5.112536490900894,-9.940965077113319,15.053501568014227,1
0022400192,2024-11-08,-2.9049508519586738,-6.223754519286828,3.318803667328167,43.35803722821015,0,0,0,0.0,0.0,-3.6000000000000085,3.6000000000000085,-2.9049508519586738,-6.223754519286828,3.318803667328167,1
0022400193,2024-11-08,9.99626620256015,1.026457137037454,8.969809065522675,13.737522177866822,0,1,1,0.19999999999999996,9.0,-0.3999999999999915,9.399999999999991,9.99626620256015,1.026457137037454,8.969809065522675,1
0022400194,2024-11-08,8.583034145805584,5.3989328321578824,3.184101313647701,-17.428455885738913,0,0,0,0.4,16.200000000000003,12.800000000000011,3.3999999999999915,8.583034145805584,5.3989328321578824,3.184101313647701,1
0022400195,2024-11-08,0.43078925113059086,2.449224718095195,-2.0184354669646325,29.3039246686742,0,0,0,0.0,5.799999999999997,8.599999999999994,-2.799999999999997,0.43078925113059086,2.449224718095195,-2.0184354669646325,1
0022400196,2024-11-08,3.5903925290691205,-3.3954522649507055,6.9858447940198225,-15.974073326562575,0,0,0,0.4,11.600000000000009,4.200000000000003,7.400000000000006,3.5903925290691205,-3.3954522649507055,6.9858447940198225,0
0022400197,2024-11-09,9.329853035726316,-6.669198249911858,15.999051285638188,28.243257476505732,0,0,0,0.39999999999999997,3.799999999999997,-12.200000000000003,16.0,9.329853035726316,-6.669198249911858,15.999051285638188,0
0022400198,2024-11-09,1.4336064874624554,-5.022907919027588,6.45651440649004,-13.935595509791938,-1,1,0,0.2,3.6000000000000085,-2.5999999999999943,6.200000000000003,1.4336064874624554,-5.022907919027588,6.45651440649004,0
0022400199,2024-11-09,11.98479095517753,4.801110502835357,7.183680452342157,85.8007441912041,0,1,1,0.4,15.200000000000003,7.799999999999997,7.400000000000006,11.98479095517753,4.801110502835357,7.183680452342157,1
0022400200,2024-11-09,-1.3280248384167237,-9.034041383813758,7.706016545397031,57.71439300241468,-2,1,0,0.39999999999999997,-14.799999999999997,-22.0,7.200000000000003,-1.3280248384167237,-9.034041383813758,7.706016545397031,1
0022400201,2024-11-10,-4.0868142386811,0.914659800528284,-5.001474039209404,-35.20147155075438,0,0,0,0.0,-4.800000000000011,0.0,-4.800000000000011,-4.0868142386811,0.914659800528284,-5.001474039209404,0
0022400202,2024-11-10,-3.0449065203505654,11.979720062791202,-15.024626583141758,-127.69048474029705,0,0,0,-0.6000000000000001,-7.400000000000006,8.199999999999989,-15.599999999999994,-3.0449065203505654,11.979720062791202,-15.024626583141758,0
0022400203,2024-11-10,-5.14534509450138,6.147350316836068,-11.292695411337458,-25.407299784858424,0,0,0,0.0,3.0,13.799999999999997,-10.799999999999997,-5.14534509450138,6.147350316836068,-11.292695411337458,1
0022400204,2024-11-10,-6.398188247792021,-8.861688286485304,2.4635000386933026,23.465205502787512,0,0,0,-0.2,-12.399999999999991,-14.799999999999997,2.4000000000000057,-6.398188247792021,-8.861688286485304,2.4635000386933026,1
0022400205,2024-11-10,3.5237147780886175,9.15191771651483,-5.628202938426225,-27.455855255826464,0,0,0,-0.4,1.2000000000000028,6.3999999999999915,-5.199999999999989,3.5237147780886175,9.15191771651483,-5.628202938426225,1
0022400206,2024-11-10,4.08255392241594,-7.891290608643885,11.97384453105983,13.010320564252652,0,0,0,0.6000000000000001,5.799999999999997,-6.400000000000006,12.200000000000003,4.08255392241594,-7.891290608643885,11.97384453105983,0
0022400207,2024-11-10,-2.7006468845255114,-11.51187632799251,8.81122944346699,-17.499753915743895,0,0,0,0.0,0.20000000000000284,-9.400000000000006,9.600000000000009,-2.7006468845255114,-11.51187632799251,8.81122944346699,0
0022400208,2024-11-10,6.282907591923205,4.065540575874138,2.2173670160490593,22.79335546166726,0,0,0,0.4,11.200000000000003,9.0,2.200000000000003,6.282907591923205,4.065540575874138,2.2173670160490593,1
0022400209,2024-11-10,4.303269052704053,3.065931979761899,1.2373370729421427,92.6755053153081,0,0,0,0.4,-1.4000000000000057,-2.5999999999999943,1.1999999999999886,4.303269052704053,3.065931979761899,1.2373370729421427,0
0022400210,2024-11-10,-9.95703459219429,13.945275010587693,-23.90230960278196,-32.346776495169934,0,0,0,-0.6000000000000001,-14.599999999999994,11.0,-25.599999999999994,-9.95703459219429,13.945275010587693,-23.90230960278196,0
0022400211,2024-11-10,1.5259191839722774,4.033288420769324,-2.507369236797052,43.22782803830273,1,0,1,0.2,-2.200000000000003,0.7999999999999972,-3.0,1.5259191839722774,4.033288420769324,-2.507369236797052,1
0022400212,2024-11-11,-8.62066719347608,6.497977152422081,-15.118644345898161,-75.64224642749355,0,0,0,-0.8,-4.200000000000003,11.200000000000003,-15.400000000000006,-8.62066719347608,6.497977152422081,-15.118644345898161,0
0022400213,2024-11-11,6.784927608696535,-10.835638637965573,17.620566246662083,82.34346495449563,0,1,1,0.39999999999999997,4.799999999999997,-12.600000000000009,17.400000000000006,6.784927608696535,-10.835638637965573,17.620566246662083,1
0022400214,2024-11-11,2.671090740132314,12.51113478483876,-9.840044044706426,-11.756066161656236,1,0,0,-0.2,4.799999999999997,14.599999999999994,-9.799999999999997,2.671090740132314,12.51113478483876,-9.840044044706426,0
0022400215,2024-11-11,-2.011437815950927,-4.551160551073508,2.5397227351225835,47.59205661578676,-1,1,0,-0.20000000000000007,8.799999999999997,5.6000000000000085,3.1999999999999886,-2.011437815950927,-4.551160551073508,2.5397227351225835,1
0022400216,2024-11-11,-0.46294378268422065,4.544433077929767,-5.007376860613979,-18.23729877247206,1,0,1,-0.19999999999999996,-8.200000000000003,-2.799999999999997,-5.400000000000006,-0.46294378268422065,4.544433077929767,-5.007376860613979,1
0022400001,2024-11-12,0.45816342057688075,-11.957464051564955,12.415627472141844,133.73945959043658,-1,0,0,0.4,-1.0,-14.400000000000006,13.400000000000006,0.45816342057688075,-11.957464051564955,12.415627472141844,0
0022400002,2024-11-12,-2.066198247265902,-6.294516661030386,4.228318413764501,-35.632249515972944,0,0,0,0.19999999999999996,-1.6000000000000085,-5.599999999999994,3.999999999999986,-2.066198247265902,-6.294516661030386,4.228318413764501,1
0022400003,2024-11-12,3.1054512453559653,-1.1900687592296748,4.295520004585658,19.177951693836576,0,0,0,0.0,1.1999999999999886,-2.799999999999997,3.999999999999986,3.1054512453559653,-1.1900687592296748,4.295520004585658,1
0022400004,2024-11-12,-11.078158870467703,1.7397977080849216,-12.817956578552653,-54.91675869701703,0,0,0,-0.2,-8.799999999999997,3.799999999999997,-12.599999999999994,-11.078158870467703,1.7397977080849216,-12.817956578552653,0
0022400005,2024-11-12,5.452458829219921,-0.3065148003828426,5.758973629602778,-9.194291258840394,0,0,0,0.0,-2.3999999999999915,-8.0,5.6000000000000085,5.452458829219921,-0.3065148003828426,5.758973629602778,1
0022400006,2024-11-12,-8.435915631071765,3.6804569540886973,-12.116372585160452,-82.01306526339499,1,0,0,-0.4,-6.199999999999989,5.799999999999997,-11.999999999999986,-8.435915631071765,3.6804569540886973,-12.116372585160452,0
0022400007,2024-11-12,2.717252728853026,5.309381631676672,-2.592128902823637,141.42379974573214,0,0,0,0.4,5.3999999999999915,8.600000000000009,-3.200000000000017,2.717252728853026,5.309381631676672,-2.592128902823637,1
0022400008,2024-11-12,-13.975434558628052,8.240232787849934,-22.215667346478,-26.19486925617548,0,0,0,-0.39999999999999997,-12.399999999999991,12.0,-24.39999999999999,-13.975434558628052,8.240232787849934,-22.215667346478,1
0022400217,2024-11-13,-8.406007243247288,-20.40694170008571,12.000934456838428,-7.83192501397798,-2,1,0,0.0,-7.599999999999994,-19.200000000000003,11.600000000000009,-8.406007243247288,-20.40694170008571,12.000934456838428,1
0022400218,2024-11-13,-4.716417631464012,5.448336259327036,-10.164753890791042,-86.97198888845264,1,0,1,-0.19999999999999996,-12.600000000000009,-2.200000000000003,-10.400000000000006,-4.716417631464012,5.448336259327036,-10.164753890791042,0
0022400219,2024-11-13,2.828037826485911,-6.216332399095265,9.044370225581176,50.02968127200734,-1,1,0,0.2,-4.200000000000003,-13.200000000000003,9.0,2.828037826485911,-6.216332399095265,9.044370225581176,0
0022400220,2024-11-13,-12.820343037164236,2.284947296834005,-15.105290333998237,-124.50990789836624,-1,1,0,-0.8,-16.200000000000003,-1.2000000000000028,-15.0,-12.820343037164236,2.284947296834005,-15.105290333998237,0
0022400221,2024-11-13,7.420385764623731,-12.533098886164623,19.953484650788347,131.55400939688639,0,0,0,0.6,14.799999999999997,-5.0,19.799999999999997,7.420385764623731,-12.533098886164623,19.953484650788347,1
0022400222,2024-11-13,-8.53405305362017,-10.360671875440133,1.8266188218199453,27.398639943091894,0,0,0,0.0,-2.3999999999999915,-4.6000000000000085,2.200000000000017,-8.53405305362017,-10.360671875440133,1.8266188218199453,1
0022400223,2024-11-13,1.0324197253435017,2.195623596148721,-1.163203870805225,-42.559822131549026,0,1,1,-0.19999999999999996,-5.799999999999997,-4.799999999999997,-1.0,1.0324197253435017,2.195623596148721,-1.163203870805225,1
0022400224,2024-11-13,15.10861276548927,-3.796714625727759,18.905327391217014,29.330475785220415,0,0,0,0.4,9.599999999999994,-9.399999999999991,18.999999999999986,15.10861276548927,-3.796714625727759,18.905327391217014,1
0022400225,2024-11-13,-1.0091957174283834,15.856168429905054,-16.86536414733343,-29.576425088425594,0,0,0,-0.20000000000000007,-6.799999999999997,12.0,-18.799999999999997,-1.0091957174283834,15.856168429905054,-16.86536414733343,1
0022400226,2024-11-13,-8.051818926785018,9.542782673310214,-17.594601600095245,-10.380660374065428,0,1,1,-0.19999999999999996,-8.399999999999991,11.200000000000003,-19.599999999999994,-8.051818926785018,9.542782673310214,-17.594601600095245,1
0022400227,2024-11-13,-8.227397238281739,-5.680865999784999,-2.546531238496712,-80.80326057118145,1,0,1,-0.20000000000000007,-6.200000000000003,-4.400000000000006,-1.7999999999999972,-8.227397238281739,-5.680865999784999,-2.546531238496712,1
0022400228,2024-11-14,-6.596390485236867,3.9570156615231156,-10.553406146759988,-5.702528025117317,0,0,0,0.2,-7.0,3.799999999999997,-10.799999999999997,-6.596390485236867,3.9570156615231156,-10.553406146759988,1
0022400009,2024-11-15,1.7249766296786504,-1.7962270155223337,3.521203645200964,-7.153283259953241,-1,0,0,0.39999999999999997,-0.5999999999999943,-4.3999999999999915,3.799999999999997,1.7249766296786504,-1.7962270155223337,3.521203645200964,0
0022400010,2024-11-15,6.426893070910083,-17.277240097300094,23.704133168210173,65.44221100943514,0,0,0,0.6000000000000001,7.799999999999997,-15.400000000000006,23.200000000000003,6.426893070910083,-17.277240097300094,23.704133168210173,1
0022400011,2024-11-15,-5.350773089903484,4.166678778371008,-9.5174518682745,-39.8925523437988,1,0,0,-0.4,-10.799999999999997,-1.5999999999999943,-9.200000000000003,-5.350773089903484,4.166678778371008,-9.5174518682745,0
0022400012,2024-11-15,5.849338246245182,-4.479631629745384,10.328969875990566,21.473262367427424,1,0,0,0.4,6.599999999999994,-3.5999999999999943,10.199999999999989,5.849338246245182,-4.479631629745384,10.328969875990566,1
0022400013,2024-11-15,9.289740031841305,-5.7729268531798255,15.062666885021125,92.26940183556303,0,0,0,0.6,5.0,-10.200000000000003,15.200000000000003,9.289740031841305,-5.7729268531798255,15.062666885021125,1
0022400014,2024-11-15,6.74907913641195,-3.158799561923445,9.907878698335413,43.52752571719111,0,0,0,0.0,11.200000000000003,1.7999999999999972,9.400000000000006,6.74907913641195,-3.158799561923445,9.907878698335413,1
0022400015,2024-11-15,0.2917113339162114,-1.142193952174594,1.4339052860908252,-23.648498411488617,0,0,0,0.0,-0.20000000000000284,-1.7999999999999972,1.5999999999999943,0.2917113339162114,-1.142193952174594,1.4339052860908252,0
0022400016,2024-11-15,-4.668026420619682,-9.110219471067268,4.442193050447566,40.376904802835725,0,0,0,0.20000000000000007,0.0,-4.799999999999997,4.799999999999997,-4.668026420619682,-9.110219471067268,4.442193050447566,1
0022400017,2024-11-15,-18.873805775547225,4.9500448126321,-23.823850588179308,-66.48008121196995,-3,0,0,-1.0,-25.60000000000001,-1.7999999999999972,-23.80000000000001,-18.873805775547225,4.9500448126321,-23.823850588179308,1
0022400018,2024-11-15,1.6435453585730357,-8.141408636113212,9.784953994686239,25.51801078809126,0,0,0,0.0,6.599999999999994,-3.4000000000000057,10.0,1.6435453585730357,-8.141408636113212,9.784953994686239,1
0022400019,2024-11-15,2.688959197790979,13.981968723002481,-11.293009525211488,92.05420771692934,1,0,0,0.20000000000000007,-2.5999999999999943,10.399999999999991,-12.999999999999986,2.688959197790979,13.981968723002481,-11.293009525211488,1
0022400020,2024-11-15,4.068044928377844,3.7687061734312266,0.299338754946632,6.023156630521271,0,0,0,0.19999999999999996,1.5999999999999943,1.6000000000000085,-1.4210854715202004e-14,4.068044928377844,3.7687061734312266,0.299338754946632,0
0022400229,2024-11-16,-12.984351859928452,-5.099913842944289,-7.884438016984202,13.341923688335783,1,0,0,-0.19999999999999996,-10.400000000000006,-1.7999999999999972,-8.600000000000009,-12.984351859928452,-5.099913842944289,-7.884438016984202,1
0022400230,2024-11-16,17.17018342534638,0.34265057647276365,16.827532848873624,150.5697736674549,2,0,1,0.6,19.0,2.4000000000000057,16.599999999999994,17.17018342534638,0.34265057647276365,16.827532848873624,1
0022400231,2024-11-16,-15.78015597395354,-0.9515541594779648,-14.828601814475567,-73.38247311071655,0,1,1,-0.6000000000000001,-19.400000000000006,-5.0,-14.400000000000006,-15.78015597395354,-0.9515541594779648,-14.828601814475567,0
0022400232,2024-11-16,-3.5757233984255237,1.737945531027549,-5.313668929453058,-15.311078171286908,1,0,1,-0.39999999999999997,-3.1999999999999886,1.5999999999999943,-4.799999999999983,-3.5757233984255237,1.737945531027549,-5.313668929453058,1
0022400233,2024-11-16,-3.7935076924553357,-7.4035877504282865,3.610080057972931,11.381421478295579,-1,1,0,-0.19999999999999996,0.20000000000000284,-3.4000000000000057,3.6000000000000085,-3.7935076924553357,-7.4035877504282865,3.610080057972931,1
0022400234,2024-11-17,-2.7528250509306105,-11.094667474016376,8.341842423085733,-48.43339967520615,0,0,0,0.0,3.6000000000000085,-5.3999999999999915,9.0,-2.7528250509306105,-11.094667474016376,8.341842423085733,1
0022400235,2024-11-17,-4.112468137384326,-1.0612860543839844,-3.0511820830003558,-32.374273365154295,0,0,0,0.0,-8.0,-5.0,-3.0,-4.112468137384326,-1.0612860543839844,-3.0511820830003558,1
0022400236,2024-11-17,18.217164376979994,6.944940196137551,11.27222418084243,115.76197974177967,1,0,1,0.4,19.599999999999994,7.400000000000006,12.199999999999989,18.217164376979994,6.944940196137551,11.27222418084243,1
0022400237,2024-11-17,-5.2195820821596755,11.247419663259123,-16.4670017454188,-53.2399948752477,0,0,0,-0.6,-5.199999999999989,11.799999999999997,-16.999999999999986,-5.2195820821596755,11.247419663259123,-16.4670017454188,0
0022400238,2024-11-17,-2.407048096281983,-14.097483226634097,11.69043513035209,21.417620395608992,0,0,0,-0.20000000000000007,7.599999999999994,-5.200000000000003,12.799999999999997,-2.407048096281983,-14.097483226634097,11.69043513035209,1
0022400239,2024-11-17,-11.701097535394211,-0.010038409436688767,-11.691059125957505,18.513849992014684,2,0,0,-0.19999999999999996,-15.400000000000006,-2.200000000000003,-13.200000000000003,-11.701097535394211,-0.010038409436688767,-11.691059125957505,1
0022400240,2024-11-17,6.4337164654026395,-5.716287012155192,12.15000347755782,55.705400157091844,0,0,0,0.39999999999999997,9.599999999999994,-2.0,11.599999999999994,6.4337164654026395,-5.716287012155192,12.15000347755782,1
0022400241,2024-11-17,7.131744918392883,17.684066259405313,-10.552321341012433,-69.01535024193004,0,0,0,-0.4,11.200000000000003,22.0,-10.799999999999997,7.131744918392883,17.684066259405313,-10.552321341012433,0
0022400242,2024-11-17,0.620833386927913,-7.503384989977604,8.124218376905494,119.6927033692416,1,0,1,0.6000000000000001,1.6000000000000085,-6.200000000000003,7.800000000000011,0.620833386927913,-7.503384989977604,8.124218376905494,0
0022400243,2024-11-17,-4.3054920607277865,-6.473373838021132,2.1678817772933625,42.26525831376625,1,0,1,0.0,-1.5999999999999943,-3.200000000000003,1.6000000000000085,-4.3054920607277865,-6.473373838021132,2.1678817772933625,1
0022400244,2024-11-18,-1.2634837317481242,-12.812525022938871,11.549041291190747,26.03228645677791,0,1,1,0.19999999999999996,-6.0,-18.80000000000001,12.800000000000011,-1.2634837317481242,-12.812525022938871,11.549041291190747,0
0022400245,2024-11-18,9.741344807082868,3.466989897395436,6.274354909687415,75.71289493044446,-2,1,0,0.2,13.600000000000009,7.6000000000000085,6.0,9.741344807082868,3.466989897395436,6.274354909687415,1
0022400246,2024-11-18,16.26435577183119,-2.5626759208725787,18.827031692703795,99.52010937801833,0,1,1,0.6,11.199999999999989,-7.799999999999997,18.999999999999986,16.26435577183119,-2.5626759208725787,18.827031692703795,1
0022400247,2024-11-18,-7.315980494657069,-1.99589607319011,-5.320084421466957,-71.40040660145064,1,0,1,-0.4,-5.200000000000003,0.0,-5.200000000000003,-7.315980494657069,-1.99589607319011,-5.320084421466957,1
0022400248,2024-11-18,-4.901285131954168,12.444842037751457,-17.346127169705614,-120.49804352837873,1,0,1,-0.6,-9.200000000000003,8.799999999999997,-18.0,-4.901285131954168,12.444842037751457,-17.346127169705614,1
0022400249,2024-11-18,-2.763683794034449,24.94292047894433,-27.70660427297878,26.978561639015652,-2,1,0,-0.8,0.0,27.599999999999994,-27.599999999999994,-2.763683794034449,24.94292047894433,-27.70660427297878,0
0022400250,2024-11-18,5.38576919766524,2.246511290872803,3.139257906792454,20.61984195990499,1,0,1,0.19999999999999996,1.4000000000000057,-1.7999999999999972,3.200000000000003,5.38576919766524,2.246511290872803,3.139257906792454,0
0022400251,2024-11-18,-4.969340148621285,0.5247069349693447,-5.494047083590663,-111.24229497494002,-2,1,0,-0.4,-9.799999999999997,-4.200000000000003,-5.599999999999994,-4.969340148621285,0.5247069349693447,-5.494047083590663,1
0022400021,2024-11-19,-2.8307816641034833,-0.29044624602784097,-2.5403354180756654,-11.810050386396824,1,0,0,-0.19999999999999996,-1.5999999999999943,1.2000000000000028,-2.799999999999997,-2.8307816641034833,-0.29044624602784097,-2.5403354180756654,1
0022400022,2024-11-19,11.651784116050138,16.54383519697599,-4.892051080925848,-10.514926696290331,0,0,0,-0.2,4.200000000000003,8.200000000000003,-4.0,11.651784116050138,16.54383519697599,-4.892051080925848,1
0022400023,2024-11-19,0.17199105981481466,-14.900754164429102,15.07274522424393,34.69954723580122,0,0,0,0.0,8.599999999999994,-7.200000000000003,15.799999999999997,0.17199105981481466,-14.900754164429102,15.07274522424393,0
0022400024,2024-11-19,14.292395499580408,2.839953990832356,11.452441508748057,44.06791449608704,-1,0,0,0.2,20.0,8.599999999999994,11.400000000000006,14.292395499580408,2.839953990832356,11.452441508748057,1
0022400025,2024-11-19,-3.179487425625254,1.3672342145457321,-4.546721640170992,-104.00433048155696,1,0,0,-0.19999999999999996,-0.20000000000000284,4.0,-4.200000000000003,-3.179487425625254,1.3672342145457321,-4.546721640170992,1
0022400026,2024-11-19,5.6298295913132534,-7.971336905347798,13.601166496661056,78.07061185957605,1,0,0,0.6,6.200000000000003,-6.799999999999997,13.0,5.6298295913132534,-7.971336905347798,13.601166496661056,1
0022400252,2024-11-20,20.80648229224434,0.7410138082455688,20.06546848399877,154.17049463830222,0,1,1,0.6000000000000001,27.60000000000001,7.200000000000003,20.400000000000006,20.80648229224434,0.7410138082455688,20.06546848399877,1
0022400253,2024-11-20,-3.4217109479054244,-14.488312178118946,11.066601230213493,-32.59083022113509,0,0,0,0.19999999999999996,-8.800000000000011,-21.599999999999994,12.799999999999983,-3.4217109479054244,-14.488312178118946,11.066601230213493,1
0022400254,2024-11-20,-1.858393329012415,-17.773237432902178,15.914844103889756,70.43074782828853,0,0,0,0.4,3.0,-14.399999999999991,17.39999999999999,-1.858393329012415,-17.773237432902178,15.914844103889756,1
0022400255,2024-11-20,9.539928464951956,-7.796660778083435,17.336589243035377,81.3779861436933,-1,1,0,0.2,20.599999999999994,3.6000000000000085,16.999999999999986,9.539928464951956,-7.796660778083435,17.336589243035377,1
0022400256,2024-11-20,12.202045120234501,-1.869010873007781,14.07105599324229,62.986062584074034,-2,1,0,0.0,5.800000000000011,-9.400000000000006,15.200000000000017,12.202045120234501,-1.869010873007781,14.07105599324229,1
0022400257,2024-11-20,-12.086709483335994,7.431803694276255,-19.51851317761225,-4.936350827875003,0,0,0,-0.6000000000000001,-16.60000000000001,2.4000000000000057,-19.000000000000014,-12.086709483335994,7.431803694276255,-19.51851317761225,0
0022400258,2024-11-20,1.0904029137624889,0.9453859328443741,0.14501698091811188,131.4042645630484,0,0,0,0.0,1.6000000000000085,1.7999999999999972,-0.19999999999998863,1.0904029137624889,0.9453859328443741,0.14501698091811188,1
0022400259,2024-11-20,-2.462044405710458,17.3643243212763,-19.826368726986747,-5.898499664734345,0,0,0,-0.6,3.3999999999999915,23.200000000000003,-19.80000000000001,-2.462044405710458,17.3643243212763,-19.826368726986747,1
0022400260,2024-11-21,-5.699986664774954,4.076040879554469,-9.776027544329434,-27.181854084151382,-1,0,0,-0.39999999999999997,-8.0,2.0,-10.0,-5.699986664774954,4.076040879554469,-9.776027544329434,1
0022400261,2024-11-21,-3.0588804223478263,0.07922948626361404,-3.138109908611426,-74.90448563125165,-1,0,0,-0.2,-2.799999999999997,0.0,-2.799999999999997,-3.0588804223478263,0.07922948626361404,-3.138109908611426,1
0022400262,2024-11-21,-3.8920528897335203,-12.01177493289427,8.119722043160769,27.118267533780227,0,0,0,0.39999999999999997,1.1999999999999886,-6.799999999999997,7.999999999999986,-3.8920528897335203,-12.01177493289427,8.119722043160769,1
0022400263,2024-11-21,15.591103508581,15.266250375206297,0.32485313337470245,19.98063206555321,1,0,1,0.19999999999999996,18.200000000000003,18.0,0.20000000000000284,15.591103508581,15.266250375206297,0.32485313337470245,0
0022400027,2024-11-22,-16.05742502530569,-11.88340410750088,-4.174020917804827,-40.90124461938444,-1,0,0,-0.4,-14.399999999999991,-10.200000000000003,-4.199999999999989,-16.05742502530569,-11.88340410750088,-4.174020917804827,1
0022400028,2024-11-22,-19.307884638230874,4.22961902238886,-23.53750366061973,-167.982539756415,1,0,0,-0.8,-13.0,11.0,-24.0,-19.307884638230874,4.22961902238886,-23.53750366061973,0
0022400029,2024-11-22,4.393427034880077,-9.449934466950097,13.843361501830168,-15.351350634253777,0,0,0,0.6000000000000001,2.1999999999999886,-12.399999999999991,14.59999999999998,4.393427034880077,-9.449934466950097,13.843361501830168,1
0022400030,2024-11-22,4.647669038940194,12.668370227721184,-8.020701188780965,6.738713763215401,0,0,0,-0.19999999999999996,4.599999999999994,13.800000000000011,-9.200000000000017,4.647669038940194,12.668370227721184,-8.020701188780965,1
0022400031,2024-11-22,10.276593578026038,-8.953199597381868,19.22979317540788,69.84769119288603,0,0,0,0.20000000000000007,15.799999999999997,-6.200000000000003,22.0,10.276593578026038,-8.953199597381868,19.22979317540788,1
0022400032,2024-11-22,-10.63852478816726,13.678140387892896,-24.31666517606015,-186.2766113366688,0,0,0,-0.6000000000000001,-22.0,2.799999999999997,-24.799999999999997,-10.63852478816726,13.678140387892896,-24.31666517606015,0
0022400033,2024-11-22,-5.641021956051688,4.584558634316323,-10.225580590368,16.07737495525248,0,0,0,0.0,-6.0,4.0,-10.0,-5.641021956051688,4.584558634316323,-10.225580590368,0
0022400034,2024-11-22,-9.208591774357672,-8.384640220174504,-0.823951554183148,54.22224236470129,-2,0,0,0.19999999999999996,-9.799999999999997,-8.600000000000009,-1.1999999999999886,-9.208591774357672,-8.384640220174504,-0.823951554183148,1
0022400264,2024-11-23,-13.174276864799666,3.526290418790836,-16.700567283590505,-100.08805685708967,-1,0,0,-0.6000000000000001,-12.0,4.400000000000006,-16.400000000000006,-13.174276864799666,3.526290418790836,-16.700567283590505,1
0022400265,2024-11-23,-3.134980564668055,-5.639380857801498,2.504400293133446,50.882328486673714,0,0,0,0.4,-12.600000000000009,-14.799999999999997,2.1999999999999886,-3.134980564668055,-5.639380857801498,2.504400293133446,1
0022400266,2024-11-23,5.447893436483781,13.836062152301594,-8.388168715817788,-28.296611378922535,-2,1,0,0.0,4.800000000000011,13.799999999999997,-8.999999999999986,5.447893436483781,13.836062152301594,-8.388168715817788,0
0022400267,2024-11-23,8.410451739044802,-11.85415597093116,20.26460770997597,80.78145284815446,0,1,1,0.20000000000000007,17.0,-5.6000000000000085,22.60000000000001,8.410451739044802,-11.85415597093116,20.26460770997597,0
0022400268,2024-11-23,6.77071021885574,-7.375036023529219,14.145746242384968,3.271633128650592,-1,1,0,0.4,7.3999999999999915,-7.0,14.399999999999991,6.77071021885574,-7.375036023529219,14.145746242384968,1
0022400269,2024-11-23,4.927986940631328,10.757555997187822,-5.829569056556488,-138.83290742808117,1,0,1,-0.20000000000000007,1.7999999999999972,8.0,-6.200000000000003,4.927986940631328,10.757555997187822,-5.829569056556488,1
0022400270,2024-11-23,10.65743028262905,3.988853771460114,6.668576511168934,33.871206678818226,1,0,1,0.4,9.200000000000003,3.0,6.200000000000003,10.65743028262905,3.988853771460114,6.668576511168934,0
0022400271,2024-11-24,12.255985284624686,-0.17235207640408134,12.428337361028763,98.99526401225603,-1,0,0,0.4,9.599999999999994,-2.799999999999997,12.399999999999991,12.255985284624686,-0.17235207640408134,12.428337361028763,1
0022400272,2024-11-24,7.783327052534062,0.11914050915859775,7.664186543375467,59.476296775868605,0,0,0,0.2,5.200000000000003,-2.200000000000003,7.400000000000006,7.783327052534062,0.11914050915859775,7.664186543375467,1
0022400273,2024-11-24,-8.236567380863846,-0.08570482233665189,-8.150862558527232,15.169975244279613,4,0,0,-0.20000000000000007,-8.599999999999994,-0.3999999999999915,-8.200000000000003,-8.236567380863846,-0.08570482233665189,-8.150862558527232,1
0022400274,2024-11-24,-1.8172656275251882,8.354679176457125,-10.171944803982331,-99.59342387426454,0,0,0,-0.6000000000000001,-5.0,4.599999999999994,-9.599999999999994,-1.8172656275251882,8.354679176457125,-10.171944803982331,0
0022400275,2024-11-24,19.9963635605596,5.886214160434108,14.110149400125508,147.81414013147514,1,0,0,0.4,17.60000000000001,3.6000000000000085,14.0,19.9963635605596,5.886214160434108,14.110149400125508,1
0022400276,2024-11-24,-2.6298880603146557,-14.862840716417011,12.232952656102368,9.43760333171258,0,0,0,0.2,3.200000000000003,-8.200000000000003,11.400000000000006,-2.6298880603146557,-14.862840716417011,12.232952656102368,0
0022400277,2024-11-25,3.535113187204985,12.209259067401149,-8.674145880196168,-75.21889819747207,0,0,0,-0.4,11.200000000000003,19.39999999999999,-8.199999999999989,3.535113187204985,12.209259067401149,-8.674145880196168,0
0022400278,2024-11-25,-0.17579937967718706,-1.1773108707503752,1.0015114910731824,36.57318836878267,1,0,1,0.0,-2.0,-3.200000000000003,1.2000000000000028,-0.17579937967718706,-1.1773108707503752,1.0015114910731824,1
0022400279,2024-11-25,9.713428581619468,-1.5839779115407566,11.297406493160238,57.849579642745766,-2,1,0,0.2,16.799999999999997,6.400000000000006,10.399999999999991,9.713428581619468,-1.5839779115407566,11.297406493160238,1
0022400280,2024-11-25,-11.284661371955835,5.203333807496833,-16.48799517945265,-26.90108125120696,2,0,1,-0.4,-7.3999999999999915,9.799999999999997,-17.19999999999999,-11.284661371955835,5.203333807496833,-16.48799517945265,0
0022400281,2024-11-25,10.508377491686588,15.031175895563166,-4.5227984038765765,59.34014781536257,0,1,1,0.0,9.799999999999997,14.200000000000003,-4.400000000000006,10.508377491686588,15.031175895563166,-4.5227984038765765,1
0022400282,2024-11-25,10.852088111381846,3.647197061779508,7.204891049602349,27.621594159146525,0,0,0,0.0,16.200000000000003,9.200000000000003,7.0,10.852088111381846,3.647197061779508,7.204891049602349,1
0022400283,2024-11-25,-16.42269965561013,-9.756648798567454,-6.666050857042671,-28.477337966043024,0,0,0,-0.4,-12.600000000000009,-6.799999999999997,-5.800000000000011,-16.42269965561013,-9.756648798567454,-6.666050857042671,0
0022400284,2024-11-25,-11.638295773189114,-19.070224659092062,7.4319288859029395,140.3108898542057,1,0,1,0.19999999999999996,0.0,-8.0,8.0,-11.638295773189114,-19.070224659092062,7.4319288859029395,0
0022400285,2024-11-25,-1.2655014967692324,10.6657982574811,-11.931299754250336,-112.15559800580945,-4,1,0,-0.39999999999999997,1.7999999999999972,13.399999999999991,-11.599999999999994,-1.2655014967692324,10.6657982574811,-11.931299754250336,0
0022400035,2024-11-26,-12.971142129207365,-3.3423026528591606,-9.628839476348217,-68.85210337259969,-1,0,0,-0.4,-15.200000000000003,-6.199999999999989,-9.000000000000014,-12.971142129207365,-3.3423026528591606,-9.628839476348217,0
0022400036,2024-11-26,-4.335256411643627,-1.9913230527024268,-2.343933358941209,43.614670322265056,-1,0,0,-0.20000000000000007,-1.4000000000000057,0.5999999999999943,-2.0,-4.335256411643627,-1.9913230527024268,-2.343933358941209,0
0022400037,2024-11-26,2.599957235999071,17.15406915024461,-14.55411191424555,-58.81532467756938,-1,0,0,-0.19999999999999996,-5.800000000000011,10.600000000000009,-16.40000000000002,2.599957235999071,17.15406915024461,-14.55411191424555,0
0022400038,2024-11-26,4.716009216481595,7.928023327829905,-3.2120141113483043,-41.221221813955935,0,0,0,-0.39999999999999997,6.200000000000003,9.399999999999991,-3.1999999999999886,4.716009216481595,7.928023327829905,-3.2120141113483043,0
0022400039,2024-11-26,-8.10368451432933,4.071367992984946,-12.175052507314229,1.6788437759514636,3,0,0,-0.6,-8.599999999999994,3.0,-11.599999999999994,-8.10368451432933,4.071367992984946,-12.175052507314229,1
0022400286,2024-11-27,-3.7771359106012596,6.417553427229734,-10.194689337830969,-57.909476871753895,1,0,1,-0.39999999999999997,-2.200000000000003,8.400000000000006,-10.600000000000009,-3.7771359106012596,6.417553427229734,-10.194689337830969,0
0022400287,2024-11-27,23.53377042419541,0.5403508838354867,22.9934195403599,138.13763334316604,1,0,0,0.6000000000000001,16.39999999999999,-7.800000000000011,24.200000000000003,23.53377042419541,0.5403508838354867,22.9934195403599,0
0022400288,2024-11-27,12.961133016555038,7.086524556846797,5.8746084597082415,-10.477308193750332,0,0,0,0.0,15.0,9.200000000000003,5.799999999999997,12.961133016555038,7.086524556846797,5.8746084597082415,1
0022400289,2024-11-27,-9.149060052407634,-11.041307495633106,1.892247443225449,60.85453320753163,1,0,1,0.20000000000000007,-19.0,-20.200000000000003,1.2000000000000028,-9.149060052407634,-11.041307495633106,1.892247443225449,1
0022400290,2024-11-27,-2.025630888164386,15.244013024666017,-17.269643912830404,-140.30449100885426,2,0,1,-0.39999999999999997,-12.600000000000009,5.3999999999999915,-18.0,-2.025630888164386,15.244013024666017,-17.269643912830404,0
0022400291,2024-11-27,-6.416810835224766,16.23749943060112,-22.654310265825902,-140.49531730010676,-1,1,0,-0.8,-2.3999999999999915,20.599999999999994,-22.999999999999986,-6.416810835224766,16.23749943060112,-22.654310265825902,0
0022400292,2024-11-27,-11.41091622590551,-7.719826959100644,-3.6910892668049033,-38.54186643745993,0,0,0,0.0,-2.8000000000000114,0.20000000000000284,-3.000000000000014,-11.41091622590551,-7.719826959100644,-3.6910892668049033,1
0022400293,2024-11-27,1.6067936759101258,-7.952904638173493,9.559698314083656,54.258269946186374,0,0,0,0.4,7.6000000000000085,-1.5999999999999943,9.200000000000003,1.6067936759101258,-7.952904638173493,9.559698314083656,1
0022400294,2024-11-27,5.348498863558504,-1.316922506657761,6.665421370216248,38.10926135591717,-1,1,0,0.2,8.400000000000006,1.8000000000000114,6.599999999999994,5.348498863558504,-1.316922506657761,6.665421370216248,0
0022400295,2024-11-27,-10.011680397172967,5.893608841500679,-15.905289238673644,-17.055450157002497,0,0,0,-0.4,-12.600000000000009,3.200000000000003,-15.800000000000011,-10.011680397172967,5.893608841500679,-15.905289238673644,0
0022400296,2024-11-27,-0.15735432518997072,-12.179238214804997,12.021883889615003,1.9206677823467544,0,1,1,0.4,2.6000000000000085,-9.799999999999997,12.400000000000006,-0.15735432518997072,-12.179238214804997,12.021883889615003,0
0022400297,2024-11-27,-5.750358441956564,-4.137049988447416,-1.6133084535091426,33.45605229233206,-1,1,0,-0.39999999999999997,-1.2000000000000028,0.20000000000000284,-1.4000000000000057,-5.750358441956564,-4.137049988447416,-1.6133084535091426,0
0022400298,2024-11-27,0.2023695712315572,3.070284535813016,-2.8679149645814337,-51.25148849648963,-1,1,0,-0.2,0.0,3.0,-3.0,0.2023695712315572,3.070284535813016,-2.8679149645814337,0
0022400299,2024-11-27,-7.143005684157359,0.30066432720366265,-7.4436700113610215,19.176210218235838,0,0,0,-0.19999999999999996,-3.200000000000003,3.3999999999999915,-6.599999999999994,-7.143005684157359,0.30066432720366265,-7.4436700113610215,0
0022400040,2024-11-29,-22.428406393116475,-9.881804735968231,-12.54660165714824,-96.62136709496758,0,0,0,-0.39999999999999997,-20.400000000000006,-8.200000000000003,-12.200000000000003,-22.428406393116475,-9.881804735968231,-12.54660165714824,0
0022400041,2024-11-29,-16.774613250545485,-1.8474115739497137,-14.927201676595782,-106.23706190656526,0,0,0,-0.19999999999999996,-7.3999999999999915,8.0,-15.399999999999991,-16.774613250545485,-1.8474115739497137,-14.927201676595782,1
0022400042,2024-11-29,17.34052751820886,-12.994166299254573,30.334693817463446,138.5800223804065,0,0,0,0.8,24.19999999999999,-6.400000000000006,30.599999999999994,17.34052751820886,-12.994166299254573,30.334693817463446,1
0022400043,2024-11-29,7.678121968421621,11.238735817559885,-3.560613849138287,-53.595379575189554,0,0,0,0.0,5.200000000000003,8.599999999999994,-3.3999999999999915,7.678121968421621,11.238735817559885,-3.560613849138287,0
0022400044,2024-11-29,-1.644981858790885,11.771162693232696,-13.41614455202357,-77.3948384883272,0,0,0,-0.6000000000000001,-0.5999999999999943,12.799999999999997,-13.399999999999991,-1.644981858790885,11.771162693232696,-13.41614455202357,1
0022400045,2024-11-29,4.464238337281898,-3.1333112256837836,7.5975495629657015,16.501760257571277,0,0,0,0.39999999999999997,6.799999999999997,-0.20000000000000284,7.0,4.464238337281898,-3.1333112256837836,7.5975495629657015,0
0022400046,2024-11-29,-3.5050773356299487,-1.0114001265582857,-2.493677209071654,76.37867647232702,0,0,0,0.0,-5.400000000000006,-3.0,-2.4000000000000057,-3.5050773356299487,-1.0114001265582857,-2.493677209071654,1
0022400047,2024-11-29,-2.151017600366302,10.055588304251003,-12.206605904617291,-126.29092170819854,-2,0,0,-0.6,6.3999999999999915,18.400000000000006,-12.000000000000014,-2.151017600366302,10.055588304251003,-12.206605904617291,0
0022400048,2024-11-29,-0.11197544704926088,10.726764015289675,-10.838739462338916,-72.1343695558462,0,0,0,-0.19999999999999996,-0.8000000000000114,10.400000000000006,-11.200000000000017,-0.11197544704926088,10.726764015289675,-10.838739462338916,0
0022400049,2024-11-29,-4.334366718924159,1.3750021827817847,-5.709368901705934,29.141554838983893,0,0,0,0.0,-4.0,2.4000000000000057,-6.400000000000006,-4.334366718924159,1.3750021827817847,-5.709368901705934,1
0022400300,2024-11-30,-5.57452809814049,-4.661957684418695,-0.9125704137218098,-51.50785683108188,0,1,1,-0.2,-14.400000000000006,-14.400000000000006,0.0,-5.57452809814049,-4.661957684418695,-0.9125704137218098,0
0022400301,2024-11-30,6.666301300726488,0.07109104754864859,6.595210253177822,73.99661786070692,-2,1,0,0.2,7.3999999999999915,0.6000000000000085,6.799999999999983,6.666301300726488,0.07109104754864859,6.595210253177822,0
0022400302,2024-11-30,19.572785365112424,-6.892681288760855,26.465466653873285,105.81274780861622,1,0,0,1.0,14.799999999999997,-12.0,26.799999999999997,19.572785365112424,-6.892681288760855,26.465466653873285,1
0022400303,2024-11-30,10.105138317232843,13.100713178699948,-2.995574861467111,-75.23485707191799,0,0,0,-0.2,7.0,10.399999999999991,-3.3999999999999915,10.105138317232843,13.100713178699948,-2.995574861467111,1
0022400304,2024-11-30,-8.59790829803896,10.287038026253867,-18.884946324292823,-84.89021966231189,0,0,0,-0.6000000000000001,-11.200000000000003,7.799999999999997,-19.0,-8.59790829803896,10.287038026253867,-18.884946324292823,0
0022400305,2024-12-01,-1.8872331349749345,13.483717060706496,-15.370950195681445,-76.25087243617077,0,0,0,-0.4,-4.0,11.0,-15.0,-1.8872331349749345,13.483717060706496,-15.370950195681445,0
0022400306,2024-12-01,7.198313992273938,-9.221374426099416,16.419688418373354,66.69198373783001,0,0,0,0.4,12.0,-5.200000000000003,17.200000000000003,7.198313992273938,-9.221374426099416,16.419688418373354,1
0022400307,2024-12-01,-2.5496110639623026,6.107191805523826,-8.656802869486153,-49.56607499858137,0,0,0,-0.6,-1.3999999999999915,7.799999999999997,-9.199999999999989,-2.5496110639623026,6.107191805523826,-8.656802869486153,1
0022400308,2024-12-01,17.990587158392103,0.5719192483814339,17.418667910010676,148.559597861542,0,0,0,0.6,16.400000000000006,-1.0,17.400000000000006,17.990587158392103,0.5719192483814339,17.418667910010676,1
0022400309,2024-12-01,1.8991708179777618,7.459539621089149,-5.560368803111371,-87.01629811629141,0,0,0,-0.4,-0.6000000000000085,5.0,-5.6000000000000085,1.8991708179777618,7.459539621089149,-5.560368803111371,1
0022400310,2024-12-01,-2.644306624927026,-4.4257318083329835,1.781425183405963,-27.42870845988523,2,0,0,0.0,6.799999999999997,3.799999999999997,3.0,-2.644306624927026,-4.4257318083329835,1.781425183405963,1
0022400311,2024-12-01,-1.4028365620742562,-2.3529868203659845,0.9501502582917309,-86.53263858695436,-1,1,0,0.0,3.799999999999997,2.5999999999999943,1.2000000000000028,-1.4028365620742562,-2.3529868203659845,0.9501502582917309,0
0022400312,2024-12-01,-12.98437685836491,2.3816830072449875,-15.366059865609893,-31.685009687076672,1,0,1,-0.4,-17.200000000000003,-1.2000000000000028,-16.0,-12.98437685836491,2.3816830072449875,-15.366059865609893,0
0022400313,2024-12-01,-9.003898125456516,2.7360640177836046,-11.739962143240142,-41.506861392892915,-2,0,0,-0.6000000000000001,-9.599999999999994,2.200000000000003,-11.799999999999997,-9.003898125456516,2.7360640177836046,-11.739962143240142,0
0022400314,2024-12-01,-11.181002225125553,-12.461618649071951,1.2806164239464017,32.611116822412214,-2,0,0,0.0,-14.599999999999994,-16.19999999999999,1.5999999999999943,-11.181002225125553,-12.461618649071951,1.2806164239464017,1
0022400315,2024-12-02,14.687060077892667,-2.0070066245331333,16.694066702425822,98.49773353382193,1,0,1,0.6,19.0,2.200000000000003,16.799999999999997,14.687060077892667,-2.0070066245331333,16.694066702425822,1
0022400316,2024-12-02,6.538129873801111,-1.1708226959341346,7.7089525697352315,92.28329476522958,0,1,1,0.20000000000000007,5.799999999999997,-1.7999999999999972,7.599999999999994,6.538129873801111,-1.1708226959341346,7.7089525697352315,1
0022400317,2024-12-02,8.598921585579276,7.295655871217008,1.3032657143622601,-5.843500837196871,2,0,1,-0.19999999999999996,17.400000000000006,16.0,1.4000000000000057,8.598921585579276,7.295655871217008,1.3032657143622601,1
0022400318,2024-12-02,-2.5051309770051517,-5.944913640636486,3.4397826636313313,-38.52918490111006,2,0,1,-0.2,-0.20000000000000284,-3.799999999999997,3.5999999999999943,-2.5051309770051517,-5.944913640636486,3.4397826636313313,1
0022400050,2024-12-03,-9.273548908294998,-5.852530843599183,-3.421018064695823,-10.208949232379382,0,0,0,-0.4,-10.0,-6.799999999999997,-3.200000000000003,-9.273548908294998,-5.852530843599183,-3.421018064695823,0
0022400051,2024-12-03,16.99752332177978,-2.2102927538921904,19.207816075671982,193.01715531304012,-1,0,0,0.6,14.599999999999994,-4.799999999999997,19.39999999999999,16.99752332177978,-2.2102927538921904,19.207816075671982,1
0022400052,2024-12-03,-16.017882847414228,-2.5475487466820113,-13.470334100732238,-24.5440825283747,0,0,0,-0.6,-13.400000000000006,0.0,-13.400000000000006,-16.017882847414228,-2.5475487466820113,-13.470334100732238,0
0022400053,2024-12-03,1.5352992381605333,8.974983361302392,-7.439684123141859,-24.95572203981078,0,0,0,-0.4,4.0,11.200000000000003,-7.200000000000003,1.5352992381605333,8.974983361302392,-7.439684123141859,1
0022400054,2024-12-03,-1.8107714158474408,-4.9985633595036205,3.1877919436561797,-24.341096347129906,0,0,0,-0.19999999999999996,-4.0,-7.799999999999997,3.799999999999997,-1.8107714158474408,-4.9985633595036205,3.1877919436561797,1
0022400055,2024-12-03,4.526032721746176,-9.78116726143945,14.307199983185619,182.7139931574161,0,0,0,0.6000000000000001,4.799999999999997,-9.200000000000003,14.0,4.526032721746176,-9.78116726143945,14.307199983185619,1
0022400056,2024-12-03,-6.432417526214593,1.6318339671598352,-8.064251493374423,-13.407306392989085,0,0,0,-0.19999999999999996,-6.6000000000000085,2.200000000000003,-8.800000000000011,-6.432417526214593,1.6318339671598352,-8.064251493374423,1
0022400057,2024-12-03,-1.1686894734398265,2.0851475378190116,-3.253837011258844,10.876591165274476,1,0,0,-0.4,-1.6000000000000085,1.5999999999999943,-3.200000000000003,-1.1686894734398265,2.0851475378190116,-3.253837011258844,1
0022400058,2024-12-03,15.341093720778318,7.496567118735044,7.844526602043291,-74.63604440698055,-1,0,0,0.2,15.399999999999991,8.200000000000003,7.199999999999989,15.341093720778318,7.496567118735044,7.844526602043291,1
0022400059,2024-12-03,3.7213953082081446,16.002679161767716,-12.281283853559593,-140.4054310626375,0,0,0,-0.6000000000000001,-2.8000000000000114,10.0,-12.800000000000011,3.7213953082081446,16.002679161767716,-12.281283853559593,1
0022400060,2024-12-03,0.3764642193309129,-8.2931245787464,8.669588798077305,61.31030006837477,0,0,0,0.19999999999999996,-0.8000000000000114,-9.799999999999997,8.999999999999986,0.3764642193309129,-8.2931245787464,8.669588798077305,1
0022400319,2024-12-04,12.653584420482744,-4.835195934547102,17.48878035502984,151.93698380873366,1,0,1,0.4,8.799999999999997,-8.799999999999997,17.599999999999994,12.653584420482744,-4.835195934547102,17.48878035502984,1
0022400320,2024-12-04,-1.767425498461634,-1.2865411482076325,-0.48088435025400145,5.828913447946661,1,0,1,0.0,-4.799999999999997,-4.800000000000011,1.4210854715202004e-14,-1.767425498461634,-1.2865411482076325,-0.48088435025400145,1
0022400321,2024-12-04,4.788180422771788,-2.0018642280084293,6.7900446507802,3.1194691545906608,0,0,0,0.0,6.0,-0.8000000000000114,6.800000000000011,4.788180422771788,-2.0018642280084293,6.7900446507802,1
0022400322,2024-12-04,-0.11896609591883589,7.3769952359599955,-7.495961331878814,-126.4073734422036,0,1,1,-0.20000000000000007,-1.8000000000000114,5.799999999999997,-7.6000000000000085,-0.11896609591883589,7.3769952359599955,-7.495961331878814,0
0022400323,2024-12-04,8.987992462915898,4.969992601386139,4.017999861529757,12.514965415987035,-1,1,0,0.19999999999999996,2.0,-2.0,4.0,8.987992462915898,4.969992601386139,4.017999861529757,0
0022400324,2024-12-04,7.041558422124609,5.788618096646445,1.2529403254781784,62.46787032769862,-1,1,0,0.19999999999999996,7.599999999999994,6.200000000000003,1.3999999999999915,7.041558422124609,5.788618096646445,1.2529403254781784,0
0022400325,2024-12-05,-8.462893078188628,-8.87871766712017,0.41582458893153085,72.3310002225387,0,0,0,0.0,-5.599999999999994,-6.6000000000000085,1.0000000000000142,-8.462893078188628,-8.87871766712017,0.41582458893153085,1
0022400326,2024-12-05,-20.44988235422754,7.678582908568046,-28.1284652627956,-164.8061398930738,0,0,0,-1.0,-22.80000000000001,6.200000000000003,-29.000000000000014,-20.44988235422754,7.678582908568046,-28.1284652627956,0
0022400327,2024-12-05,16.622650352360196,-0.552351580607791,17.17500193296798,152.46335988187207,0,0,0,0.8,22.60000000000001,5.400000000000006,17.200000000000003,16.622650352360196,-0.552351580607791,17.17500193296798,1
0022400328,2024-12-05,-3.808160576782484,2.5127093376180056,-6.320869914400503,-138.75775592319724,0,0,0,-0.20000000000000007,-2.799999999999997,3.0,-5.799999999999997,-3.808160576782484,2.5127093376180056,-6.320869914400503,0
0022400329,2024-12-05,4.027394491374579,-11.048979618216123,15.076374109590692,92.01771298204017,0,0,0,0.4,10.200000000000003,-5.400000000000006,15.600000000000009,4.027394491374579,-11.048979618216123,15.076374109590692,1
0022400330,2024-12-05,-18.688175176092486,1.8743358755694857,-20.56251105166195,-132.79693183365998,1,0,0,-0.6,-14.799999999999997,6.400000000000006,-21.200000000000003,-18.688175176092486,1.8743358755694857,-20.56251105166195,1
0022400331,2024-12-05,-8.612230763957683,-5.844627027366258,-2.767603736591428,18.12882708305483,-1,0,0,0.19999999999999996,-16.200000000000003,-13.199999999999989,-3.000000000000014,-8.612230763957683,-5.844627027366258,-2.767603736591428,0
0022400332,2024-12-05,-2.9347389424098793,3.8330218531753673,-6.767760795585232,-6.141768859485637,0,0,0,-0.6,-6.400000000000006,0.5999999999999943,-7.0,-2.9347389424098793,3.8330218531753673,-6.767760795585232,1
0022400333,2024-12-06,-5.646450447332427,4.402760792549373,-10.049211239881764,-144.8901633439882,0,0,0,-0.4,-6.199999999999989,3.799999999999997,-9.999999999999986,-5.646450447332427,4.402760792549373,-10.049211239881764,1
0022400334,2024-12-06,11.866580206566681,-11.179203435760996,23.04578364232767,9.955601244065292,0,0,0,0.6,22.400000000000006,-0.7999999999999972,23.200000000000003,11.866580206566681,-11.179203435760996,23.04578364232767,1
0022400335,2024-12-06,1.5687744591571118,-6.55365582388994,8.12243028304703,120.04533596176566,0,0,0,0.0,5.199999999999989,-3.0,8.199999999999989,1.5687744591571118,-6.55365582388994,8.12243028304703,1
0022400336,2024-12-06,14.294735452150789,-2.6506493986017006,16.94538485075247,35.013858818412245,-1,1,0,0.39999999999999997,18.60000000000001,0.7999999999999972,17.80000000000001,14.294735452150789,-2.6506493986017006,16.94538485075247,0
0022400337,2024-12-06,0.09187965417633848,6.5303795400951685,-6.438499885918838,38.47199110852239,0,1,1,0.0,-0.6000000000000085,6.0,-6.6000000000000085,0.09187965417633848,6.5303795400951685,-6.438499885918838,0
0022400338,2024-12-06,0.1792251485221925,12.160311631239892,-11.981086482717723,69.8403240399075,-1,1,0,-0.39999999999999997,3.0,14.799999999999997,-11.799999999999997,0.1792251485221925,12.160311631239892,-11.981086482717723,0
0022400339,2024-12-06,7.255110501843774,2.9702770132769274,4.284833488566841,70.1399457068569,0,0,0,0.2,8.199999999999989,4.0,4.199999999999989,7.255110501843774,2.9702770132769274,4.284833488566841,0
0022400340,2024-12-07,-5.741041739477183,6.190567141056732,-11.931608880533904,-182.18377373320982,0,0,0,-0.6,-16.599999999999994,-5.0,-11.599999999999994,-5.741041739477183,6.190567141056732,-11.931608880533904,0
0022400341,2024-12-07,-18.587096745825207,1.2824254629127552,-19.869522208737962,-129.68013195751996,0,0,0,-0.4,-17.799999999999997,2.4000000000000057,-20.200000000000003,-18.587096745825207,1.2824254629127552,-19.869522208737962,1
0022400342,2024-12-07,-17.35077796710685,12.507744290832719,-29.85852225793957,-203.34848883954896,0,0,0,-0.6000000000000001,-11.799999999999997,18.799999999999997,-30.599999999999994,-17.35077796710685,12.507744290832719,-29.85852225793957,0
0022400343,2024-12-07,6.833939778319092,-12.932561773291724,19.766501551610805,104.71179339999071,-1,0,0,0.6000000000000001,2.6000000000000085,-17.400000000000006,20.000000000000014,6.833939778319092,-12.932561773291724,19.766501551610805,0
0022400344,2024-12-07,-12.767356487672103,3.139962047547016,-15.907318535219096,-105.45146154067766,0,0,0,-0.4,-13.400000000000006,2.799999999999997,-16.200000000000003,-12.767356487672103,3.139962047547016,-15.907318535219096,0
0022400345,2024-12-07,3.014111118753476,3.638941631706686,-0.6248305129532135,73.68291586039209,-1,1,0,0.0,-4.0,-2.8000000000000114,-1.1999999999999886,3.014111118753476,3.638941631706686,-0.6248305129532135,0
0022400346,2024-12-07,-2.734842005255672,-2.7558710834371567,0.021029078181465266,6.841377680013466,1,0,0,0.0,-5.400000000000006,-5.200000000000003,-0.20000000000000284,-2.734842005255672,-2.7558710834371567,0.021029078181465266,1
0022400347,2024-12-08,11.579835847816142,13.826834876887077,-2.246999029070929,35.705203039128264,0,0,0,-0.19999999999999996,19.599999999999994,21.39999999999999,-1.7999999999999972,11.579835847816142,13.826834876887077,-2.246999029070929,0
0022400348,2024-12-08,-11.76599890535671,-1.5006523233750926,-10.265346581981618,-15.014402980479645,2,0,0,-0.19999999999999996,-9.400000000000006,0.7999999999999972,-10.200000000000003,-11.76599890535671,-1.5006523233750926,-10.265346581981618,0
0022400349,2024-12-08,0.08246292853546322,-0.4877620980549011,0.5702250265903519,76.87118781133927,1,0,1,0.2,10.200000000000003,10.599999999999994,-0.3999999999999915,0.08246292853546322,-0.4877620980549011,0.5702250265903519,0
0022400350,2024-12-08,-1.1442235346698624,-10.053516676284858,8.909293141614997,27.32282802534428,1,0,1,0.6,2.200000000000003,-7.800000000000011,10.000000000000014,-1.1442235346698624,-10.053516676284858,8.909293141614997,0
0022400351,2024-12-08,4.5483760245785305,5.395305913646254,-0.846929889067729,-66.88097764627264,0,1,1,-0.20000000000000007,1.0,2.200000000000003,-1.2000000000000028,4.5483760245785305,5.395305913646254,-0.846929889067729,1
0022400352,2024-12-08,-6.392130749213294,-9.560221104678618,3.1680903554653157,61.316808087375875,1,0,1,0.19999999999999996,-8.0,-11.0,3.0,-6.392130749213294,-9.560221104678618,3.1680903554653157,1
0022400353,2024-12-08,-14.45370204961776,9.636520004474463,-24.090222054092205,-179.99647126671425,0,1,1,-0.6000000000000001,-18.799999999999997,6.199999999999989,-24.999999999999986,-14.45370204961776,9.636520004474463,-24.090222054092205,0
0022400354,2024-12-08,5.18273447396264,6.11433934907555,-0.9316048751129138,77.20175754248157,1,0,1,0.0,3.3999999999999915,4.400000000000006,-1.0000000000000142,5.18273447396264,6.11433934907555,-0.9316048751129138,1
0022400355,2024-12-08,-6.462223970553552,11.713619973195094,-18.175843943748657,40.77442263938883,0,0,0,-0.6000000000000001,-2.200000000000003,16.0,-18.200000000000003,-6.462223970553552,11.713619973195094,-18.175843943748657,1
0022400356,2024-12-08,2.5865966117201395,-2.115891673766157,4.702488285486272,-27.514919003678187,1,0,0,0.0,-3.200000000000003,-7.400000000000006,4.200000000000003,2.5865966117201395,-2.115891673766157,4.702488285486272,0
0022400357,2024-12-08,6.314723087067975,-1.82770999891585,8.14243308598382,39.475932863925436,0,0,0,0.2,10.600000000000009,3.200000000000003,7.400000000000006,6.314723087067975,-1.82770999891585,8.14243308598382,1
0022400358,2024-12-08,-12.266130391876217,-9.464305169613908,-2.801825222262295,32.689050517409214,0,0,0,0.0,-12.200000000000003,-10.0,-2.200000000000003,-12.266130391876217,-9.464305169613908,-2.801825222262295,1
0022400359,2024-12-09,-6.392230438805086,14.236215061664737,-20.628445500469816,-109.57410896313786,0,0,0,-0.4,-2.3999999999999915,18.400000000000006,-20.799999999999997,-6.392230438805086,14.236215061664737,-20.628445500469816,0
0022401201,2024-12-10,8.9687820775179,4.914973341276308,4.053808736241606,-66.26018061138825,0,0,0,0.0,11.599999999999994,7.3999999999999915,4.200000000000003,8.9687820775179,4.914973341276308,4.053808736241606,1
0022401203,2024-12-10,-0.9411473907284318,-3.8003944785699133,2.859247087841476,48.35144787225363,0,0,0,-0.19999999999999996,-5.6000000000000085,-8.200000000000003,2.5999999999999943,-0.9411473907284318,-3.8003944785699133,2.859247087841476,1
0022401202,2024-12-11,7.8622637511402615,-5.653673394909106,13.515937146049358,52.48049979644952,-1,0,0,0.0,-1.4000000000000057,-14.599999999999994,13.199999999999989,7.8622637511402615,-5.653673394909106,13.515937146049358,0
0022401204,2024-12-11,6.162917614890944,2.2971319615209893,3.8657856533699455,11.850200532664303,0,0,0,0.19999999999999996,7.800000000000011,3.6000000000000085,4.200000000000003,6.162917614890944,2.2971319615209893,3.8657856533699455,1
0022401205,2024-12-12,1.7513441149383766,-6.079004876812675,7.830348991751083,134.01828372840464,0,0,0,0.19999999999999996,1.6000000000000085,-6.0,7.6000000000000085,1.7513441149383766,-6.079004876812675,7.830348991751083,1
0022401206,2024-12-12,10.991496803867562,-3.5991568634967024,14.590653667364256,106.57886105894795,1,0,0,0.19999999999999996,4.6000000000000085,-10.0,14.600000000000009,10.991496803867562,-3.5991568634967024,14.590653667364256,1
0022401207,2024-12-12,-18.448276462946282,7.021011395508822,-25.469287858455104,-77.79248857672906,0,0,0,-0.39999999999999997,-17.60000000000001,8.600000000000009,-26.200000000000017,-18.448276462946282,7.021011395508822,-25.469287858455104,0
0022401208,2024-12-13,14.848617250000132,-13.625436202883435,28.474053452883552,208.34493447554496,0,0,0,0.6000000000000001,10.399999999999991,-19.200000000000003,29.599999999999994,14.848617250000132,-13.625436202883435,28.474053452883552,1
0022401209,2024-12-13,1.3399513762659438,-11.05311375967213,12.393065135938059,0.3165298856847585,0,0,0,0.6000000000000001,-6.0,-18.599999999999994,12.599999999999994,1.3399513762659438,-11.05311375967213,12.393065135938059,0
0022401210,2024-12-13,3.652636925743721,-22.577453836578655,26.230090762322362,8.40480048528184,0,0,0,0.4,1.1999999999999886,-24.599999999999994,25.799999999999983,3.652636925743721,-22.577453836578655,26.230090762322362,1
0022401211,2024-12-13,12.512410537113581,-7.041486106270895,19.553896643384476,104.92602699280769,0,0,0,0.6000000000000001,25.599999999999994,5.200000000000003,20.39999999999999,12.512410537113581,-7.041486106270895,19.553896643384476,1
0022401212,2024-12-13,8.329744078679482,-3.7444774224320554,12.074221501111529,56.07102684110191,0,0,0,0.2,19.0,7.3999999999999915,11.600000000000009,8.329744078679482,-3.7444774224320554,12.074221501111529,1
0022401213,2024-12-13,5.832026849724471,1.6675303111498607,4.164496538574599,-18.0549537028744,0,0,0,0.0,15.599999999999994,11.0,4.599999999999994,5.832026849724471,1.6675303111498607,4.164496538574599,1
0022401214,2024-12-13,-5.78466003773849,3.754157863793168,-9.538817901531667,-84.70242520714646,0,0,0,-0.2,-4.0,4.799999999999997,-8.799999999999997,-5.78466003773849,3.754157863793168,-9.538817901531667,0
0022401215,2024-12-13,-0.6580000645525672,4.66381370774053,-5.3218137722930905,-20.970033951672576,0,0,0,-0.2,-6.0,-1.2000000000000028,-4.799999999999997,-0.6580000645525672,4.66381370774053,-5.3218137722930905,0
0022401229,2024-12-14,4.7300781985226195,3.8385625666257823,0.8915156318968314,-4.265720527417898,1,0,0,-0.20000000000000007,-5.400000000000006,-6.0,0.5999999999999943,4.7300781985226195,3.8385625666257823,0.8915156318968314,1
0022401230,2024-12-14,14.20449404507221,-2.5650545252140375,16.76954857028624,36.377473727442975,1,0,0,0.20000000000000007,16.799999999999997,-0.20000000000000284,17.0,14.20449404507221,-2.5650545252140375,16.76954857028624,1
0022401216,2024-12-15,0.2950742880436934,-4.735068926719649,5.030143214763353,92.15339668603701,-1,0,0,0.2,-1.8000000000000114,-7.0,5.199999999999989,0.2950742880436934,-4.735068926719649,5.030143214763353,1
0022401217,2024-12-15,-15.608194104918468,13.501575994189281,-29.10977009910774,-239.20131515505432,-1,0,0,-0.6000000000000001,-13.199999999999989,16.599999999999994,-29.799999999999983,-15.608194104918468,13.501575994189281,-29.10977009910774,0
0022401218,2024-12-15,2.8704697863301334,26.763867939726353,-23.89339815339622,-27.57760760853739,0,0,0,-0.4,8.399999999999991,32.8,-24.400000000000006,2.8704697863301334,26.763867939726353,-23.89339815339622,0
0022401219,2024-12-15,6.758291564877823,-9.829458894109905,16.58775045898772,66.48651356786013,0,0,0,0.4,6.799999999999997,-9.799999999999997,16.599999999999994,6.758291564877823,-9.829458894109905,16.58775045898772,1
0022401220,2024-12-15,-17.157005171370116,6.81552813010002,-23.97253330147018,-81.5877553052128,0,0,0,-0.6000000000000001,-26.799999999999997,-2.1999999999999886,-24.60000000000001,-17.157005171370116,6.81552813010002,-23.97253330147018,1
0022401227,2024-12-15,-8.04619723376564,1.263224355246777,-9.309421589012407,19.704313933684944,1,0,0,-0.19999999999999996,-8.0,1.2000000000000028,-9.200000000000003,-8.04619723376564,1.263224355246777,-9.309421589012407,0
0022401228,2024-12-15,-17.14166357322715,-8.130385699695012,-9.011277873532132,-1.7072442068654254,-1,0,0,-0.4,-23.200000000000003,-13.599999999999994,-9.600000000000009,-17.14166357322715,-8.130385699695012,-9.011277873532132,0
0022401221,2024-12-16,-12.632252438769854,9.739906507664088,-22.37215894643395,-70.20053894848638,0,0,0,-0.6000000000000001,-7.599999999999994,14.799999999999997,-22.39999999999999,-12.632252438769854,9.739906507664088,-22.37215894643395,1
0022401222,2024-12-16,-2.179982105536183,9.928765640048596,-12.10874774558479,-40.7810402260875,0,0,0,-0.39999999999999997,-2.799999999999997,8.799999999999997,-11.599999999999994,-2.179982105536183,9.928765640048596,-12.10874774558479,0
0022401223,2024-12-16,-8.228324340285099,8.206928657885271,-16.435252998170384,-48.08997142670569,1,0,0,-0.39999999999999997,-11.0,6.200000000000003,-17.200000000000003,-8.228324340285099,8.206928657885271,-16.435252998170384,0
0022401224,2024-12-16,-10.829562116969768,9.423512337804084,-20.253074454773866,-125.40056820403174,0,0,0,-0.6000000000000001,-12.599999999999994,8.200000000000003,-20.799999999999997,-10.829562116969768,9.423512337804084,-20.253074454773866,0
0022401225,2024-12-16,8.67625074712906,0.08015032337488037,8.596100423754185,-35.1465589819793,1,0,0,0.20000000000000007,3.0,-5.400000000000006,8.400000000000006,8.67625074712906,0.08015032337488037,8.596100423754185,0
0022401226,2024-12-16,-8.566586244132338,-10.323256701323587,1.7566704571912624,110.76366927476397,0,0,0,0.2,-7.3999999999999915,-8.0,0.6000000000000085,-8.566586244132338,-10.323256701323587,1.7566704571912624,1
0062400001,2024-12-17,9.95564673210528,-10.88453291406519,20.84017964617049,101.73401181500321,0,0,0,0.4,11.799999999999997,-9.399999999999991,21.19999999999999,9.95564673210528,-10.88453291406519,20.84017964617049,0
0022400360,2024-12-19,-4.12108449221482,-10.435199370948084,6.314114878733259,78.92864300381666,0,0,0,0.2,-1.2000000000000028,-6.999999999999986,5.799999999999983,-4.12108449221482,-10.435199370948084,6.314114878733259,0
0022400361,2024-12-19,-4.2598453716968265,10.017979937325663,-14.27782530902248,-58.93385261162939,2,0,0,-0.4,-8.599999999999994,6.0,-14.599999999999994,-4.2598453716968265,10.017979937325663,-14.27782530902248,0
0022400362,2024-12-19,-1.2977452713521416,1.095387824630933,-2.3931330959830817,-26.165371024617116,1,0,0,0.0,3.799999999999997,7.400000000000006,-3.6000000000000085,-1.2977452713521416,1.095387824630933,-2.3931330959830817,1
0022400363,2024-12-19,3.1409191870958466,-3.92530392323728,7.066223110333132,134.60850601011316,1,0,0,0.20000000000000007,0.8000000000000114,-6.200000000000003,7.000000000000014,3.1409191870958466,-3.92530392323728,7.066223110333132,0
0022400364,2024-12-19,-3.3365287920533575,-4.842195887708073,1.5056670956547382,-39.73952323702474,0,0,0,-0.2,1.7999999999999972,0.3999999999999915,1.4000000000000057,-3.3365287920533575,-4.842195887708073,1.5056670956547382,0
0022400365,2024-12-19,-6.242528436960853,-8.610971718616682,2.3684432816557917,201.80913380452512,1,0,0,0.2,-11.200000000000003,-13.599999999999994,2.3999999999999915,-6.242528436960853,-8.610971718616682,2.3684432816557917,1
0022400366,2024-12-19,6.982914008122833,-4.521198304568088,11.50411231269095,23.29157694411765,0,0,0,0.4,20.200000000000003,7.599999999999994,12.600000000000009,6.982914008122833,-4.521198304568088,11.50411231269095,1
0022400367,2024-12-19,-9.315307166415579,-16.480386597440003,7.165079431024424,-28.19560546808907,0,0,0,0.20000000000000007,-5.0,-13.0,8.0,-9.315307166415579,-16.480386597440003,7.165079431024424,0
0022400368,2024-12-19,10.794524908682106,2.197313338293327,8.597211570388765,50.45520483063456,1,0,0,0.4,15.0,5.799999999999997,9.200000000000003,10.794524908682106,2.197313338293327,8.597211570388765,0
0022400369,2024-12-19,7.6788013997153115,12.883446842248574,-5.2046454425332715,40.139785791911436,0,0,0,-0.19999999999999996,4.799999999999997,10.200000000000003,-5.400000000000006,7.6788013997153115,12.883446842248574,-5.2046454425332715,0
0022400370,2024-12-19,3.085090564035113,9.830332128081253,-6.745241564046136,-35.0291041671162,-1,0,0,-0.19999999999999996,-1.2000000000000028,6.0,-7.200000000000003,3.085090564035113,9.830332128081253,-6.745241564046136,1
0022400371,2024-12-19,-4.966255933873697,17.265842473413343,-22.232098407287054,-86.37053273486913,1,0,0,-0.6,-18.19999999999999,4.599999999999994,-22.799999999999983,-4.966255933873697,17.265842473413343,-22.232098407287054,1
0022400372,2024-12-19,16.694351922116013,-4.17098370374292,20.865335625858947,-38.14182055551987,-1,0,0,0.19999999999999996,19.200000000000003,-1.7999999999999972,21.0,16.694351922116013,-4.17098370374292,20.865335625858947,0
0022400373,2024-12-20,4.241740741902817,-6.864887655390817,11.106628397293633,72.06361763347945,3,0,1,0.39999999999999997,1.5999999999999943,-9.799999999999997,11.399999999999991,4.241740741902817,-6.864887655390817,11.106628397293633,1
0022400374,2024-12-20,10.118038160795521,4.537948312535747,5.580089848259789,58.58175644530547,1,0,0,0.0,11.200000000000003,5.599999999999994,5.6000000000000085,10.118038160795521,4.537948312535747,5.580089848259789,1
0022400375,2024-12-20,16.059305556675056,7.463949970263258,8.595355586411802,-89.29283351545155,3,0,1,0.0,16.200000000000003,8.200000000000003,8.0,16.059305556675056,7.463949970263258,8.595355586411802,0
0022400376,2024-12-21,13.253066543305962,4.946853786085569,8.306212757220393,-61.66550956558126,0,0,0,0.0,13.200000000000003,4.6000000000000085,8.599999999999994,13.253066543305962,4.946853786085569,8.306212757220393,0
0022400377,2024-12-21,-10.370889558178689,-1.2904548116317471,-9.080434746546942,18.314050502010332,1,0,1,-0.39999999999999997,-14.0,-5.200000000000003,-8.799999999999997,-10.370889558178689,-1.2904548116317471,-9.080434746546942,1
0022400378,2024-12-21,-13.134379365003227,10.98318199690813,-24.117561361911328,-69.10576812996669,0,0,0,-0.4,-14.999999999999986,11.0,-25.999999999999986,-13.134379365003227,10.98318199690813,-24.117561361911328,0
0022400379,2024-12-21,-7.075353300443609,-9.047931417847977,1.9725781174043826,49.30497792427559,0,0,0,0.0,-12.800000000000011,-14.0,1.1999999999999886,-7.075353300443609,-9.047931417847977,1.9725781174043826,0
0022400380,2024-12-21,11.143173960649364,2.664126518918536,8.479047441730856,139.59625802368873,0,1,1,0.0,10.399999999999991,2.0,8.399999999999991,11.143173960649364,2.664126518918536,8.479047441730856,1
0022400381,2024-12-21,-3.413385581259874,0.9976019135907279,-4.410987494850598,-102.8399527496299,0,0,0,0.0,-0.7999999999999972,3.5999999999999943,-4.3999999999999915,-3.413385581259874,0.9976019135907279,-4.410987494850598,0
0022400382,2024-12-21,1.2311478124325248,-7.511484130016953,8.742631942449487,157.39074279864394,-1,1,0,0.4,-4.0,-13.0,9.0,1.2311478124325248,-7.511484130016953,8.742631942449487,1
0022400383,2024-12-21,-0.25182010382759756,-14.78018825560629,14.52836815177872,-19.85595308698771,0,0,0,0.39999999999999997,0.5999999999999943,-15.0,15.599999999999994,-0.25182010382759756,-14.78018825560629,14.52836815177872,0
0022400384,2024-12-21,-5.3903869268319795,9.282756688911178,-14.673143615743134,-198.5076284716788,0,0,0,-0.6,-1.2000000000000028,13.799999999999997,-15.0,-5.3903869268319795,9.282756688911178,-14.673143615743134,0
0022400385,2024-12-21,10.126574913289232,6.941385649101747,3.185189264187497,22.297948367818208,0,0,0,0.19999999999999996,11.599999999999994,8.199999999999989,3.4000000000000057,10.126574913289232,6.941385649101747,3.185189264187497,1
0022400386,2024-12-21,0.46293896986394145,-5.373710312553229,5.836649282417174,37.475334454405356,0,0,0,0.39999999999999997,5.800000000000011,-0.4000000000000057,6.200000000000017,0.46293896986394145,-5.373710312553229,5.836649282417174,1
0022400387,2024-12-21,8.033488352917388,3.7532691424039797,4.280219210513389,37.69055657867011,0,0,0,0.0,-0.19999999999998863,-4.599999999999994,4.400000000000006,8.033488352917388,3.7532691424039797,4.280219210513389,0
0022400388,2024-12-22,-0.35183719201268104,8.02359620863156,-8.375433400644233,-177.4049695117867,0,0,0,-0.6,3.0,11.200000000000003,-8.200000000000003,-0.35183719201268104,8.02359620863156,-8.375433400644233,0
0022400389,2024-12-22,-5.040674073706413,-2.027354225913996,-3.013319847792423,-46.59031532182439,-2,1,0,-0.4,-4.200000000000003,-1.1999999999999886,-3.000000000000014,-5.040674073706413,-2.027354225913996,-3.013319847792423,0
0022400390,2024-12-22,-11.773644045046325,6.215046417953374,-17.988690462999706,-151.65621768921437,-2,1,0,-0.6,-18.599999999999994,0.3999999999999915,-18.999999999999986,-11.773644045046325,6.215046417953374,-17.988690462999706,0
0022400391,2024-12-23,-5.4292299414771605,7.216859299007027,-12.64608924048419,-206.57977728820106,2,0,1,-0.6000000000000001,-4.6000000000000085,8.0,-12.600000000000009,-5.4292299414771605,7.216859299007027,-12.64608924048419,0
0022400392,2024-12-23,11.811409258591198,-18.23165241418741,30.04306167277859,177.22865069317572,0,0,0,0.4,9.399999999999991,-20.80000000000001,30.200000000000003,11.811409258591198,-18.23165241418741,30.04306167277859,1
0022400393,2024-12-23,-5.345769845693724,5.811875792521633,-11.15764563821538,-66.71830959555064,0,0,0,-0.19999999999999996,-10.400000000000006,0.7999999999999972,-11.200000000000003,-5.345769845693724,5.811875792521633,-11.15764563821538,1
0022400394,2024-12-23,-2.307083549579403,3.5449495800600204,-5.85203312963944,-33.07875389377568,0,0,0,-0.20000000000000007,-7.0,-1.0,-6.0,-2.307083549579403,3.5449495800600204,-5.85203312963944,1
0022400395,2024-12-23,0.8683486401574356,6.5214758705880485,-5.653127230430622,-11.392040825963477,0,0,0,-0.2,8.0,14.600000000000009,-6.6000000000000085,0.8683486401574356,6.5214758705880485,-5.653127230430622,1
0022400396,2024-12-23,4.1164721796720585,-7.208382916011374,11.324855095683418,63.81956603709159,0,0,0,0.2,8.600000000000009,-3.0,11.600000000000009,4.1164721796720585,-7.208382916011374,11.324855095683418,1
0022400397,2024-12-23,8.084168991740313,-6.089822456223601,14.1739914479639,183.16406544631604,1,0,1,0.8,2.5999999999999943,-11.399999999999991,13.999999999999986,8.084168991740313,-6.089822456223601,14.1739914479639,1
0022400398,2024-12-23,-1.8356119522781285,3.4006059468197947,-5.236217899097897,-46.05190796257784,0,0,0,-0.20000000000000007,2.4000000000000057,7.599999999999994,-5.199999999999989,-1.8356119522781285,3.4006059468197947,-5.236217899097897,0
0022400399,2024-12-23,7.267989969858107,-9.79301519775045,17.06100516760858,56.54757248414762,0,0,0,0.4,18.80000000000001,0.0,18.80000000000001,7.267989969858107,-9.79301519775045,17.06100516760858,0
0022400400,2024-12-23,0.20499423876569267,-15.215937261537732,15.420931500303425,259.5785654375702,1,0,0,0.6000000000000001,-4.0,-20.0,16.0,0.20499423876569267,-15.215937261537732,15.420931500303425,1
0022400401,2024-12-23,5.750904941521185,-0.7576307184366442,6.508535659957812,121.41897677695101,0,0,0,0.39999999999999997,7.400000000000006,1.0,6.400000000000006,5.750904941521185,-0.7576307184366442,6.508535659957812,1
0022400402,2024-12-23,-1.5085153208104884,-12.498299939889776,10.989784619079295,35.30800932473835,-1,1,0,0.4,10.200000000000003,-2.0,12.200000000000003,-1.5085153208104884,-12.498299939889776,10.989784619079295,1
0022400403,2024-12-23,-8.196071490443956,12.187067789653767,-20.383139280097716,47.915542561367374,1,0,1,-0.4,-9.600000000000009,11.400000000000006,-21.000000000000014,-8.196071490443956,12.187067789653767,-20.383139280097716,0
0022400404,2024-12-23,-8.83509050568253,-15.619577894145806,6.784487388463253,48.71224708230329,0,0,0,0.20000000000000007,-14.0,-21.0,7.0,-8.83509050568253,-15.619577894145806,6.784487388463253,0
0022400405,2024-12-25,7.509596013774811,-1.0263734547119867,8.535969468486796,96.14382568960332,0,0,0,0.20000000000000007,2.6000000000000085,-5.799999999999997,8.400000000000006,7.509596013774811,-1.0263734547119867,8.535969468486796,1
0022400406,2024-12-25,14.568719654376267,6.9396466089096975,7.629073045466561,70.34785298446332,0,0,0,0.19999999999999996,14.0,6.3999999999999915,7.6000000000000085,14.568719654376267,6.9396466089096975,7.629073045466561,0
0022400407,2024-12-25,1.7582430976749066,-10.679167618474693,12.43741071614961,136.76643310362624,0,0,0,0.0,4.799999999999997,-7.799999999999997,12.599999999999994,1.7582430976749066,-10.679167618474693,12.43741071614961,0
0022400408,2024-12-25,2.044492506175146,14.629232174056696,-12.584739667881529,22.18701962916498,0,0,0,-0.39999999999999997,0.20000000000000284,13.800000000000011,-13.600000000000009,2.044492506175146,14.629232174056696,-12.584739667881529,0
0022400409,2024-12-25,0.40431517263399996,16.396904207603114,-15.992589034969109,-47.89032840807272,0,0,0,-0.4,-9.399999999999991,6.599999999999994,-15.999999999999986,0.40431517263399996,16.396904207603114,-15.992589034969109,1
0022400410,2024-12-26,15.43993753277978,6.65605393969804,8.783883593081754,-117.74224043992876,0,0,0,0.19999999999999996,13.799999999999997,5.6000000000000085,8.199999999999989,15.43993753277978,6.65605393969804,8.783883593081754,0
0022400411,2024-12-26,-4.77480520370689,-0.5851451856883614,-4.18966001801852,35.194133795065,0,0,0,0.0,-6.200000000000003,-2.3999999999999915,-3.8000000000000114,-4.77480520370689,-0.5851451856883614,-4.18966001801852,0
0022400412,2024-12-26,1.6133166744466365,-1.484698322653344,3.098014997099975,-3.8559840821992566,0,0,0,0.2,3.200000000000003,0.20000000000000284,3.0,1.6133166744466365,-1.484698322653344,3.098014997099975,1
0022400413,2024-12-26,3.9569561752299904,1.1418401908189963,2.81511598441098,22.49219754797764,0,0,0,-0.19999999999999996,5.599999999999994,3.200000000000003,2.3999999999999915,3.9569561752299904,1.1418401908189963,2.81511598441098,1
0022400414,2024-12-26,7.458997437789179,-13.269696205657695,20.72869364344689,179.92818232681066,0,0,0,0.6,14.600000000000009,-7.200000000000003,21.80000000000001,7.458997437789179,-13.269696205657695,20.72869364344689,1
0022400415,2024-12-26,3.888092335727265,-15.308100982094146,19.196193317821404,102.8144564495758,0,0,0,0.6000000000000001,4.400000000000006,-15.0,19.400000000000006,3.888092335727265,-15.308100982094146,19.196193317821404,0
0022400416,2024-12-26,-4.433960977249441,10.196894945052932,-14.630855922302398,-238.3908874389981,1,0,0,-0.8,0.0,14.799999999999997,-14.799999999999997,-4.433960977249441,10.196894945052932,-14.630855922302398,0
0022400417,2024-12-26,-2.741744282731787,-0.16998424884221208,-2.571760033889573,11.7172959320269,0,0,0,-0.2,-4.800000000000011,-2.200000000000003,-2.6000000000000085,-2.741744282731787,-0.16998424884221208,-2.571760033889573,1
0022400418,2024-12-26,-8.109376631310539,-3.1576238177017615,-4.95175281360877,-60.713041974045154,1,0,0,-0.39999999999999997,-11.799999999999997,-7.0,-4.799999999999997,-8.109376631310539,-3.1576238177017615,-4.95175281360877,0
0022400419,2024-12-27,-18.525180265519523,-4.7679195726975365,-13.757260692821978,-43.48239584462044,-1,1,0,-0.6,-17.19999999999999,-3.5999999999999943,-13.599999999999994,-18.525180265519523,-4.7679195726975365,-13.757260692821978,0
0022400420,2024-12-27,-8.662975292532892,-2.426863713777834,-6.236111578755052,81.86497073062446,1,0,1,-0.4,-5.0,0.7999999999999972,-5.799999999999997,-8.662975292532892,-2.426863713777834,-6.236111578755052,1
0022400421,2024-12-27,-5.94224794195236,3.1950008944590564,-9.137248836411427,-18.83091218447703,-1,1,0,0.0,-11.399999999999991,-2.0,-9.399999999999991,-5.94224794195236,3.1950008944590564,-9.137248836411427,0
0022400422,2024-12-27,9.90337885963936,-3.5868998810561834,13.490278740695526,87.8325485473647,-1,1,0,0.4,12.0,-1.5999999999999943,13.599999999999994,9.90337885963936,-3.5868998810561834,13.490278740695526,0
0022400423,2024-12-27,-12.433084399673263,16.140474671764338,-28.573559071437614,-224.5387204080589,0,1,1,-0.6,-19.400000000000006,11.0,-30.400000000000006,-12.433084399673263,16.140474671764338,-28.573559071437614,0
0022400424,2024-12-27,-7.086622127996023,9.216725238712968,-16.303347366708973,-88.18825141941306,-2,0,0,-0.4,-3.200000000000003,13.0,-16.200000000000003,-7.086622127996023,9.216725238712968,-16.303347366708973,0
0022400425,2024-12-27,-3.0307183330447742,6.612162618490444,-9.642880951535233,-62.41547345772551,0,0,0,-0.19999999999999996,-6.0,3.5999999999999943,-9.599999999999994,-3.0307183330447742,6.612162618490444,-9.642880951535233,0
0022400426,2024-12-27,-0.12966715638812332,-16.32542285713589,16.19575570074779,20.170540288491566,2,0,0,0.39999999999999997,2.799999999999997,-14.200000000000003,17.0,-0.12966715638812332,-16.32542285713589,16.19575570074779,1
0022400427,2024-12-28,6.9748032067868735,8.98566065582149,-2.01085744903462,-25.949681320126047,0,0,0,0.0,12.799999999999997,15.0,-2.200000000000003,6.9748032067868735,8.98566065582149,-2.01085744903462,1
0022400428,2024-12-28,-0.9745949206068616,12.592882023014909,-13.567476943621761,-276.9959288018872,0,0,0,-0.8,-0.3999999999999915,13.399999999999991,-13.799999999999983,-0.9745949206068616,12.592882023014909,-13.567476943621761,0
0022400429,2024-12-28,-16.69500990672404,4.838920466377203,-21.533930373101256,-220.07780796968473,1,0,1,-0.6,-12.200000000000003,9.400000000000006,-21.60000000000001,-16.69500990672404,4.838920466377203,-21.533930373101256,0
0022400430,2024-12-28,2.952776270536148,15.41401685445436,-12.461240583918212,-60.492408397210056,0,0,0,-0.19999999999999996,6.799999999999997,19.400000000000006,-12.600000000000009,2.952776270536148,15.41401685445436,-12.461240583918212,1
0022400431,2024-12-28,-4.756522317559131,-2.5793453194077784,-2.1771769981513387,35.51355806820811,0,1,1,0.0,-1.7999999999999972,1.4000000000000057,-3.200000000000003,-4.756522317559131,-2.5793453194077784,-2.1771769981513387,1
0022400432,2024-12-28,2.849867417788772,3.175429747135553,-0.32556232934678064,7.740217717556789,-1,1,0,-0.4,0.0,0.3999999999999915,-0.3999999999999915,2.849867417788772,3.175429747135553,-0.32556232934678064,1
0022400433,2024-12-28,-1.261968774139575,5.843432276881487,-7.10540105102107,-63.87129102022209,-1,0,0,-0.4,2.799999999999997,10.199999999999989,-7.3999999999999915,-1.261968774139575,5.843432276881487,-7.10540105102107,0
0022400434,2024-12-28,0.5131586328218418,13.807116331793623,-13.293957698971779,-119.79995938039997,1,0,1,-0.19999999999999996,4.3999999999999915,17.799999999999997,-13.400000000000006,0.5131586328218418,13.807116331793623,-13.293957698971779,1
0022400435,2024-12-28,6.6455209670488955,-6.800706708867139,13.446227675916045,105.85648849510085,1,0,0,0.8,5.0,-8.600000000000009,13.600000000000009,6.6455209670488955,-6.800706708867139,13.446227675916045,1
0022400436,2024-12-29,1.1912527037636522,0.6309672637050454,0.5602854400585899,81.94760004508544,0,0,0,0.0,2.6000000000000085,2.0,0.6000000000000085,1.1912527037636522,0.6309672637050454,0.5602854400585899,1
0022400437,2024-12-29,2.11018082535071,-6.929627583247694,9.039808408598418,92.25781219301962,0,0,0,-0.19999999999999996,3.799999999999997,-5.3999999999999915,9.199999999999989,2.11018082535071,-6.929627583247694,9.039808408598418,0
0022400438,2024-12-29,-10.24055853719949,1.8453033536275,-12.085861890826987,-128.61778678604105,2,0,1,-0.6,-8.0,4.6000000000000085,-12.600000000000009,-10.24055853719949,1.8453033536275,-12.085861890826987,0
0022400439,2024-12-29,12.672007254521915,0.8237893209908123,11.848217933531107,59.16454916060411,1,0,1,0.4,16.200000000000003,4.0,12.200000000000003,12.672007254521915,0.8237893209908123,11.848217933531107,0
0022400440,2024-12-29,-9.541034153850134,-0.8624877899261918,-8.678546363923955,67.87511213215294,-1,1,0,0.19999999999999996,-22.200000000000017,-12.0,-10.200000000000017,-9.541034153850134,-0.8624877899261918,-8.678546363923955,1
0022400441,2024-12-29,-1.1012475136922433,12.564297997216599,-13.665545510908851,35.65868315745638,0,0,0,-0.19999999999999996,-6.199999999999989,7.799999999999997,-13.999999999999986,-1.1012475136922433,12.564297997216599,-13.665545510908851,1
0022400442,2024-12-30,-5.250943173473871,-3.4647589622639146,-1.7861842112099682,-120.45111203067177,0,0,0,-0.4,-7.599999999999994,-6.200000000000003,-1.3999999999999915,-5.250943173473871,-3.4647589622639146,-1.7861842112099682,0
0022400443,2024-12-30,-10.076174861911426,5.08824005916658,-15.164414921078034,-233.4282468176225,0,0,0,-0.6,-6.0,9.200000000000003,-15.200000000000003,-10.076174861911426,5.08824005916658,-15.164414921078034,0
0022400444,2024-12-30,-7.623478995553953,15.244419285773688,-22.867898281327637,-206.3451201361206,0,0,0,-0.8,-1.0,22.39999999999999,-23.39999999999999,-7.623478995553953,15.244419285773688,-22.867898281327637,0
0022400445,2024-12-30,-7.5132248794459855,-3.930899559749818,-3.582325319696193,-110.36480419777718,0,0,0,-0.19999999999999996,-8.599999999999994,-5.200000000000003,-3.3999999999999915,-7.5132248794459855,-3.930899559749818,-3.582325319696193,0
0022400446,2024-12-30,-20.49647112396525,1.0097313869725753,-21.506202510937843,-98.67375330581103,-1,0,0,-0.6,-24.19999999999999,-2.5999999999999943,-21.599999999999994,-20.49647112396525,1.0097313869725753,-21.506202510937843,0
0022400447,2024-12-30,-0.0307165721000473,6.06190898987316,-6.09262556197321,-38.83898172003683,0,0,0,-0.20000000000000007,5.200000000000003,11.400000000000006,-6.200000000000003,-0.0307165721000473,6.06190898987316,-6.09262556197321,0
0022400448,2024-12-30,-8.548564790501288,10.274116406595994,-18.82268119709729,-137.7841766133106,0,0,0,-0.6,-7.0,11.799999999999997,-18.799999999999997,-8.548564790501288,10.274116406595994,-18.82268119709729,1
0022400449,2024-12-31,13.753001001401529,-10.483114907537086,24.236115908938608,200.20304889723207,0,0,0,0.4,7.0,-18.599999999999994,25.599999999999994,13.753001001401529,-10.483114907537086,24.236115908938608,1
0022400450,2024-12-31,12.692286784033854,12.196035792202863,0.49625099183098487,-7.794991911147008,-1,0,0,0.19999999999999996,6.799999999999997,6.6000000000000085,0.19999999999998863,12.692286784033854,12.196035792202863,0.49625099183098487,0
0022400451,2024-12-31,0.35692696906644983,1.3215802907511716,-0.9646533216847137,-70.83330799526038,1,0,1,-0.4,-1.4000000000000057,-0.3999999999999915,-1.0000000000000142,0.35692696906644983,1.3215802907511716,-0.9646533216847137,1
0022400452,2024-12-31,3.8807457537686503,-11.536446745389469,15.41719249915814,120.28226488324299,0,0,0,0.4,9.199999999999989,-7.0,16.19999999999999,3.8807457537686503,-11.536446745389469,15.41719249915814,1
0022400453,2024-12-31,-4.080039630707148,8.141956305217704,-12.221995935924834,-101.12036040746625,1,0,0,-0.39999999999999997,-22.400000000000006,-9.799999999999997,-12.600000000000009,-4.080039630707148,8.141956305217704,-12.221995935924834,0
0022400454,2024-12-31,-6.936989041808488,6.174926079171243,-13.111915120979754,-99.07175229385871,2,0,1,-0.19999999999999996,-11.799999999999997,1.6000000000000085,-13.400000000000006,-6.936989041808488,6.174926079171243,-13.111915120979754,0
0022400455,2025-01-01,15.280510683021646,14.19344735458462,1.0870633284370201,-38.3617058808386,1,0,0,0.0,20.0,19.200000000000003,0.7999999999999972,15.280510683021646,14.19344735458462,1.0870633284370201,1
0022400456,2025-01-01,1.7309655201467677,3.1799214304090384,-1.4489559102622565,-126.82474981426412,0,0,0,-0.2,0.8000000000000114,2.4000000000000057,-1.5999999999999943,1.7309655201467677,3.1799214304090384,-1.4489559102622565,1
0022400457,2025-01-01,1.966726963555402,-6.997496182188115,8.964223145743512,204.59972962591405,1,0,0,0.6,-8.599999999999994,-17.60000000000001,9.000000000000014,1.966726963555402,-6.997496182188115,8.964223145743512,1
0022400458,2025-01-01,10.624527367660377,-5.230174000842823,15.854701368503196,211.2245990181359,0,0,0,0.8,11.200000000000003,-4.799999999999997,16.0,10.624527367660377,-5.230174000842823,15.854701368503196,1
0022400459,2025-01-01,-0.9606141438786153,17.327165559616603,-18.287779703495225,-67.889284489886,-2,1,0,-0.2,10.200000000000003,30.200000000000017,-20.000000000000014,-0.9606141438786153,17.327165559616603,-18.287779703495225,1
0022400460,2025-01-01,2.70017320574793,-0.34615594902254543,3.046329154770467,27.928687556458954,1,0,0,0.19999999999999996,3.3999999999999915,0.20000000000000284,3.1999999999999886,2.70017320574793,-0.34615594902254543,3.046329154770467,1
0022400461,2025-01-01,2.622971430531294,5.651103583935367,-3.0281321534040986,3.30503428270481,-1,0,0,-0.20000000000000007,-1.6000000000000085,1.7999999999999972,-3.4000000000000057,2.622971430531294,5.651103583935367,-3.0281321534040986,1
0022400462,2025-01-01,-6.993405584019698,0.9588266564740024,-7.952232240493711,-78.62088965887642,0,0,0,-0.6000000000000001,-5.6000000000000085,2.200000000000003,-7.800000000000011,-6.993405584019698,0.9588266564740024,-7.952232240493711,1
0022400463,2025-01-02,-0.8678193161901504,-12.2785266470421,11.410707330851954,39.77002214776712,-1,1,0,0.4,-6.599999999999994,-18.0,11.400000000000006,-0.8678193161901504,-12.2785266470421,11.410707330851954,0
0022400464,2025-01-02,-9.482967394919726,8.445312760635332,-17.92828015555505,-52.18287116563579,0,0,0,0.19999999999999996,-12.0,5.200000000000003,-17.200000000000003,-9.482967394919726,8.445312760635332,-17.92828015555505,0
0022400465,2025-01-02,4.382019837522122,-8.73271435318432,13.114734190706452,102.59993870711719,1,0,1,0.39999999999999997,10.599999999999994,-2.3999999999999915,12.999999999999986,4.382019837522122,-8.73271435318432,13.114734190706452,0
0022400466,2025-01-02,12.293341767671507,-7.788301889762778,20.08164365743432,111.22687394891818,0,0,0,0.4,15.400000000000006,-5.200000000000003,20.60000000000001,12.293341767671507,-7.788301889762778,20.08164365743432,1
0022400467,2025-01-02,-13.308712372949302,-1.5800746411585607,-11.728637731790744,15.22557725998513,2,0,1,-0.6000000000000001,-12.200000000000003,-0.20000000000000284,-12.0,-13.308712372949302,-1.5800746411585607,-11.728637731790744,1
0022400468,2025-01-02,8.939131840336927,-3.1057464926589233,12.044878332995845,77.81554146775602,-1,0,0,0.19999999999999996,4.200000000000003,-8.0,12.200000000000003,8.939131840336927,-3.1057464926589233,12.044878332995845,1
0022400469,2025-01-03,17.190250715292123,6.642363145245696,10.547887570046433,153.911161264572,-2,0,0,0.8,15.799999999999997,5.200000000000003,10.599999999999994,17.190250715292123,6.642363145245696,10.547887570046433,1
0022400470,2025-01-03,8.90260700615623,23.47299197403818,-14.57038496788193,-142.90337702535908,0,0,0,-0.2,16.0,32.19999999999999,-16.19999999999999,8.90260700615623,23.47299197403818,-14.57038496788193,0
0022400471,2025-01-03,-15.116394845387134,-5.005587575073378,-10.110807270313767,-15.28751503580611,1,0,1,0.0,-9.799999999999997,-0.8000000000000114,-8.999999999999986,-15.116394845387134,-5.005587575073378,-10.110807270313767,0
0022400472,2025-01-03,2.029048952203695,5.936484065273746,-3.9074351130700595,-41.723594618711786,0,0,0,-0.4,0.7999999999999972,5.0,-4.200000000000003,2.029048952203695,5.936484065273746,-3.9074351130700595,1
0022400473,2025-01-03,-4.253000442114853,-4.244115707554556,-0.0088847345603007,50.082740130149205,-1,1,0,0.0,-4.200000000000003,-4.599999999999994,0.3999999999999915,-4.253000442114853,-4.244115707554556,-0.0088847345603007,1
0022400474,2025-01-03,-18.942424692966213,1.6491975201490163,-20.59162221311524,-104.09593184279674,-1,0,0,-0.8,-23.200000000000003,-2.4000000000000057,-20.799999999999997,-18.942424692966213,1.6491975201490163,-20.59162221311524,0
0022400475,2025-01-03,12.580165646122651,16.449340747362115,-3.869175101239475,41.0229458473832,-1,0,0,0.19999999999999996,18.400000000000006,21.60000000000001,-3.200000000000003,12.580165646122651,16.449340747362115,-3.869175101239475,0
0022400476,2025-01-03,-0.5556743194932778,6.359101567584659,-6.914775887077937,-148.11620805550115,-1,0,0,-0.19999999999999996,-13.400000000000006,-6.200000000000003,-7.200000000000003,-0.5556743194932778,6.359101567584659,-6.914775887077937,1
0022400477,2025-01-03,-2.852050380679131,4.006759391242738,-6.858809771921866,8.81404619423347,-1,1,0,-0.20000000000000007,-9.799999999999997,-2.5999999999999943,-7.200000000000003,-2.852050380679131,4.006759391242738,-6.858809771921866,1
0022400478,2025-01-04,-8.802089008837271,-7.262036984144515,-1.5400520246927414,-40.66945599510427,0,0,0,-0.19999999999999996,-8.799999999999997,-7.400000000000006,-1.3999999999999915,-8.802089008837271,-7.262036984144515,-1.5400520246927414,0
0022400479,2025-01-04,-6.000827301232775,-7.302692683699036,1.3018653824662634,-8.812693528454474,-1,1,0,0.20000000000000007,1.0,-0.20000000000000284,1.2000000000000028,-6.000827301232775,-7.302692683699036,1.3018653824662634,1
0022400480,2025-01-04,12.489165175615199,10.666187681727592,1.8229774938875947,53.50831492032944,-2,0,0,0.2,15.200000000000003,14.0,1.2000000000000028,12.489165175615199,10.666187681727592,1.8229774938875947,1
0022400481,2025-01-04,1.1657637787786825,-5.6336657406696276,6.79942951944831,133.7104536992956,-1,0,0,0.6,-6.199999999999989,-13.400000000000006,7.200000000000017,1.1657637787786825,-5.6336657406696276,6.79942951944831,0
0022400482,2025-01-04,-11.237937801995898,6.059048011143844,-17.296985813139734,-126.97721029594481,2,0,1,-0.4,-6.799999999999997,10.800000000000011,-17.60000000000001,-11.237937801995898,6.059048011143844,-17.296985813139734,1
0022400483,2025-01-04,-3.7293465936634504,-16.141279037302652,12.411932443639206,82.85666120250653,0,0,0,0.0,-1.4000000000000057,-14.0,12.599999999999994,-3.7293465936634504,-16.141279037302652,12.411932443639206,0
0022400484,2025-01-04,-11.08743480468118,-14.918995994060666,3.8315611893794914,-13.323285015026613,0,1,1,0.0,-19.0,-22.39999999999999,3.3999999999999915,-11.08743480468118,-14.918995994060666,3.8315611893794914,0
0022400485,2025-01-04,-6.697303566536689,-6.470119637752191,-0.2271839287844839,-54.86449106669534,1,0,1,-0.19999999999999996,-19.0,-18.0,-1.0,-6.697303566536689,-6.470119637752191,-0.2271839287844839,1
0022400486,2025-01-04,-15.074158632526874,-5.34064328670847,-9.733515345818395,31.406492801702598,1,0,1,0.0,-20.599999999999994,-11.0,-9.599999999999994,-15.074158632526874,-5.34064328670847,-9.733515345818395,1
0022400487,2025-01-05,-15.419988150261759,-6.299424011934875,-9.120564138326873,63.62779576652997,0,0,0,0.19999999999999996,-5.199999999999989,2.0,-7.199999999999989,-15.419988150261759,-6.299424011934875,-9.120564138326873,1
0022400488,2025-01-05,27.4239813402055,6.982240241981643,20.44174109822388,302.98109358011106,0,0,0,1.0,27.0,5.799999999999997,21.200000000000003,27.4239813402055,6.982240241981643,20.44174109822388,1
0022400489,2025-01-05,-3.9076615590608554,-5.985903576953362,2.078242017892509,25.047143846262543,0,0,0,0.2,1.6000000000000085,-0.7999999999999972,2.4000000000000057,-3.9076615590608554,-5.985903576953362,2.078242017892509,0
0022400490,2025-01-05,-13.234322882427264,-8.217246278088894,-5.017076604338388,124.21603027368542,1,0,1,0.2,-22.799999999999997,-17.400000000000006,-5.3999999999999915,-13.234322882427264,-8.217246278088894,-5.017076604338388,0
0022400491,2025-01-05,-11.00053981435508,-5.0157778800351736,-5.984761934319897,31.26524595855335,0,0,0,-0.4,-10.799999999999997,-5.799999999999997,-5.0,-11.00053981435508,-5.0157778800351736,-5.984761934319897,1
0022400492,2025-01-05,-6.685176679057236,-8.769052844241742,2.083876165184489,79.20765304679844,-1,1,0,0.0,-8.0,-9.600000000000009,1.6000000000000085,-6.685176679057236,-8.769052844241742,2.083876165184489,0
0022400493,2025-01-06,-0.249407157753609,-7.4422094753549,7.192802317601312,63.17677630274011,0,0,0,0.20000000000000007,-1.0,-8.199999999999989,7.199999999999989,-0.249407157753609,-7.4422094753549,7.192802317601312,1
0022400494,2025-01-06,6.584771572407178,-1.42496380515324,8.009735377560443,43.529307892539464,0,0,0,0.39999999999999997,10.0,2.0,8.0,6.584771572407178,-1.42496380515324,8.009735377560443,0
0022400495,2025-01-06,-16.42243875538277,-6.741713106826225,-9.680725648556514,-85.7277436822178,0,0,0,-0.39999999999999997,-17.200000000000003,-7.599999999999994,-9.600000000000009,-16.42243875538277,-6.741713106826225,-9.680725648556514,0
0022400496,2025-01-06,16.65885232672224,6.69551450722561,9.963337819496616,75.83657475748942,1,0,1,0.19999999999999996,26.599999999999994,16.200000000000003,10.399999999999991,16.65885232672224,6.69551450722561,9.963337819496616,0
0022400497,2025-01-06,-0.8706237692915835,16.927504393751292,-17.798128163042904,-131.02893057443725,1,0,0,0.0,-3.3999999999999915,15.599999999999994,-18.999999999999986,-0.8706237692915835,16.927504393751292,-17.798128163042904,0
0022400498,2025-01-06,4.818998836717583,12.258603867702703,-7.439605030985115,-5.312601745088841,0,0,0,0.0,11.599999999999994,18.799999999999997,-7.200000000000003,4.818998836717583,12.258603867702703,-7.439605030985115,1
0022400499,2025-01-06,2.8794426932749673,1.8859414429942518,0.9935012502807297,38.15757937203011,-1,0,0,0.2,12.0,11.200000000000003,0.7999999999999972,2.8794426932749673,1.8859414429942518,0.9935012502807297,1
0022400500,2025-01-06,9.76708888513815,10.452557111043092,-0.6854682259049438,-38.45609596746681,0,0,0,-0.19999999999999996,3.4000000000000057,4.800000000000011,-1.4000000000000057,9.76708888513815,10.452557111043092,-0.6854682259049438,1
0022400501,2025-01-06,6.38995987016817,-10.282007162554763,16.671967032722925,-50.71254640961274,-1,1,0,0.4,12.800000000000011,-4.200000000000003,17.000000000000014,6.38995987016817,-10.282007162554763,16.671967032722925,1
0022400502,2025-01-07,-9.129198501000303,-7.7091989526361,-1.419999548364208,-126.15965163416786,1,0,1,-0.2,-2.3999999999999915,-0.3999999999999915,-2.0,-9.129198501000303,-7.7091989526361,-1.419999548364208,1
0022400503,2025-01-07,1.4542315125638652,4.306212272283261,-2.851980759719402,-218.68842383466654,0,0,0,-0.2,10.799999999999997,14.200000000000003,-3.4000000000000057,1.4542315125638652,4.306212272283261,-2.851980759719402,0
0022400504,2025-01-07,-14.403963631733106,-0.42571743638738724,-13.978246195345696,-6.934754535330967,-1,1,0,-0.6,-8.599999999999994,5.599999999999994,-14.199999999999989,-14.403963631733106,-0.42571743638738724,-13.978246195345696,1
0022400505,2025-01-07,3.1610374842150577,-1.6106207853271712,4.771658269542218,-164.01404576072105,1,0,1,0.0,8.400000000000006,3.799999999999997,4.6000000000000085,3.1610374842150577,-1.6106207853271712,4.771658269542218,0
0022400506,2025-01-07,1.380090401231925,-6.529973166552935,7.910063567784863,-77.3020133019686,-1,0,0,0.0,-1.3999999999999915,-9.799999999999997,8.400000000000006,1.380090401231925,-6.529973166552935,7.910063567784863,0
0022400507,2025-01-07,0.9762178225004874,4.398235140157311,-3.422017317656847,-65.38320526228199,1,0,0,0.20000000000000007,15.800000000000011,17.200000000000003,-1.3999999999999915,0.9762178225004874,4.398235140157311,-3.422017317656847,0
0022400508,2025-01-07,-0.21400099831168973,-7.833163631395593,7.619162633083897,7.596884208202482,1,0,1,0.19999999999999996,1.3999999999999915,-6.0,7.3999999999999915,-0.21400099831168973,-7.833163631395593,7.619162633083897,0
0022400509,2025-01-08,7.088623345623361,8.674073094576158,-1.5854497489528008,-22.028754774512663,0,0,0,0.0,10.399999999999991,11.800000000000011,-1.40000000000002,7.088623345623361,8.674073094576158,-1.5854497489528008,1
0022400510,2025-01-08,12.266128977493054,4.661502123059478,7.6046268544335955,35.69001968455518,0,0,0,0.0,2.200000000000003,-4.799999999999997,7.0,12.266128977493054,4.661502123059478,7.6046268544335955,1
0022400511,2025-01-08,12.62785086277239,-7.171410507024362,19.799261369796767,215.03771484085541,0,0,0,0.2,12.600000000000009,-8.0,20.60000000000001,12.62785086277239,-7.171410507024362,19.799261369796767,1
0022400512,2025-01-08,3.134994781486867,-6.814897083059961,9.949891864546837,141.59181092950394,1,0,1,0.2,-0.4000000000000057,-10.400000000000006,10.0,3.134994781486867,-6.814897083059961,9.949891864546837,1
0022400513,2025-01-08,-6.707127951124349,8.005926807016948,-14.7130547581413,-94.96940432552174,0,0,0,-0.6000000000000001,-8.200000000000003,6.799999999999997,-15.0,-6.707127951124349,8.005926807016948,-14.7130547581413,0
0022400514,2025-01-08,3.6073240169424707,-2.11349444393025,5.720818460872707,-101.20313529979057,-1,1,0,0.0,1.0,-4.799999999999997,5.799999999999997,3.6073240169424707,-2.11349444393025,5.720818460872707,0
0022400515,2025-01-08,10.595560026979271,-0.12334590831957826,10.718905935298858,-17.452420321472346,-1,1,0,0.19999999999999996,14.399999999999991,3.799999999999997,10.599999999999994,10.595560026979271,-0.12334590831957826,10.718905935298858,1
0022400516,2025-01-08,-0.22570467410130846,0.2773410325114867,-0.5030457066128031,26.99577787709768,0,0,0,0.0,1.0,1.2000000000000028,-0.20000000000000284,-0.22570467410130846,0.2773410325114867,-0.5030457066128031,1
0022400517,2025-01-09,13.984273474264754,-14.51371458763019,28.497988061894933,296.60354127670894,0,1,1,0.8,22.599999999999994,-6.0,28.599999999999994,13.984273474264754,-14.51371458763019,28.497988061894933,1
0022400518,2025-01-09,2.7496628492849595,-10.2638065631577,13.01346941244267,32.55522288094403,-1,1,0,0.6,0.19999999999998863,-13.200000000000003,13.399999999999991,2.7496628492849595,-10.2638065631577,13.01346941244267,0
0022400519,2025-01-09,-3.0893062343003947,-6.4844079832045765,3.3951017489041733,8.060214302632176,1,0,0,0.19999999999999996,-7.6000000000000085,-10.199999999999989,2.59999999999998,-3.0893062343003947,-6.4844079832045765,3.3951017489041733,0
0022400520,2025-01-09,-3.3361610901414593,1.2647376913077153,-4.6008987814491835,-7.095864519003953,1,0,0,-0.19999999999999996,7.599999999999994,13.200000000000003,-5.6000000000000085,-3.3361610901414593,1.2647376913077153,-4.6008987814491835,0
0022400521,2025-01-09,-2.544776668052833,0.4180050719847799,-2.9627817400375935,70.24213814151904,1,0,1,-0.2,-1.0,2.200000000000003,-3.200000000000003,-2.544776668052833,0.4180050719847799,-2.9627817400375935,1
0022400522,2025-01-09,-2.6799205721020343,-2.702846673354813,0.02292610125275285,-54.125551543581196,0,0,0,-0.2,-9.800000000000011,-10.200000000000003,0.3999999999999915,-2.6799205721020343,-2.702846673354813,0.02292610125275285,1
0022400523,2025-01-09,-0.2922863252143202,-9.16141069060889,8.869124365394535,-101.35354339567402,0,0,0,0.0,4.0,-5.199999999999989,9.199999999999989,-0.2922863252143202,-9.16141069060889,8.869124365394535,0
0022400525,2025-01-10,7.989279424846586,-3.056804598158635,11.046084023005253,26.63126853960034,1,0,1,0.20000000000000007,8.799999999999997,-2.0,10.799999999999997,7.989279424846586,-3.056804598158635,11.046084023005253,1
0022400526,2025-01-10,-8.39349644683945,3.042483941596288,-11.43598038843576,-0.22133335027228895,-1,1,0,-0.19999999999999996,-19.0,-6.799999999999997,-12.200000000000003,-8.39349644683945,3.042483941596288,-11.43598038843576,0
0022400527,2025-01-10,-1.6007441337835218,-1.3075256561972282,-0.29321847758628206,155.15468606234845,0,0,0,0.0,-0.8000000000000114,-0.4000000000000057,-0.4000000000000057,-1.6007441337835218,-1.3075256561972282,-0.29321847758628206,0
0022400528,2025-01-10,4.947292371884174,-1.3816276380914587,6.328920009975617,138.98656937368787,-1,0,0,-0.19999999999999996,-10.199999999999989,-14.800000000000011,4.600000000000023,4.947292371884174,-1.3816276380914587,6.328920009975617,0
0022400529,2025-01-10,-1.3634103697047948,7.495363099357107,-8.858773469061896,-82.40049128838768,0,0,0,-0.4,-3.0,5.799999999999997,-8.799999999999997,-1.3634103697047948,7.495363099357107,-8.858773469061896,0
0022400530,2025-01-10,0.13846204187797184,-5.25487847791743,5.393340519795396,149.60341248954705,0,0,0,0.39999999999999997,6.0,1.0,5.0,0.13846204187797184,-5.25487847791743,5.393340519795396,1
0022400531,2025-01-10,13.54101595815915,-7.37751936706276,20.918535325221896,113.86255867273758,0,0,0,0.39999999999999997,17.19999999999999,-4.799999999999997,21.999999999999986,13.54101595815915,-7.37751936706276,20.918535325221896,1
0022400533,2025-01-11,3.698172149118662,11.668419383811397,-7.970247234692726,63.12949645208005,0,0,0,0.0,-0.20000000000000284,8.0,-8.200000000000003,3.698172149118662,11.668419383811397,-7.970247234692726,1
0022400534,2025-01-11,-4.602464899816965,-18.57896253066933,13.976497630852375,156.88962918252741,0,0,0,0.6000000000000001,-0.5999999999999943,-14.400000000000006,13.800000000000011,-4.602464899816965,-18.57896253066933,13.976497630852375,1
0022400535,2025-01-11,-0.12775809680302075,-1.0932520101642211,0.9654939133612174,-18.629916189929872,0,0,0,0.19999999999999996,-12.200000000000003,-13.0,0.7999999999999972,-0.12775809680302075,-1.0932520101642211,0.9654939133612174,0
0022400536,2025-01-11,5.9237092061699315,-1.785607239240278,7.709316445410209,-75.8675659236178,0,0,0,0.0,2.4000000000000057,-5.200000000000003,7.6000000000000085,5.9237092061699315,-1.785607239240278,7.709316445410209,0
0022400539,2025-01-12,-2.0630148847200473,13.739756459274332,-15.80277134399438,38.79367274014089,0,0,0,-0.39999999999999997,-6.0,10.0,-16.0,-2.0630148847200473,13.739756459274332,-15.80277134399438,1
0022400540,2025-01-12,-1.478557811990612,7.2688935332598845,-8.74745134525051,-2.02108211320342,1,0,0,-0.19999999999999996,-5.599999999999994,4.200000000000003,-9.799999999999997,-1.478557811990612,7.2688935332598845,-8.74745134525051,0
0022400541,2025-01-12,-2.500378256180042,6.5944882919934855,-9.09486654817353,8.019100163146959,0,0,0,-0.4,-1.2000000000000028,8.200000000000003,-9.400000000000006,-2.500378256180042,6.5944882919934855,-9.09486654817353,0
0022400542,2025-01-12,1.6822699148364109,0.23765468241782628,1.4446152324185733,241.8131774346332,0,0,0,0.0,-5.6000000000000085,-6.0,0.3999999999999915,1.6822699148364109,0.23765468241782628,1.4446152324185733,1
0022400543,2025-01-12,1.374503346218276,7.041034397805674,-5.666531051587382,115.55025548731078,1,0,0,0.0,5.6000000000000085,10.799999999999997,-5.199999999999989,1.374503346218276,7.041034397805674,-5.666531051587382,0
0022400544,2025-01-12,-4.1831129801242355,-5.66142323859772,1.4783102584734564,33.68950615046242,0,0,0,0.0,-11.0,-11.799999999999997,0.7999999999999972,-4.1831129801242355,-5.66142323859772,1.4783102584734564,1
0022400545,2025-01-12,-10.133597487711356,18.349498207904915,-28.483095695616264,-338.8549275045225,0,0,0,-0.8,-9.600000000000009,19.39999999999999,-29.0,-10.133597487711356,18.349498207904915,-28.483095695616264,0
0022400546,2025-01-12,10.54492351303466,-9.962231021300312,20.507154534334965,-11.306688702285555,-1,1,0,0.2,10.200000000000003,-11.199999999999989,21.39999999999999,10.54492351303466,-9.962231021300312,20.507154534334965,1
0022400547,2025-01-12,16.74823041036717,13.129225514049196,3.619004896317972,118.96571755056584,-4,1,0,0.39999999999999997,8.399999999999991,4.6000000000000085,3.799999999999983,16.74823041036717,13.129225514049196,3.619004896317972,1
0022400548,2025-01-13,-9.350629557030246,14.75226375751194,-24.102893314542214,-193.3351575732388,-1,1,0,-0.6,-6.6000000000000085,18.0,-24.60000000000001,-9.350629557030246,14.75226375751194,-24.102893314542214,0
0022400549,2025-01-13,1.4686780704253124,8.739040674292667,-7.270362603867351,57.59404347702548,-1,1,0,-0.4,-0.8000000000000114,6.6000000000000085,-7.40000000000002,1.4686780704253124,8.739040674292667,-7.270362603867351,0
0022400550,2025-01-13,6.066911674308201,9.383426842362908,-3.316515168054707,-148.81875852499684,-1,0,0,-0.4,3.5999999999999943,6.6000000000000085,-3.000000000000014,6.066911674308201,9.383426842362908,-3.316515168054707,1
0022400551,2025-01-13,-0.6033961276413748,-3.749310664102154,3.145914536460771,20.019816519453798,2,0,0,0.4,-7.6000000000000085,-11.400000000000006,3.799999999999997,-0.6033961276413748,-3.749310664102154,3.145914536460771,1
0022400552,2025-01-13,7.391838852853141,12.018074374783026,-4.6262355219299165,37.93437313042091,1,0,0,0.0,-1.2000000000000028,2.8000000000000114,-4.000000000000014,7.391838852853141,12.018074374783026,-4.6262355219299165,0
0022400553,2025-01-13,-3.448724430729044,8.61063243223657,-12.059356862965595,-5.785092910620733,3,0,0,-0.39999999999999997,-4.799999999999997,6.0,-10.799999999999997,-3.448724430729044,8.61063243223657,-12.059356862965595,1
0022400554,2025-01-14,-1.5779233811437052,-12.938624226215296,11.360700845071605,-84.52207727654445,0,0,0,0.19999999999999996,-3.799999999999997,-14.799999999999997,11.0,-1.5779233811437052,-12.938624226215296,11.360700845071605,0
0022400555,2025-01-14,-6.211278460302566,7.355973369586394,-13.567251829888969,-212.0759039009738,0,0,0,-0.4,-12.200000000000003,1.7999999999999972,-14.0,-6.211278460302566,7.355973369586394,-13.567251829888969,0
0022400556,2025-01-14,-7.722512599181968,9.555083519829296,-17.277596119011278,26.711340276547162,3,0,0,-0.6000000000000001,-0.7999999999999972,17.0,-17.799999999999997,-7.722512599181968,9.555083519829296,-17.277596119011278,1
0022400557,2025-01-14,10.248912726874835,3.1337598926184,7.1151528342564125,132.21807079169344,0,0,0,0.19999999999999996,14.799999999999997,7.599999999999994,7.200000000000003,10.248912726874835,3.1337598926184,7.1151528342564125,0
0022400558,2025-01-14,-7.245625075956539,3.7419418728456293,-10.987566948802181,28.165205394395343,0,0,0,-0.4,-12.399999999999991,-1.2000000000000028,-11.199999999999989,-7.245625075956539,3.7419418728456293,-10.987566948802181,1
0022400559,2025-01-14,-2.557017382070782,8.87026614650837,-11.427283528579181,-27.516295235303232,0,0,0,-0.4,-5.599999999999994,7.0,-12.599999999999994,-2.557017382070782,8.87026614650837,-11.427283528579181,0
0022400560,2025-01-14,11.417046066706746,-2.5826107804184915,13.999656847125218,36.5309970277433,1,0,0,0.4,8.199999999999989,-5.799999999999997,13.999999999999986,11.417046066706746,-2.5826107804184915,13.999656847125218,0
0022400561,2025-01-15,-8.28155457405353,0.1747048852846831,-8.456259459338222,-103.46487712598832,-1,1,0,-0.2,-8.400000000000006,0.0,-8.400000000000006,-8.28155457405353,0.1747048852846831,-8.456259459338222,0
0022400562,2025-01-15,1.751692483751782,13.708933756495796,-11.957241272744023,-227.63818216706818,-1,0,0,-0.39999999999999997,2.0,13.200000000000003,-11.200000000000003,1.751692483751782,13.708933756495796,-11.957241272744023,1
0022400563,2025-01-15,4.025892293188349,-6.017681795458131,10.04357408864647,-46.47143628001254,0,1,1,0.0,5.800000000000011,-4.799999999999997,10.600000000000009,4.025892293188349,-6.017681795458131,10.04357408864647,0
0022400564,2025-01-15,13.242480675511814,5.43412505178469,7.808355623727124,19.745630452536716,-2,1,0,0.4,20.0,11.799999999999997,8.200000000000003,13.242480675511814,5.43412505178469,7.808355623727124,1
0022400565,2025-01-15,11.835815826863566,-7.109663778862611,18.94547960572617,39.51337463987602,0,0,0,0.6000000000000001,12.0,-6.799999999999997,18.799999999999997,11.835815826863566,-7.109663778862611,18.94547960572617,0
0022400566,2025-01-15,1.902371407505612,1.9039050720291755,-0.0015336645235493052,-142.38606046056816,0,1,1,0.0,3.799999999999997,2.799999999999997,1.0,1.902371407505612,1.9039050720291755,-0.0015336645235493052,1
0022400567,2025-01-15,-2.946302199063723,-1.955547795121447,-0.9907544039422732,-68.21965059710305,0,0,0,0.0,-5.400000000000006,-4.0,-1.4000000000000057,-2.946302199063723,-1.955547795121447,-0.9907544039422732,0
0022400568,2025-01-15,0.11202785510424462,-10.094694381151996,10.206722236256244,-37.316765795237416,-1,1,0,0.0,1.4000000000000057,-8.599999999999994,10.0,0.11202785510424462,-10.094694381151996,10.206722236256244,0
0022400569,2025-01-15,3.6821482362599056,0.9529712235078449,2.7291770127520523,56.51163398989502,0,0,0,0.2,0.20000000000000284,-2.8000000000000114,3.000000000000014,3.6821482362599056,0.9529712235078449,2.7291770127520523,0
0022400570,2025-01-15,8.221995695399073,18.920603261346912,-10.698607565947857,-25.11457475021848,0,0,0,-0.19999999999999996,0.20000000000000284,10.200000000000003,-10.0,8.221995695399073,18.920603261346912,-10.698607565947857,1
0022400571,2025-01-15,-1.747139542794912,-5.804693882886184,4.057554340091269,121.61410245098182,1,0,1,0.2,0.4000000000000057,-4.6000000000000085,5.000000000000014,-1.747139542794912,-5.804693882886184,4.057554340091269,1
0022400572,2025-01-16,1.2797113515128302,4.975740736544978,-3.6960293850321566,-14.973344628210043,1,0,0,0.0,1.4000000000000057,5.0,-3.5999999999999943,1.2797113515128302,4.975740736544978,-3.6960293850321566,0
0022400573,2025-01-16,-14.226318882632725,10.095259301381901,-24.32157818401464,-146.59308106260187,1,0,0,-0.6,-11.399999999999991,13.399999999999991,-24.799999999999983,-14.226318882632725,10.095259301381901,-24.32157818401464,0
0022400574,2025-01-16,0.5909601365881372,-12.932386602116509,13.523346738704646,31.085546436889672,0,0,0,0.0,2.200000000000003,-11.799999999999997,14.0,0.5909601365881372,-12.932386602116509,13.523346738704646,1
0022400575,2025-01-16,0.7228245473592807,19.524353749676692,-18.801529202317415,-116.92703966211207,1,0,1,-0.39999999999999997,-3.5999999999999943,16.400000000000006,-20.0,0.7228245473592807,19.524353749676692,-18.801529202317415,0
0022400576,2025-01-16,-8.144731924440208,-5.576030540954278,-2.5687013834859354,-115.20172709066924,1,0,1,-0.19999999999999996,-3.200000000000003,-1.0,-2.200000000000003,-8.144731924440208,-5.576030540954278,-2.5687013834859354,1
0022400577,2025-01-17,2.1792293177631024,2.2682030046467787,-0.08897368688369056,74.77218507783823,0,0,0,0.0,5.799999999999997,5.200000000000003,0.5999999999999943,2.1792293177631024,2.2682030046467787,-0.08897368688369056,1
0022400578,2025-01-17,6.3663185164532905,8.058089243002769,-1.6917707265494704,54.4365416999035,0,0,0,0.0,5.800000000000011,7.599999999999994,-1.799999999999983,6.3663185164532905,8.058089243002769,-1.6917707265494704,0
0022400579,2025-01-17,-9.30982251928745,-3.6697688791382745,-5.640053640149193,-24.867412673083436,0,0,0,-0.20000000000000007,-10.399999999999991,-4.400000000000006,-5.999999999999986,-9.30982251928745,-3.6697688791382745,-5.640053640149193,0
0022400580,2025-01-17,-0.04139271714871029,-8.09734559313948,8.055952875990759,158.94525803251918,0,0,0,0.4,7.199999999999989,-1.2000000000000028,8.399999999999991,-0.04139271714871029,-8.09734559313948,8.055952875990759,1
0022400581,2025-01-17,7.364918661201131,4.262782652843796,3.102136008357334,-17.06677176206358,0,0,0,0.39999999999999997,7.400000000000006,4.0,3.4000000000000057,7.364918661201131,4.262782652843796,3.102136008357334,1
0022400582,2025-01-17,-5.984018913345295,2.458101778037374,-8.442120691382677,-90.04398933392554,0,0,0,-0.39999999999999997,-8.199999999999989,1.0,-9.199999999999989,-5.984018913345295,2.458101778037374,-8.442120691382677,0
0022400583,2025-01-17,-12.58532777337794,6.060089005677668,-18.645416779055605,-197.10395971217758,1,0,1,-0.4,-17.0,3.200000000000003,-20.200000000000003,-12.58532777337794,6.060089005677668,-18.645416779055605,1
0022400584,2025-01-17,4.699780216194313,5.616649602634197,-0.9168693864399046,88.79633532395383,0,0,0,-0.2,6.6000000000000085,7.6000000000000085,-1.0,4.699780216194313,5.616649602634197,-0.9168693864399046,0
0022400585,2025-01-17,14.019900830547542,3.957431981113814,10.062468849433705,99.82193547527436,0,0,0,0.2,7.400000000000006,-3.200000000000003,10.600000000000009,14.019900830547542,3.957431981113814,10.062468849433705,1
0022400586,2025-01-18,-9.51655398822453,-7.553778451707103,-1.9627755365174377,42.054827499821386,0,0,0,-0.20000000000000007,-8.0,-6.0,-2.0,-9.51655398822453,-7.553778451707103,-1.9627755365174377,0
0022400587,2025-01-18,2.1645340160632287,-2.2605814584487973,4.425115474511989,64.17799528027399,-2,1,0,0.0,-4.6000000000000085,-8.600000000000009,4.0,2.1645340160632287,-2.2605814584487973,4.425115474511989,0
0022400588,2025-01-18,0.7659705026019878,-13.652832872066227,14.418803374668222,111.6409496412466,-1,0,0,0.6000000000000001,5.799999999999997,-8.799999999999997,14.599999999999994,0.7659705026019878,-13.652832872066227,14.418803374668222,1
0022400589,2025-01-18,4.52180751775208,-9.425598842566956,13.947406360319047,191.05428621050623,1,0,0,0.4,-2.8000000000000114,-17.599999999999994,14.799999999999983,4.52180751775208,-9.425598842566956,13.947406360319047,1
0022400590,2025-01-18,4.807231943089235,-6.596748702266368,11.403980645355595,-115.25482797721975,-1,1,0,0.0,-3.0,-14.0,11.0,4.807231943089235,-6.596748702266368,11.403980645355595,0
0022400591,2025-01-18,-15.772916369682335,3.8557884239462936,-19.62870479362862,-180.5932224780463,0,0,0,-0.6000000000000001,-19.599999999999994,0.20000000000000284,-19.799999999999997,-15.772916369682335,3.8557884239462936,-19.62870479362862,0
0022400592,2025-01-19,-3.6150952644870955,-7.836097683857105,4.221002419369995,36.69310028349537,0,0,0,0.2,-6.599999999999994,-11.400000000000006,4.800000000000011,-3.6150952644870955,-7.836097683857105,4.221002419369995,1
0022400593,2025-01-19,-20.085162183208183,3.3119265383649577,-23.397088721573134,-57.12421088890642,0,0,0,-0.6000000000000001,-21.799999999999997,1.7999999999999972,-23.599999999999994,-20.085162183208183,3.3119265383649577,-23.397088721573134,0
0022400594,2025-01-19,8.423107431051221,-7.092179243888253,15.515286674939468,97.80487793180737,1,0,1,0.8,12.0,-3.799999999999997,15.799999999999997,8.423107431051221,-7.092179243888253,15.515286674939468,1
0022400595,2025-01-19,14.709432727109913,-15.529657521117187,30.23909024822713,272.17919287754125,0,0,0,0.6000000000000001,19.200000000000003,-12.0,31.200000000000003,14.709432727109913,-15.529657521117187,30.23909024822713,1
0022400596,2025-01-19,-0.6445444172050685,-23.8895724720023,23.245028054797245,35.227780062716874,1,0,0,0.19999999999999996,5.800000000000011,-16.80000000000001,22.600000000000023,-0.6445444172050685,-23.8895724720023,23.245028054797245,1
0022400597,2025-01-19,-12.580455759659671,7.132583131096695,-19.713038890756355,-29.690260984373708,-1,1,0,-0.2,-14.400000000000006,5.6000000000000085,-20.000000000000014,-12.580455759659671,7.132583131096695,-19.713038890756355,1
0022400598,2025-01-19,9.891515668221913,-13.167331316422064,23.05884698464397,189.47954079281226,2,0,1,0.8,13.0,-10.999999999999986,23.999999999999986,9.891515668221913,-13.167331316422064,23.05884698464397,1
0022400599,2025-01-20,6.1943945482813945,2.4689862771404876,3.725408271140887,-128.72594123751333,0,0,0,0.19999999999999996,7.200000000000003,3.200000000000003,4.0,6.1943945482813945,2.4689862771404876,3.725408271140887,1
0022400600,2025-01-20,7.409485923485477,-1.750761566440147,9.160247489925636,96.26715804971923,0,0,0,0.4,9.399999999999991,0.0,9.399999999999991,7.409485923485477,-1.750761566440147,9.160247489925636,0
0022400601,2025-01-20,-2.933640279113945,-5.87084672462494,2.937206445510963,59.575949623608494,1,0,0,0.19999999999999996,7.200000000000003,3.799999999999997,3.4000000000000057,-2.933640279113945,-5.87084672462494,2.937206445510963,1
0022400602,2025-01-20,5.3874223542409965,10.702363863895215,-5.314941509654216,22.28954032468141,1,0,0,-0.4,-1.2000000000000028,4.200000000000003,-5.400000000000006,5.3874223542409965,10.702363863895215,-5.314941509654216,1
0022400603,2025-01-20,-2.9821929362997963,3.3616474946839645,-6.3438404309837635,164.12986090685877,0,0,0,-0.20000000000000007,-3.200000000000003,3.4000000000000057,-6.6000000000000085,-2.9821929362997963,3.3616474946839645,-6.3438404309837635,1
0022400604,2025-01-20,2.419868734097534,2.438275218009693,-0.018406483912156046,-62.08012479842296,0,0,0,0.19999999999999996,-1.5999999999999943,-2.200000000000003,0.6000000000000085,2.419868734097534,2.438275218009693,-0.018406483912156046,0
0022400605,2025-01-20,11.053942148675574,-0.4337430872983816,11.48768523597397,-1.7521404185799838,0,0,0,0.6000000000000001,14.200000000000003,2.4000000000000057,11.799999999999997,11.053942148675574,-0.4337430872983816,11.48768523597397,1
0022400611,2025-01-20,7.72358198907375,-18.336970022798994,26.060552011872776,128.28087407312046,0,1,1,0.8,4.200000000000003,-21.799999999999997,26.0,7.72358198907375,-18.336970022798994,26.060552011872776,0
0022400606,2025-01-21,-18.07474956093617,1.318130454604173,-19.39288001554035,-160.57888459364813,1,0,1,-0.39999999999999997,-18.0,1.2000000000000028,-19.200000000000003,-18.07474956093617,1.318130454604173,-19.39288001554035,0
0022400607,2025-01-21,13.528441478348512,-2.332242963290639,15.860684441639146,99.12161160547225,0,0,0,0.2,9.799999999999997,-6.400000000000006,16.200000000000003,13.528441478348512,-2.332242963290639,15.860684441639146,0
0022400608,2025-01-21,15.385946153189565,5.081963771711742,10.30398238147784,-112.9259502801583,2,0,0,0.2,13.799999999999997,3.799999999999997,10.0,15.385946153189565,5.081963771711742,10.30398238147784,1
0022400609,2025-01-21,11.292960726416197,-8.048761231655718,19.3417219580719,128.86358407489183,0,0,0,0.8,10.599999999999994,-8.799999999999997,19.39999999999999,11.292960726416197,-8.048761231655718,19.3417219580719,1
0022400610,2025-01-21,5.797460023005044,-1.523180761211691,7.320640784216733,200.8241546437862,0,0,0,0.4,-3.5999999999999943,-12.400000000000006,8.800000000000011,5.797460023005044,-1.523180761211691,7.320640784216733,1
0022400612,2025-01-22,0.3115865679139773,1.0158184717521124,-0.7042319038381493,7.074000241025033,0,0,0,0.0,0.20000000000000284,0.5999999999999943,-0.3999999999999915,0.3115865679139773,1.0158184717521124,-0.7042319038381493,0
0022400613,2025-01-22,-12.821424515390774,-0.6680044651077708,-12.153420050283009,-93.24318518955033,-1,1,0,-0.39999999999999997,-17.599999999999994,-5.800000000000011,-11.799999999999983,-12.821424515390774,-0.6680044651077708,-12.153420050283009,0
0022400614,2025-01-22,-15.137881845202486,-4.8235124691630915,-10.314369376039394,-20.80520354254054,0,0,0,-0.2,-9.399999999999991,0.8000000000000114,-10.200000000000003,-15.137881845202486,-4.8235124691630915,-10.314369376039394,0
0022400615,2025-01-22,2.5050621722083832,-1.1328791082203225,3.6379412804287026,-72.2620254218466,0,0,0,0.0,4.0,0.0,4.0,2.5050621722083832,-1.1328791082203225,3.6379412804287026,1
0022400616,2025-01-22,6.858337183885695,1.3786720641124504,5.47966511977323,198.8670406291244,0,0,0,0.0,8.400000000000006,2.799999999999997,5.6000000000000085,6.858337183885695,1.3786720641124504,5.47966511977323,1
0022400618,2025-01-22,11.079983178514567,-12.906775178338975,23.98675835685353,304.2743936601262,1,0,0,0.6000000000000001,8.199999999999989,-16.60000000000001,24.799999999999997,11.079983178514567,-12.906775178338975,23.98675835685353,1
0022400619,2025-01-22,9.403950402155488,-6.6419087876952005,16.0458591898507,6.382523796592523,1,0,0,0.4,17.599999999999994,1.3999999999999915,16.200000000000003,9.403950402155488,-6.6419087876952005,16.0458591898507,1
0022400620,2025-01-22,-2.5368141706614864,-11.683165926968357,9.146351756306872,-40.83336439359823,0,0,0,0.20000000000000007,-2.0,-11.800000000000011,9.800000000000011,-2.5368141706614864,-11.683165926968357,9.146351756306872,0
0022400621,2025-01-23,-1.0415912699066041,-20.002445963542215,18.960854693635625,100.06209433110098,1,0,0,0.6000000000000001,-1.2000000000000028,-20.400000000000006,19.200000000000003,-1.0415912699066041,-20.002445963542215,18.960854693635625,0
0022400622,2025-01-23,-8.255460364191052,-1.5749586482185975,-6.6805017159724684,48.09062488417476,0,0,0,-0.2,-10.200000000000003,-4.0,-6.200000000000003,-8.255460364191052,-1.5749586482185975,-6.6805017159724684,0
0022400623,2025-01-23,-7.733921311629956,-7.401794036045459,-0.3321272755845086,129.88205491541544,-1,1,0,0.0,3.200000000000003,3.0,0.20000000000000284,-7.733921311629956,-7.401794036045459,-0.3321272755845086,0
0022400624,2025-01-23,6.127554185853299,-7.689850716029511,13.817404901882789,47.91765641562324,2,0,0,0.6000000000000001,11.400000000000006,-2.6000000000000085,14.000000000000014,6.127554185853299,-7.689850716029511,13.817404901882789,1
0022400625,2025-01-23,13.887649641749064,-2.459365160274672,16.347014802023725,198.5997221841278,0,1,1,0.6000000000000001,12.0,-4.599999999999994,16.599999999999994,13.887649641749064,-2.459365160274672,16.347014802023725,0
0022400626,2025-01-23,7.819400041600204,-1.2589006964101657,9.078300738010364,61.251671895828395,1,0,1,0.0,-0.20000000000000284,-8.799999999999997,8.599999999999994,7.819400041600204,-1.2589006964101657,9.078300738010364,1
0022400628,2025-01-23,3.740172115267953,7.545647506401181,-3.8054753911332284,46.301726382665265,-2,1,0,0.2,-0.5999999999999943,3.0,-3.5999999999999943,3.740172115267953,7.545647506401181,-3.8054753911332284,1
0022400629,2025-01-23,-5.158738865529926,7.708941629949365,-12.867680495479302,-81.56274141124436,1,0,1,0.0,-8.200000000000003,3.5999999999999943,-11.799999999999997,-5.158738865529926,7.708941629949365,-12.867680495479302,1
0022400983,2025-01-23,10.89403489188362,-20.901695792022878,31.795730683906484,224.19507023633105,-1,1,0,0.6,8.200000000000003,-23.799999999999997,32.0,10.89403489188362,-20.901695792022878,31.795730683906484,1
0022400630,2025-01-24,7.8498873038284245,7.789952378026726,0.059934925801724104,-58.608056732036175,1,0,1,0.0,12.599999999999994,12.200000000000003,0.3999999999999915,7.8498873038284245,7.789952378026726,0.059934925801724104,0
0022400631,2025-01-24,-8.675634820704559,12.897312683953828,-21.572947504658416,-215.8441243012919,1,0,0,-0.6,-10.0,11.200000000000003,-21.200000000000003,-8.675634820704559,12.897312683953828,-21.572947504658416,1
0022400632,2025-01-24,4.191188681374413,-1.5880591584416521,5.779247839816077,201.78227870145724,-2,0,0,0.0,2.200000000000003,-3.6000000000000085,5.800000000000011,4.191188681374413,-1.5880591584416521,5.779247839816077,1
0022400633,2025-01-25,8.576727008744015,10.298486334924931,-1.7217593261808872,-69.66960771759614,0,0,0,-0.19999999999999996,7.799999999999997,9.399999999999991,-1.5999999999999943,8.576727008744015,10.298486334924931,-1.7217593261808872,0
0022400634,2025-01-25,-8.493286613516034,0.9947740216456111,-9.488060635161665,-49.36082732892305,1,0,0,-0.4,-12.200000000000003,-2.3999999999999915,-9.800000000000011,-8.493286613516034,0.9947740216456111,-9.488060635161665,1
0022400635,2025-01-25,-4.627264131975593,4.257272367367648,-8.8845364993432,-83.82887303655434,0,0,0,-0.19999999999999996,-2.3999999999999915,5.800000000000011,-8.200000000000003,-4.627264131975593,4.257272367367648,-8.8845364993432,0
0022400636,2025-01-25,-19.951418560714643,-5.760069041751493,-14.191349518963175,-107.52817633037648,1,0,0,-0.2,-20.80000000000001,-7.199999999999989,-13.600000000000023,-19.951418560714643,-5.760069041751493,-14.191349518963175,0
0022400637,2025-01-25,-7.126447469409484,-3.8304083650133265,-3.296039104396172,-11.349828997431814,0,1,1,-0.20000000000000007,-10.799999999999997,-7.200000000000003,-3.5999999999999943,-7.126447469409484,-3.8304083650133265,-3.296039104396172,1
0022400638,2025-01-25,-15.037638781214127,9.05963079300598,-24.097269574220103,-70.62325114779333,-1,0,0,-0.6,-21.400000000000006,2.200000000000003,-23.60000000000001,-15.037638781214127,9.05963079300598,-24.097269574220103,1
0022400639,2025-01-25,-9.898748400556386,-5.652343121379317,-4.246405279177088,98.2927965548231,0,0,0,-0.4,1.0,4.799999999999997,-3.799999999999997,-9.898748400556386,-5.652343121379317,-4.246405279177088,0
0022400640,2025-01-25,2.6336270664936023,5.737586343279347,-3.1039592767857553,40.639407844233574,-2,1,0,-0.19999999999999996,1.5999999999999943,5.200000000000003,-3.6000000000000085,2.6336270664936023,5.737586343279347,-3.1039592767857553,0
0022400641,2025-01-25,-0.8760403663104341,1.9015289508334376,-2.777569317143872,67.229195508663,2,0,0,0.0,-11.0,-8.400000000000006,-2.5999999999999943,-0.8760403663104341,1.9015289508334376,-2.777569317143872,1
0022400642,2025-01-25,-8.055945623223721,-13.038448447683635,4.982502824459939,-9.920658370139108,1,0,1,0.0,-6.799999999999997,-11.600000000000009,4.800000000000011,-8.055945623223721,-13.038448447683635,4.982502824459939,0
0022400643,2025-01-25,16.358178846546053,-2.7532871303958615,19.11146597694193,219.29191718459197,-2,1,0,0.8,13.599999999999994,-6.200000000000003,19.799999999999997,16.358178846546053,-2.7532871303958615,19.11146597694193,1
0022400644,2025-01-25,1.077358038891262,11.7759749059978,-10.698616867106551,-24.856892853128556,0,0,0,-0.20000000000000007,4.400000000000006,14.799999999999997,-10.399999999999991,1.077358038891262,11.7759749059978,-10.698616867106551,0
0022400645,2025-01-25,14.373599015833264,-1.5722445218953567,15.945843537728612,196.42778837195488,1,0,0,0.6,10.800000000000011,-5.6000000000000085,16.40000000000002,14.373599015833264,-1.5722445218953567,15.945843537728612,1
0022400646,2025-01-25,-13.145899424662545,-1.5239191506037173,-11.621980274058826,-20.65213694766794,0,0,0,-0.4,-14.799999999999997,-2.4000000000000057,-12.399999999999991,-13.145899424662545,-1.5239191506037173,-11.621980274058826,1
0022400647,2025-01-26,-9.099389968848286,-6.574564918183782,-2.524825050664518,-209.71794273431215,-1,0,0,0.20000000000000007,-12.400000000000006,-9.200000000000003,-3.200000000000003,-9.099389968848286,-6.574564918183782,-2.524825050664518,0
0022400648,2025-01-27,-1.9571643165742643,2.1637750547981796,-4.120939371372435,-151.85022237864086,0,0,0,-0.20000000000000007,5.0,9.0,-4.0,-1.9571643165742643,2.1637750547981796,-4.120939371372435,0
0022400649,2025-01-27,15.229752968423838,9.65953026123917,5.5702227071847,98.20599752632756,0,0,0,0.0,11.0,5.599999999999994,5.400000000000006,15.229752968423838,9.65953026123917,5.5702227071847,1
0022400650,2025-01-27,-2.3594264461570447,-7.2237451202149,4.864318674057858,-16.24404199536093,0,0,0,0.0,-3.4000000000000057,-8.0,4.599999999999994,-2.3594264461570447,-7.2237451202149,4.864318674057858,0
0022400651,2025-01-27,-17.739019636276964,-3.84576699245315,-13.893252643823807,-124.34824593808139,0,0,0,-0.6,-28.60000000000001,-15.399999999999991,-13.200000000000017,-17.739019636276964,-3.84576699245315,-13.893252643823807,0
0022400652,2025-01-27,12.328280389232916,3.0440916571023564,9.284188732130563,29.34424882336748,0,0,0,0.2,12.599999999999994,4.199999999999989,8.400000000000006,12.328280389232916,3.0440916571023564,9.284188732130563,1
0022400653,2025-01-27,-7.440688618292384,3.2856179731249995,-10.72630659141739,-17.986478945242425,0,0,0,-0.19999999999999996,-11.800000000000011,-1.4000000000000057,-10.400000000000006,-7.440688618292384,3.2856179731249995,-10.72630659141739,1
0022400654,2025-01-27,-0.7088479346697625,-13.092608810113191,12.383760875443437,38.78666366708353,0,0,0,0.20000000000000007,-5.200000000000003,-17.400000000000006,12.200000000000003,-0.7088479346697625,-13.092608810113191,12.383760875443437,1
0022400655,2025-01-27,-17.43156615205322,-0.17105360567083494,-17.260512546382405,-143.6670708454394,0,0,0,-0.6000000000000001,-17.200000000000003,-0.19999999999998863,-17.000000000000014,-17.43156615205322,-0.17105360567083494,-17.260512546382405,1
0022400656,2025-01-27,19.12104406073739,3.510446196706809,15.610597864030595,52.28792467746848,0,0,0,0.39999999999999997,8.200000000000003,-7.6000000000000085,15.800000000000011,19.12104406073739,3.510446196706809,15.610597864030595,1
0022400657,2025-01-27,11.832734697852786,-2.429716372843018,14.262451070695812,190.39027271929604,0,0,0,0.4,9.799999999999997,-5.0,14.799999999999997,11.832734697852786,-2.429716372843018,14.262451070695812,1
0022400658,2025-01-27,-13.149174310975653,12.626127298704446,-25.775301609680113,-173.6046131456012,0,0,0,-0.8,-9.200000000000003,17.39999999999999,-26.599999999999994,-13.149174310975653,12.626127298704446,-25.775301609680113,0
0022400659,2025-01-27,4.77867154071906,5.617371099251855,-0.8386995585328099,-37.80887653016816,0,0,0,0.20000000000000007,1.7999999999999972,2.799999999999997,-1.0,4.77867154071906,5.617371099251855,-0.8386995585328099,1
0022400532,2025-01-28,-16.445162483879997,-3.129961490512443,-13.315200993367567,-144.18877940268794,0,1,1,-0.8,-12.0,2.200000000000003,-14.200000000000003,-16.445162483879997,-3.129961490512443,-13.315200993367567,0
0022400660,2025-01-28,-3.2284575402313322,15.392656349516727,-18.621113889748067,-81.39317362569614,2,0,1,-0.4,0.20000000000000284,18.599999999999994,-18.39999999999999,-3.2284575402313322,15.392656349516727,-18.621113889748067,1
0022400661,2025-01-28,4.380327573528007,-2.9117966838328897,7.292124257360876,121.06780885971807,2,0,1,0.4,-1.2000000000000028,-9.200000000000003,8.0,4.380327573528007,-2.9117966838328897,7.292124257360876,1
0022400662,2025-01-28,-10.95349476561745,-5.481431492847761,-5.472063272769671,-104.5618688979273,1,0,1,0.0,-16.0,-10.200000000000003,-5.799999999999997,-10.95349476561745,-5.481431492847761,-5.472063272769671,1
0022400663,2025-01-29,11.894167812038475,-7.173083117886748,19.067250929925212,7.037341436765246,0,0,0,0.4,16.80000000000001,-1.4000000000000057,18.200000000000017,11.894167812038475,-7.173083117886748,19.067250929925212,0
0022400664,2025-01-29,9.758174555544684,3.072012804937529,6.686161750607155,39.782218892691844,2,0,0,0.19999999999999996,8.599999999999994,2.200000000000003,6.3999999999999915,9.758174555544684,3.072012804937529,6.686161750607155,1
0022400665,2025-01-29,-14.181815295748791,10.174745521571964,-24.356560817320755,-126.84160513489974,0,0,0,-0.8,-15.0,10.599999999999994,-25.599999999999994,-14.181815295748791,10.174745521571964,-24.356560817320755,0
0022400666,2025-01-29,6.786664485841257,-5.89555668337573,12.682221169217005,145.21063952789768,0,0,0,0.19999999999999996,5.200000000000003,-7.3999999999999915,12.599999999999994,6.786664485841257,-5.89555668337573,12.682221169217005,1
0022400667,2025-01-29,-6.658689862691261,1.629819392906029,-8.288509255597319,-119.57477329343851,0,0,0,0.19999999999999996,-6.799999999999997,1.0,-7.799999999999997,-6.658689862691261,1.629819392906029,-8.288509255597319,0
0022400668,2025-01-29,-2.843074895826504,-8.445884627542753,5.602809731716231,27.658538945620194,0,0,0,0.20000000000000007,-2.200000000000003,-9.399999999999991,7.199999999999989,-2.843074895826504,-8.445884627542753,5.602809731716231,1
0022400669,2025-01-29,-0.8660528091998287,5.584791978172333,-6.450844787372162,-38.952360147678064,-1,1,0,0.0,-4.3999999999999915,1.8000000000000114,-6.200000000000003,-0.8660528091998287,5.584791978172333,-6.450844787372162,1
0022400670,2025-01-29,-4.963290582466968,3.7840311483912927,-8.747321730858271,-121.073920841063,0,0,0,0.0,0.7999999999999972,9.400000000000006,-8.600000000000009,-4.963290582466968,3.7840311483912927,-8.747321730858271,0
0022400671,2025-01-29,3.025031832755502,18.509034127864354,-15.484002295108843,-62.47899333424243,2,0,0,-0.2,2.8000000000000114,18.599999999999994,-15.799999999999983,3.025031832755502,18.509034127864354,-15.484002295108843,0
0022400672,2025-01-29,-1.053003857633371,1.6560298541070182,-2.7090337117403576,-32.81054531648829,0,0,0,0.20000000000000007,-3.200000000000003,-0.20000000000000284,-3.0,-1.053003857633371,1.6560298541070182,-2.7090337117403576,0
0022400673,2025-01-29,-7.545017024482803,3.165847817527151,-10.710864842009963,-183.02779697616256,-2,1,0,-0.19999999999999996,-5.200000000000003,5.0,-10.200000000000003,-7.545017024482803,3.165847817527151,-10.710864842009963,1
0022400674,2025-01-30,-20.33370036193986,7.78000183917068,-28.11370220111055,-245.6376432436091,-1,1,0,-0.8,-16.400000000000006,11.799999999999997,-28.200000000000003,-20.33370036193986,7.78000183917068,-28.11370220111055,0
0022400675,2025-01-30,25.27279971088727,9.881517047579251,15.391282663308,167.79729765002367,-1,1,0,0.4,19.799999999999997,4.0,15.799999999999997,25.27279971088727,9.881517047579251,15.391282663308,1
0022400676,2025-01-30,7.411469337551054,4.867326043548772,2.544143294002279,-43.472881309849754,1,0,0,0.0,11.200000000000003,8.799999999999997,2.4000000000000057,7.411469337551054,4.867326043548772,2.544143294002279,1
0022400677,2025-01-30,-9.227287671255553,11.651748606588356,-20.879036277843927,-195.89227321342128,1,0,1,-0.8,-5.200000000000003,15.799999999999997,-21.0,-9.227287671255553,11.651748606588356,-20.879036277843927,0
0022400678,2025-01-30,15.037562046120684,-3.4042739883575877,18.44183603447828,-8.389470715800826,-1,0,0,0.6000000000000001,8.0,-9.600000000000009,17.60000000000001,15.037562046120684,-3.4042739883575877,18.44183603447828,1
0022400679,2025-01-31,-8.237843577402941,0.9122350654295417,-9.15007864283245,-182.39378363874675,0,0,0,-0.39999999999999997,-11.400000000000006,-2.3999999999999915,-9.000000000000014,-8.237843577402941,0.9122350654295417,-9.15007864283245,0
0022400680,2025-01-31,-14.213001851654994,-7.465249353222248,-6.747752498432746,12.173848530933583,0,0,0,-0.19999999999999996,-13.0,-6.400000000000006,-6.599999999999994,-14.213001851654994,-7.465249353222248,-6.747752498432746,1
0022400681,2025-01-31,-3.758949072777696,-5.791113702930261,2.0321646301525615,-73.21560302435387,0,0,0,0.4,-5.599999999999994,-7.6000000000000085,2.000000000000014,-3.758949072777696,-5.791113702930261,2.0321646301525615,0
0022400682,2025-01-31,1.4296714550755212,-20.63785824597305,22.067529701048592,-0.7474494594659973,0,0,0,0.6,4.6000000000000085,-18.0,22.60000000000001,1.4296714550755212,-20.63785824597305,22.067529701048592,0
0022400683,2025-01-31,-2.7613512039562806,10.453675509366988,-13.215026713323251,-223.61778406135772,0,0,0,-0.39999999999999997,2.4000000000000057,16.0,-13.599999999999994,-2.7613512039562806,10.453675509366988,-13.215026713323251,0
0022400684,2025-01-31,-7.030669256400543,13.54249983848132,-20.573169094881862,-84.70693423719695,-1,0,0,-0.39999999999999997,-5.800000000000011,15.0,-20.80000000000001,-7.030669256400543,13.54249983848132,-20.573169094881862,1
0022400685,2025-01-31,4.797344689570323,0.21255549540960317,4.584789194160731,2.9042829809654904,0,0,0,0.0,8.600000000000009,3.5999999999999943,5.000000000000014,4.797344689570323,0.21255549540960317,4.584789194160731,0
0022400686,2025-02-01,19.68045591870164,-0.9688563432579542,20.649312261959576,99.95739167233,1,0,0,0.8,17.799999999999997,-3.4000000000000057,21.200000000000003,19.68045591870164,-0.9688563432579542,20.649312261959576,1
0022400687,2025-02-01,6.776079094645766,8.963307980306439,-2.187228885660671,-107.65043094251564,0,0,0,-0.2,8.199999999999989,11.599999999999994,-3.4000000000000057,6.776079094645766,8.963307980306439,-2.187228885660671,1
0022400688,2025-02-01,-13.172698035033065,-18.385255161064563,5.212557126031465,-209.86387599631962,0,1,1,-0.2,-18.400000000000006,-23.799999999999983,5.399999999999977,-13.172698035033065,-18.385255161064563,5.212557126031465,0
0022400689,2025-02-01,14.250319313030133,6.110737458189618,8.13958185484051,244.33462455594417,-1,0,0,0.6000000000000001,20.200000000000003,12.200000000000003,8.0,14.250319313030133,6.110737458189618,8.13958185484051,0
0022400690,2025-02-01,28.70183556062952,-7.210221367952499,35.912056928582025,281.26145621405567,0,0,0,1.0,23.80000000000001,-12.599999999999994,36.400000000000006,28.70183556062952,-7.210221367952499,35.912056928582025,0
0022400691,2025-02-01,4.059106698018965,-7.267950272465171,11.327056970484133,158.66063422211573,0,0,0,0.19999999999999996,2.4000000000000057,-9.0,11.400000000000006,4.059106698018965,-7.267950272465171,11.327056970484133,1
0022400692,2025-02-01,2.1221736885671874,-1.2546202022433022,3.3767938908105,53.5992015560505,1,0,0,0.19999999999999996,8.200000000000003,3.5999999999999943,4.6000000000000085,2.1221736885671874,-1.2546202022433022,3.3767938908105,0
0022400693,2025-02-01,10.823235210145,4.876789342256302,5.9464458678886905,-32.02433514025188,-2,1,0,0.0,13.0,7.400000000000006,5.599999999999994,10.823235210145,4.876789342256302,5.9464458678886905,0
0022400694,2025-02-01,-1.3858363141078343,-3.130397081926205,1.7445607678183652,-45.341313971543286,1,0,1,0.0,-5.200000000000003,-6.3999999999999915,1.1999999999999886,-1.3858363141078343,-3.130397081926205,1.7445607678183652,1
0022400695,2025-02-02,-1.7975691617635619,-5.521060171931566,3.723491010168019,75.56622142982997,0,0,0,0.0,0.0,-3.799999999999997,3.799999999999997,-1.7975691617635619,-5.521060171931566,3.723491010168019,1
0022400696,2025-02-02,6.576116779647236,-4.708588015710745,11.284704795357953,146.08861969496002,1,0,0,0.0,7.199999999999989,-3.799999999999997,10.999999999999986,6.576116779647236,-4.708588015710745,11.284704795357953,1
0022400697,2025-02-02,-11.606861191332698,-10.629755991670535,-0.9771051996621791,-130.77597997944167,0,0,0,0.0,-4.400000000000006,-4.0,-0.4000000000000057,-11.606861191332698,-10.629755991670535,-0.9771051996621791,1
0022400698,2025-02-02,8.395071479889808,3.4332587327954798,4.961812747094333,-125.01637632748839,0,0,0,0.20000000000000007,8.0,3.4000000000000057,4.599999999999994,8.395071479889808,3.4332587327954798,4.961812747094333,0
0022400699,2025-02-02,-1.7456373117671262,1.5789873229875866,-3.3246246347547155,-63.66252050021262,-1,0,0,-0.4,-5.0,-1.7999999999999972,-3.200000000000003,-1.7456373117671262,1.5789873229875866,-3.3246246347547155,0
0022400700,2025-02-03,7.213914684837022,-8.994100808837246,16.208015493674278,46.65921376003553,0,0,0,0.0,4.200000000000003,-13.0,17.200000000000003,7.213914684837022,-8.994100808837246,16.208015493674278,0
0022400701,2025-02-03,9.392978651362284,1.2281141847372226,8.164864466625055,64.8360342406529,-1,1,0,0.4,8.600000000000009,-0.20000000000000284,8.800000000000011,9.392978651362284,1.2281141847372226,8.164864466625055,0
0022400702,2025-02-03,6.1982137602250305,-5.156388302333582,11.354602062558618,-27.800445827771,0,0,0,0.20000000000000007,10.599999999999994,-1.5999999999999943,12.199999999999989,6.1982137602250305,-5.156388302333582,11.354602062558618,1
0022400703,2025-02-03,1.801967154210061,-0.1475942249370803,1.9495613791471587,152.22321532855108,-1,1,0,0.4,4.200000000000003,2.5999999999999943,1.6000000000000085,1.801967154210061,-0.1475942249370803,1.9495613791471587,1
0022400704,2025-02-03,10.37321127459336,-15.53659031941038,25.909801594003746,47.043896718139194,0,0,0,0.6000000000000001,5.599999999999994,-21.0,26.599999999999994,10.37321127459336,-15.53659031941038,25.909801594003746,0
0022400705,2025-02-03,3.4431939930645967,-13.491192253421715,16.934386246486326,141.1118603055113,1,0,1,0.39999999999999997,3.5999999999999943,-13.799999999999997,17.39999999999999,3.4431939930645967,-13.491192253421715,16.934386246486326,1
0022400706,2025-02-03,4.9441508842846105,2.1348412446098024,2.8093096396748276,213.464810029393,-1,0,0,0.4,1.4000000000000057,-1.5999999999999943,3.0,4.9441508842846105,2.1348412446098024,2.8093096396748276,1
0022400707,2025-02-03,-14.708389832285192,5.201351350380435,-19.90974118266563,-209.52933008253672,0,0,0,-0.6000000000000001,-16.799999999999997,3.0,-19.799999999999997,-14.708389832285192,5.201351350380435,-19.90974118266563,0
0022400708,2025-02-03,13.679755489596886,-1.3183812763653577,14.998136765962238,39.165369249360765,1,0,0,0.39999999999999997,13.200000000000003,-1.0,14.200000000000003,13.679755489596886,-1.3183812763653577,14.998136765962238,1
0022400709,2025-02-03,4.383300822400557,-5.316978948071551,9.700279770472106,-28.46201775786335,0,0,0,0.20000000000000007,0.0,-9.200000000000003,9.200000000000003,4.383300822400557,-5.316978948071551,9.700279770472106,1
0022400710,2025-02-04,8.653869455413442,-2.1034493684937416,10.75731882390719,43.49184462247945,0,0,0,0.0,11.199999999999989,0.19999999999998863,11.0,8.653869455413442,-2.1034493684937416,10.75731882390719,0
0022400711,2025-02-04,-3.535193438440686,-3.379255248904059,-0.15593818953661875,-201.22688537330055,2,0,1,0.0,-11.599999999999994,-11.400000000000006,-0.19999999999998863,-3.535193438440686,-3.379255248904059,-0.15593818953661875,1
0022400712,2025-02-04,6.242461474926429,-8.742138918122322,14.984600393048757,-33.174220157893615,0,0,0,0.19999999999999996,2.1999999999999886,-13.400000000000006,15.599999999999994,6.242461474926429,-8.742138918122322,14.984600393048757,1
0022400713,2025-02-04,-15.597596011302414,-13.440891590622044,-2.1567044206803843,-155.6704324583311,1,0,1,0.0,-17.400000000000006,-14.799999999999997,-2.6000000000000085,-15.597596011302414,-13.440891590622044,-2.1567044206803843,0
0022400714,2025-02-04,4.3325257442092635,0.9944135281378408,3.33811221607142,-71.01654026085066,-1,0,0,-0.19999999999999996,5.800000000000011,3.0,2.8000000000000114,4.3325257442092635,0.9944135281378408,3.33811221607142,1
0022400715,2025-02-04,-0.4989147297376775,6.327668094430351,-6.826582824168046,-13.41847835377007,-1,0,0,-0.20000000000000007,-2.4000000000000057,4.3999999999999915,-6.799999999999997,-0.4989147297376775,6.327668094430351,-6.826582824168046,0
0022400716,2025-02-04,2.3349371853662717,-2.972091133034752,5.307028318401025,-96.1818529310965,0,1,1,0.0,-4.599999999999994,-9.599999999999994,5.0,2.3349371853662717,-2.972091133034752,5.307028318401025,1
0022400717,2025-02-05,-7.940440628753478,-10.820471076880722,2.880030448127254,-186.47164986380153,0,0,0,-0.2,-11.599999999999994,-15.400000000000006,3.8000000000000114,-7.940440628753478,-10.820471076880722,2.880030448127254,0
0022400718,2025-02-05,-10.571852143620845,11.095020635056784,-21.666872778677646,-119.23101242094435,1,0,1,-0.4,-7.6000000000000085,14.200000000000003,-21.80000000000001,-10.571852143620845,11.095020635056784,-21.666872778677646,0
0022400719,2025-02-05,-1.7639377993982635,-3.0832013001712824,1.3192635007730278,24.487894358802123,0,0,0,0.0,-1.5999999999999943,-3.200000000000003,1.6000000000000085,-1.7639377993982635,-3.0832013001712824,1.3192635007730278,0
0022400720,2025-02-05,8.175194691766237,-8.365287109071375,16.540481800837604,96.63169990356141,-1,1,0,0.19999999999999996,-1.7999999999999972,-18.60000000000001,16.80000000000001,8.175194691766237,-8.365287109071375,16.540481800837604,0
0022400721,2025-02-05,11.73159310874469,5.4176974495095465,6.313895659235132,-35.8556545016113,0,1,1,0.0,6.200000000000003,0.20000000000000284,6.0,11.73159310874469,5.4176974495095465,6.313895659235132,0
0022400722,2025-02-05,-4.596975906213174,-4.705005395197915,0.10802948898474085,-189.64678687619494,-1,1,0,-0.20000000000000007,-11.200000000000003,-11.199999999999989,-1.4210854715202004e-14,-4.596975906213174,-4.705005395197915,0.10802948898474085,0
0022400723,2025-02-05,-0.5898557660398609,-7.590264837451784,7.00040907141192,80.57282292649893,1,0,1,0.0,-5.3999999999999915,-12.200000000000003,6.800000000000011,-0.5898557660398609,-7.590264837451784,7.00040907141192,1
0022400724,2025-02-05,4.46426771463689,-7.681459541346271,12.14572725598317,172.44887514877018,0,0,0,0.19999999999999996,6.0,-6.3999999999999915,12.399999999999991,4.46426771463689,-7.681459541346271,12.14572725598317,1
0022400725,2025-02-05,-1.0397180277942368,4.47629339811688,-5.5160114259111115,-139.51921800567243,0,0,0,-0.39999999999999997,0.5999999999999943,5.799999999999997,-5.200000000000003,-1.0397180277942368,4.47629339811688,-5.5160114259111115,1
0022400726,2025-02-05,11.15236095614469,-0.06314020893212557,11.215501165076809,219.11722661254998,0,0,0,0.6,8.200000000000003,-2.799999999999997,11.0,11.15236095614469,-0.06314020893212557,11.215501165076809,1
0022400727,2025-02-05,6.958417769768246,7.169161121884329,-0.21074335211606865,68.23089656599518,0,0,0,0.2,6.400000000000006,8.0,-1.5999999999999943,6.958417769768246,7.169161121884329,-0.21074335211606865,0
0022400728,2025-02-06,0.27684972040052,-13.848765532745958,14.125615253146455,132.41474629239542,0,0,0,0.4,-0.7999999999999972,-15.599999999999994,14.799999999999997,0.27684972040052,-13.848765532745958,14.125615253146455,0
0022400729,2025-02-06,17.181554630859395,3.791469279552075,13.390085351307302,-49.67898613591478,-1,1,0,0.39999999999999997,14.199999999999989,1.2000000000000028,12.999999999999986,17.181554630859395,3.791469279552075,13.390085351307302,1
0022400730,2025-02-06,18.077020411991256,4.197846593438072,13.879173818553191,117.48765769559532,0,1,1,0.6000000000000001,17.599999999999994,4.0,13.599999999999994,18.077020411991256,4.197846593438072,13.879173818553191,1
0022400731,2025-02-06,9.44958920938123,-5.319497732541791,14.769086941923021,81.89630867728988,1,0,1,0.20000000000000007,6.599999999999994,-8.400000000000006,15.0,9.44958920938123,-5.319497732541791,14.769086941923021,1
0022400732,2025-02-06,10.853307002376411,-16.235067772683138,27.08837477505957,-4.563608374814976,1,0,1,0.6,10.599999999999994,-16.60000000000001,27.200000000000003,10.853307002376411,-16.235067772683138,27.08837477505957,1
0022400733,2025-02-06,-3.6216149988159714,5.876174144503992,-9.497789143319967,-41.55398112525427,0,0,0,-0.4,-9.600000000000009,0.19999999999998863,-9.799999999999997,-3.6216149988159714,5.876174144503992,-9.497789143319967,0
0022400734,2025-02-07,-11.757177493080476,-1.9484450344404678,-9.80873245864001,-141.19416462995173,0,0,0,-0.4,-18.19999999999999,-9.0,-9.199999999999989,-11.757177493080476,-1.9484450344404678,-9.80873245864001,1
0022400735,2025-02-07,-18.018656442621733,3.7767485929011997,-21.795405035522947,-312.9232588613936,0,0,0,-0.20000000000000007,-20.799999999999997,2.0,-22.799999999999997,-18.018656442621733,3.7767485929011997,-21.795405035522947,0
0022400736,2025-02-07,1.4205583993020383,-6.10683190123234,7.527390300534373,-62.78658038921026,0,0,0,0.0,7.599999999999994,-0.5999999999999943,8.199999999999989,1.4205583993020383,-6.10683190123234,7.527390300534373,1
0022400737,2025-02-07,-0.23957501982056328,-4.243401145542933,4.003826125722361,-119.71280645398247,0,0,0,0.0,-11.399999999999991,-15.0,3.6000000000000085,-0.23957501982056328,-4.243401145542933,4.003826125722361,1
0022400738,2025-02-07,-2.9465230280710273,-4.315972730847051,1.369449702776015,48.20794540994325,0,0,0,0.0,5.599999999999994,4.200000000000003,1.3999999999999915,-2.9465230280710273,-4.315972730847051,1.369449702776015,1
0022400739,2025-02-07,13.240610187995571,-9.835611162120557,23.07622135011615,256.1371145446026,0,0,0,0.4,17.400000000000006,-6.400000000000006,23.80000000000001,13.240610187995571,-9.835611162120557,23.07622135011615,1
0022400740,2025-02-07,1.5802963765777776,4.657917093474481,-3.077620716896689,125.18456683207705,0,0,0,-0.2,1.5999999999999943,4.599999999999994,-3.0,1.5802963765777776,4.657917093474481,-3.077620716896689,1
0022400741,2025-02-08,6.201177385270171,9.037425314584397,-2.8362479293141964,-77.27263375152438,0,0,0,0.4,7.3999999999999915,11.0,-3.6000000000000085,6.201177385270171,9.037425314584397,-2.8362479293141964,1
0022400742,2025-02-08,6.9835146620212925,-7.2869664247359225,14.270481086757224,-9.722936023431657,0,0,0,0.0,4.599999999999994,-9.200000000000003,13.799999999999997,6.9835146620212925,-7.2869664247359225,14.270481086757224,1
0022400743,2025-02-08,-9.327063826084142,2.575227250685529,-11.902291076769663,-1.083810144157951,1,0,1,-0.2,-18.0,-6.799999999999997,-11.200000000000003,-9.327063826084142,2.575227250685529,-11.902291076769663,1
0022400744,2025-02-08,-4.0144121343824395,-4.9666018961566465,0.9521897617742017,-148.27923466300922,0,1,1,0.19999999999999996,-9.200000000000003,-9.599999999999994,0.3999999999999915,-4.0144121343824395,-4.9666018961566465,0.9521897617742017,0
0022400745,2025-02-08,7.606603534086787,8.085035513392356,-0.47843197930560866,-33.74468689293917,1,0,0,0.0,3.4000000000000057,3.4000000000000057,0.0,7.606603534086787,8.085035513392356,-0.47843197930560866,0
0022400746,2025-02-08,-5.137525138396001,8.588588317863994,-13.726113456259982,-53.82012472111728,2,0,1,0.0,-3.0,11.400000000000006,-14.400000000000006,-5.137525138396001,8.588588317863994,-13.726113456259982,0
0022400747,2025-02-08,5.541204098326489,10.613723714843943,-5.072519616517482,44.57725986495029,0,0,0,-0.4,4.3999999999999915,9.600000000000009,-5.200000000000017,5.541204098326489,10.613723714843943,-5.072519616517482,1
0022400748,2025-02-08,3.0753991660485127,1.4454265020477948,1.6299726640007126,-5.547452916063321,2,0,0,0.0,6.400000000000006,4.200000000000003,2.200000000000003,3.0753991660485127,1.4454265020477948,1.6299726640007126,0
0022400749,2025-02-08,-10.821982743589246,6.510784789776466,-17.33276753336571,-83.78016740987027,-1,1,0,-0.6,-4.799999999999997,12.0,-16.799999999999997,-10.821982743589246,6.510784789776466,-17.33276753336571,0
0022400750,2025-02-08,-4.443690409020974,-0.2166933928222221,-4.226997016198743,139.0444679425632,-1,0,0,0.2,-9.0,-4.800000000000011,-4.199999999999989,-4.443690409020974,-0.2166933928222221,-4.226997016198743,1
0022400751,2025-02-08,-0.30828286722051246,0.31269236451312565,-0.6209752317336323,153.47789766327878,1,0,1,0.0,-7.599999999999994,-7.200000000000003,-0.3999999999999915,-0.30828286722051246,0.31269236451312565,-0.6209752317336323,1
0022400752,2025-02-09,9.606932771148692,-2.503349939697486,12.110282710846183,173.5936022933363,0,0,0,0.39999999999999997,14.599999999999994,2.3999999999999915,12.200000000000003,9.606932771148692,-2.503349939697486,12.110282710846183,1
0022400753,2025-02-09,-4.413298354395266,-6.855695348324005,2.442396993928746,154.99357558190536,-1,1,0,-0.2,-4.0,-6.799999999999997,2.799999999999997,-4.413298354395266,-6.855695348324005,2.442396993928746,1
0022400754,2025-02-09,-8.706920814202888,-3.0487837399170274,-5.658137074285869,68.04632281110639,0,0,0,0.0,-4.0,2.799999999999997,-6.799999999999997,-8.706920814202888,-3.0487837399170274,-5.658137074285869,1
0022400755,2025-02-10,5.970225891077931,1.1821455904732403,4.788080300604694,95.44876490091679,1,0,0,0.20000000000000007,10.599999999999994,5.200000000000003,5.3999999999999915,5.970225891077931,1.1821455904732403,4.788080300604694,1
0022400756,2025-02-10,-9.205447691701252,-2.3434087616114567,-6.86203893008979,-20.202245126286016,0,0,0,-0.19999999999999996,-18.799999999999997,-11.599999999999994,-7.200000000000003,-9.205447691701252,-2.3434087616114567,-6.86203893008979,0
0022400757,2025-02-10,5.482350539429049,0.13543690686428533,5.346913632564759,-131.9444312676992,0,0,0,0.39999999999999997,3.5999999999999943,-1.8000000000000114,5.400000000000006,5.482350539429049,0.13543690686428533,5.346913632564759,0
0022400758,2025-02-10,1.900097969739818,-11.932432595531694,13.832530565271512,73.20118913341526,2,0,1,0.6000000000000001,-4.3999999999999915,-17.60000000000001,13.200000000000017,1.900097969739818,-11.932432595531694,13.832530565271512,1
0022400759,2025-02-10,-14.835879144864464,0.26639498641422676,-15.102274131278726,-109.08527966718339,1,0,0,-0.4,-14.0,0.5999999999999943,-14.599999999999994,-14.835879144864464,0.26639498641422676,-15.102274131278726,0
0022400760,2025-02-10,0.8017322927985049,4.433673281464266,-3.6319409886657525,32.175176508709,-1,1,0,0.0,-1.7999999999999972,2.0,-3.799999999999997,0.8017322927985049,4.433673281464266,-3.6319409886657525,0
0022400761,2025-02-10,12.005619161121103,-19.81731514379146,31.822934304912586,337.9668540981759,0,0,0,1.0,10.599999999999994,-22.200000000000003,32.8,12.005619161121103,-19.81731514379146,31.822934304912586,1
0022400762,2025-02-10,6.439005127654724,3.863523212970179,2.5754819146845254,15.25089957134287,0,0,0,0.0,0.0,-2.0,2.0,6.439005127654724,3.863523212970179,2.5754819146845254,0
0022400763,2025-02-10,13.739398722692627,4.254134639887312,9.485264082805317,96.46942626305395,0,0,0,0.19999999999999996,8.799999999999997,-0.20000000000000284,9.0,13.739398722692627,4.254134639887312,9.485264082805317,1
0022400768,2025-02-10,11.712286422290177,-9.56112128649518,21.273407708785374,219.87253264626565,0,0,0,0.6,7.199999999999989,-14.0,21.19999999999999,11.712286422290177,-9.56112128649518,21.273407708785374,1
0022400764,2025-02-11,5.559769063584326,2.6898208197102065,2.8699482438741217,34.68683164013373,0,0,0,0.0,7.0,4.0,3.0,5.559769063584326,2.6898208197102065,2.8699482438741217,0
0022400765,2025-02-11,-3.3622767092734733,-3.9881471251806744,0.6258704159072241,-9.09891373828873,0,0,0,0.0,-2.799999999999997,-3.5999999999999943,0.7999999999999972,-3.3622767092734733,-3.9881471251806744,0.6258704159072241,0
0022400766,2025-02-11,-1.9819822545371437,7.749901941226284,-9.731884195763431,-79.722868397316,1,0,0,-0.19999999999999996,-3.200000000000003,6.6000000000000085,-9.800000000000011,-1.9819822545371437,7.749901941226284,-9.731884195763431,0
0022400767,2025-02-11,-7.323543494568327,14.961121641089264,-22.284665135657598,-122.656966387166,0,0,0,-0.6000000000000001,-10.799999999999997,11.600000000000009,-22.400000000000006,-7.323543494568327,14.961121641089264,-22.284665135657598,0
0022400769,2025-02-12,5.498001927728453,-7.351328814521594,12.849330742250055,166.48444123796503,0,0,0,0.4,-1.7999999999999972,-14.399999999999991,12.599999999999994,5.498001927728453,-7.351328814521594,12.849330742250055,1
0022400770,2025-02-12,3.56203356969111,-1.5691417638447547,5.131175333535859,121.54115730786543,0,0,0,0.2,2.6000000000000085,-2.200000000000003,4.800000000000011,3.56203356969111,-1.5691417638447547,5.131175333535859,1
0022400771,2025-02-12,7.976908922249635,1.7026893727853576,6.274219549464294,-254.3449756340117,1,0,1,0.0,9.399999999999991,3.799999999999997,5.599999999999994,7.976908922249635,1.7026893727853576,6.274219549464294,0
0022400772,2025-02-12,-4.039982125411441,-14.098657591287207,10.058675465875766,-19.071776341058467,1,0,1,0.6000000000000001,-10.200000000000003,-20.200000000000003,10.0,-4.039982125411441,-14.098657591287207,10.058675465875766,1
0022400773,2025-02-12,0.20712347281524046,8.992433020258261,-8.785309547443012,101.7021909592413,-1,1,0,-0.20000000000000007,-4.0,4.800000000000011,-8.800000000000011,0.20712347281524046,8.992433020258261,-8.785309547443012,1
0022400774,2025-02-12,-13.7836387414864,10.1619015944176,-23.945540335904006,-228.25019356926123,-1,1,0,-0.6000000000000001,-21.0,3.6000000000000085,-24.60000000000001,-13.7836387414864,10.1619015944176,-23.945540335904006,0
0022400775,2025-02-12,-10.960654927596508,15.378081382555521,-26.33873631015203,-100.88879045122098,0,1,1,-0.39999999999999997,-10.200000000000003,17.200000000000003,-27.400000000000006,-10.960654927596508,15.378081382555521,-26.33873631015203,0
0022400776,2025-02-12,7.487653122715301,-3.0306235942679223,10.518276716983227,36.573449715711604,0,0,0,0.19999999999999996,5.0,-6.0,11.0,7.487653122715301,-3.0306235942679223,10.518276716983227,0
0022400777,2025-02-12,-3.7234891486270527,7.992586536397695,-11.716075685024766,-161.79866120015276,0,0,0,-0.6,-2.799999999999997,9.800000000000011,-12.600000000000009,-3.7234891486270527,7.992586536397695,-11.716075685024766,0
0022400778,2025-02-12,23.859615646229045,-6.989261198667819,30.848876844896907,191.88157206935102,0,0,0,0.6,28.0,-3.0,31.0,23.859615646229045,-6.989261198667819,30.848876844896907,1
0022400779,2025-02-12,-7.52640889381712,-12.441200156080754,4.91479126226365,95.18737384794645,2,0,1,0.0,-10.400000000000006,-15.200000000000003,4.799999999999997,-7.52640889381712,-12.441200156080754,4.91479126226365,1
0022400780,2025-02-12,23.77765158492437,-0.0433003477752294,23.82095193269959,106.22871956581844,0,0,0,0.4,18.60000000000001,-5.200000000000003,23.80000000000001,23.77765158492437,-0.0433003477752294,23.82095193269959,1
0022400781,2025-02-12,-11.794430767541655,12.15808226295178,-23.952513030493467,-225.34827513038294,0,0,0,-0.8,-6.799999999999997,17.200000000000003,-24.0,-11.794430767541655,12.15808226295178,-23.952513030493467,1
0022400782,2025-02-12,2.2562911052949204,12.848357954646417,-10.592066849351477,-8.2459061487898,0,0,0,-0.19999999999999996,-2.6000000000000085,8.799999999999997,-11.400000000000006,2.2562911052949204,12.848357954646417,-10.592066849351477,1
0022400783,2025-02-12,-7.823199054961663,5.609458037344282,-13.432657092305973,-98.06570382096652,3,0,1,-0.4,-14.0,-0.4000000000000057,-13.599999999999994,-7.823199054961663,5.609458037344282,-13.432657092305973,1
0022400784,2025-02-13,-7.756754155762408,-1.1498817819876308,-6.606872373774797,79.6049170642807,0,1,1,0.0,-15.0,-8.799999999999997,-6.200000000000003,-7.756754155762408,-1.1498817819876308,-6.606872373774797,0
0022400785,2025-02-13,-3.7169645162969545,10.476304364980294,-14.193268881277243,-178.2782920849636,0,1,1,-0.6,-4.3999999999999915,10.599999999999994,-14.999999999999986,-3.7169645162969545,10.476304364980294,-14.193268881277243,1
0022400786,2025-02-13,18.811911173072673,4.1834642114551315,14.628446961617527,12.147615296474441,0,1,1,0.39999999999999997,18.799999999999997,5.0,13.799999999999997,18.811911173072673,4.1834642114551315,14.628446961617527,1
0022400787,2025-02-13,-13.458135150725099,2.2550085145890506,-15.713143665314156,-157.4428291927395,0,1,1,-0.4,-12.399999999999991,3.799999999999997,-16.19999999999999,-13.458135150725099,2.2550085145890506,-15.713143665314156,1
0022401004,2025-02-13,3.9289102323983798,8.70198395055914,-4.773073718160745,-160.2450551022373,0,1,1,0.0,7.400000000000006,12.800000000000011,-5.400000000000006,3.9289102323983798,8.70198395055914,-4.773073718160745,0
0022400524,2025-02-19,18.74248663326577,-0.07085149315035721,18.813338126416124,245.14294759440259,0,0,0,0.6000000000000001,24.200000000000003,6.200000000000003,18.0,18.74248663326577,-0.07085149315035721,18.813338126416124,0
0022400788,2025-02-20,-4.793579320558891,7.772768033875153,-12.566347354434052,-41.19466855541532,0,0,0,-0.19999999999999996,-7.400000000000006,5.0,-12.400000000000006,-4.793579320558891,7.772768033875153,-12.566347354434052,1
0022400789,2025-02-20,-10.982666972108703,8.260607173604015,-19.243274145712732,-204.20089118282363,0,0,0,-0.8,-8.600000000000009,10.0,-18.60000000000001,-10.982666972108703,8.260607173604015,-19.243274145712732,0
0022400790,2025-02-20,3.809863920091857,1.2925793399466556,2.5172845801452013,35.58023982466261,0,0,0,0.0,17.0,14.0,3.0,3.809863920091857,1.2925793399466556,2.5172845801452013,0
0022400791,2025-02-20,-10.398449066167345,-3.5548352178847153,-6.843613848282613,-238.77769151964503,0,0,0,0.0,-23.200000000000003,-15.799999999999997,-7.400000000000006,-10.398449066167345,-3.5548352178847153,-6.843613848282613,0
0022400792,2025-02-20,12.02179770948274,-4.624645850015725,16.646443559498486,187.16493486277818,0,0,0,0.6000000000000001,14.400000000000006,-3.1999999999999886,17.599999999999994,12.02179770948274,-4.624645850015725,16.646443559498486,1
0022400793,2025-02-20,-0.9275701310851474,-0.6791092901330558,-0.24846084095207743,-14.954403873138745,1,0,0,0.0,-3.200000000000003,-2.200000000000003,-1.0,-0.9275701310851474,-0.6791092901330558,-0.24846084095207743,1
0022400794,2025-02-20,29.720992729278365,2.4113785624095527,27.309614166868798,259.75350071041066,7,0,1,0.6,32.39999999999999,5.6000000000000085,26.799999999999983,29.720992729278365,2.4113785624095527,27.309614166868798,1
0022400795,2025-02-20,4.32372904247093,-6.153024646869454,10.476753689340367,-18.48837755596196,0,0,0,0.2,3.0,-7.200000000000003,10.200000000000003,4.32372904247093,-6.153024646869454,10.476753689340367,1
0022400796,2025-02-20,-7.945233019583654,0.922086619707855,-8.867319639291502,-65.79276502997891,7,0,1,-0.19999999999999996,-7.200000000000003,2.0,-9.200000000000003,-7.945233019583654,0.922086619707855,-8.867319639291502,0
0022400797,2025-02-21,1.4292477768256475,-13.044817100928483,14.47406487775414,60.733891288821724,0,1,1,0.19999999999999996,1.2000000000000028,-13.799999999999997,15.0,1.4292477768256475,-13.044817100928483,14.47406487775414,1
0022400798,2025-02-21,-6.759678695787812,-5.921267056463719,-0.8384116393241072,-132.8205413210244,0,1,1,0.19999999999999996,-14.400000000000006,-14.0,-0.4000000000000057,-6.759678695787812,-5.921267056463719,-0.8384116393241072,0
0022400799,2025-02-21,5.759685312107592,8.850065220811004,-3.0903799087034454,-229.9482418380103,8,0,1,-0.39999999999999997,6.0,9.600000000000009,-3.6000000000000085,5.759685312107592,8.850065220811004,-3.0903799087034454,0
0022400800,2025-02-21,0.8940452991939907,4.79184337622965,-3.8977980770356577,-68.12494439103148,1,0,0,0.0,4.800000000000011,9.600000000000009,-4.799999999999997,0.8940452991939907,4.79184337622965,-3.8977980770356577,0
0022400801,2025-02-21,-5.9580920368514825,1.9210712170703772,-7.87916325392186,18.047477614304853,0,0,0,-0.19999999999999996,-7.0,0.4000000000000057,-7.400000000000006,-5.9580920368514825,1.9210712170703772,-7.87916325392186,1
0022400802,2025-02-21,-2.64797138037396,11.185178073775731,-13.833149454149678,-72.74384592513229,-8,1,0,-0.4,-6.200000000000003,8.200000000000003,-14.400000000000006,-2.64797138037396,11.185178073775731,-13.833149454149678,0
0022400803,2025-02-21,10.135001049805581,-8.28249818165709,18.41749923146269,160.9710119640199,0,0,0,0.6000000000000001,2.200000000000003,-16.39999999999999,18.599999999999994,10.135001049805581,-8.28249818165709,18.41749923146269,1
0022400804,2025-02-21,-5.746153465777397,13.580375710054767,-19.326529175832153,-316.7544346127727,0,0,0,-0.6000000000000001,-0.3999999999999915,19.400000000000006,-19.799999999999997,-5.746153465777397,13.580375710054767,-19.326529175832153,0
0022400805,2025-02-21,1.1263089314307564,6.959542952483417,-5.833234021052649,-8.405919881800628,0,0,0,0.0,5.0,10.799999999999997,-5.799999999999997,1.1263089314307564,6.959542952483417,-5.833234021052649,0
0022400806,2025-02-22,-10.35779768880937,1.605689212702032,-11.9634869015114,-54.40404290916126,0,0,0,-0.2,-8.0,5.0,-13.0,-10.35779768880937,1.605689212702032,-11.9634869015114,0
0022400807,2025-02-22,4.494676877408139,13.72517587902125,-9.230499001613095,2.7656088128903775,0,0,0,-0.6,8.800000000000011,18.0,-9.199999999999989,4.494676877408139,13.72517587902125,-9.230499001613095,0
0022400808,2025-02-22,14.504589820484355,-0.32973572674872287,14.83432554723309,41.044472107573256,0,0,0,0.4,11.799999999999983,-3.0,14.799999999999983,14.504589820484355,-0.32973572674872287,14.83432554723309,0
0022400809,2025-02-22,9.018770184621772,20.098192556737146,-11.079422372115376,-211.82508824814317,0,1,1,-0.39999999999999997,8.0,19.400000000000006,-11.400000000000006,9.018770184621772,20.098192556737146,-11.079422372115376,1
0022400810,2025-02-22,5.219473367434873,6.877497843692595,-1.6580244762577188,135.43174570040537,0,0,0,0.0,10.799999999999997,13.399999999999991,-2.5999999999999943,5.219473367434873,6.877497843692595,-1.6580244762577188,1
0022400811,2025-02-23,12.27389694398454,-12.347580756877164,24.62147770086166,36.36506553144818,1,0,0,0.20000000000000007,-1.0,-24.80000000000001,23.80000000000001,12.27389694398454,-12.347580756877164,24.62147770086166,1
0022400812,2025-02-23,2.568414933032514,-4.1368442647119394,6.705259197744448,10.216989404672404,0,0,0,0.0,3.4000000000000057,-3.6000000000000085,7.000000000000014,2.568414933032514,-4.1368442647119394,6.705259197744448,1
0022400813,2025-02-23,1.972344490580653,5.784704959806987,-3.8123604692263253,44.62256275764821,0,0,0,0.0,2.4000000000000057,6.400000000000006,-4.0,1.972344490580653,5.784704959806987,-3.8123604692263253,1
0022400814,2025-02-23,-7.548284533594682,7.423960666541959,-14.972245200136642,-69.41213266145905,1,0,0,-0.4,-2.8000000000000114,12.799999999999997,-15.600000000000009,-7.548284533594682,7.423960666541959,-14.972245200136642,0
0022400815,2025-02-23,-0.5529814008068854,-11.797952586384696,11.24497118557781,163.41942406808084,0,0,0,0.6,-9.800000000000011,-21.19999999999999,11.399999999999977,-0.5529814008068854,-11.797952586384696,11.24497118557781,1
0022400816,2025-02-23,-6.670678154602612,-5.222956367070239,-1.4477217875323625,-69.68797034166255,1,0,1,0.0,-7.3999999999999915,-5.6000000000000085,-1.799999999999983,-6.670678154602612,-5.222956367070239,-1.4477217875323625,1
0022400817,2025-02-23,6.3568439108988315,-4.100368098342983,10.457212009241816,41.618223156795466,0,0,0,0.6000000000000001,12.799999999999997,3.0,9.799999999999997,6.3568439108988315,-4.100368098342983,10.457212009241816,1
0022400818,2025-02-23,-5.709320000444791,2.284996885122723,-7.994316885567537,-104.169692162802,0,0,0,-0.2,-0.4000000000000057,8.0,-8.400000000000006,-5.709320000444791,2.284996885122723,-7.994316885567537,1
0022400819,2025-02-23,16.39738919413594,-9.697838713238852,26.095227907374795,60.852482957470784,0,0,0,0.6,16.400000000000006,-11.0,27.400000000000006,16.39738919413594,-9.697838713238852,26.095227907374795,1
0022400820,2025-02-23,-13.909587822807424,-0.7795327396000857,-13.130055083207335,-145.35509181916018,0,0,0,-0.4,-11.0,2.799999999999997,-13.799999999999997,-13.909587822807424,-0.7795327396000857,-13.130055083207335,0
0022400821,2025-02-24,6.382060709796519,-7.8198605713863145,14.201921281182832,30.85141417432169,0,1,1,0.4,9.200000000000003,-5.599999999999994,14.799999999999997,6.382060709796519,-7.8198605713863145,14.201921281182832,1
0022400822,2025-02-24,-3.7813364326791543,2.757310278501663,-6.538646711180786,-7.404517371645397,-1,1,0,-0.20000000000000007,-1.3999999999999915,5.0,-6.3999999999999915,-3.7813364326791543,2.757310278501663,-6.538646711180786,0
0022400823,2025-02-24,5.945014525785226,-2.6583580058843808,8.603372531669603,4.334288599068486,0,0,0,0.0,-1.6000000000000085,-11.200000000000003,9.599999999999994,5.945014525785226,-2.6583580058843808,8.603372531669603,0
0022400824,2025-02-24,0.24560476467021886,13.704946926314094,-13.459342161643882,-134.81703894544785,-1,1,0,-0.8,10.399999999999991,24.0,-13.600000000000009,0.24560476467021886,13.704946926314094,-13.459342161643882,1
0022400825,2025-02-24,7.003839132251343,-2.2213087268631426,9.225147859114495,-25.295856811676003,0,1,1,0.2,20.799999999999997,12.199999999999989,8.600000000000009,7.003839132251343,-2.2213087268631426,9.225147859114495,1
0022400826,2025-02-24,12.9682891335313,-3.581877801766197,16.550166935297515,162.758973239517,0,1,1,0.6000000000000001,10.199999999999989,-7.0,17.19999999999999,12.9682891335313,-3.581877801766197,16.550166935297515,0
0022400827,2025-02-24,4.055192392320862,6.571291577603347,-2.5160991852824734,-107.80139219916282,0,0,0,0.2,2.4000000000000057,5.200000000000003,-2.799999999999997,4.055192392320862,6.571291577603347,-2.5160991852824734,0
0022400828,2025-02-24,20.652869007265778,7.278407742046696,13.374461265219109,156.73585186937612,1,0,0,0.39999999999999997,26.80000000000001,12.599999999999994,14.200000000000017,20.652869007265778,7.278407742046696,13.374461265219109,1
0022400829,2025-02-25,-18.41667856113729,4.17866084599595,-22.595339407133277,-225.39435754911324,0,0,0,-0.6,-10.600000000000009,11.200000000000003,-21.80000000000001,-18.41667856113729,4.17866084599595,-22.595339407133277,0
0022400830,2025-02-25,-12.161067067746558,-0.3615120199243904,-11.799555047822164,-213.8643480558028,0,0,0,-0.4,-20.799999999999997,-7.799999999999997,-13.0,-12.161067067746558,-0.3615120199243904,-11.799555047822164,0
0022400831,2025-02-25,-5.833969265324029,-5.876795165076032,0.042825899751997576,12.233894462196531,1,0,0,-0.20000000000000007,-1.3999999999999915,-1.5999999999999943,0.20000000000000284,-5.833969265324029,-5.876795165076032,0.042825899751997576,1
0022400832,2025-02-25,-1.4806602852935384,-4.568922773495203,3.0882624882016527,136.89782103301945,0,0,0,0.2,2.3999999999999915,-0.4000000000000057,2.799999999999997,-1.4806602852935384,-4.568922773495203,3.0882624882016527,1
0022400833,2025-02-25,-0.062468995102875624,0.3722323966769352,-0.4347013917798108,-83.92967691058334,0,0,0,0.0,1.7999999999999972,2.200000000000003,-0.4000000000000057,-0.062468995102875624,0.3722323966769352,-0.4347013917798108,1
0022400834,2025-02-25,24.187808685003915,-12.31493747933564,36.502746164339555,200.94042951093616,1,0,1,0.6000000000000001,23.599999999999994,-13.799999999999997,37.39999999999999,24.187808685003915,-12.31493747933564,36.502746164339555,1
0022400835,2025-02-25,3.720490113502933,-5.039820497540404,8.76031061104334,67.9893949313846,1,0,0,0.0,2.200000000000003,-6.3999999999999915,8.599999999999994,3.720490113502933,-5.039820497540404,8.76031061104334,1
0022400836,2025-02-26,0.2070510457015189,-0.6543548275391657,0.8614058732406846,-84.96999262927898,1,0,1,0.0,13.399999999999991,10.800000000000011,2.59999999999998,0.2070510457015189,-0.6543548275391657,0.8614058732406846,1
0022400837,2025-02-26,9.130641785417694,2.2790004076680646,6.85164137774963,160.39361948992064,1,0,1,0.19999999999999996,13.600000000000009,6.6000000000000085,7.0,9.130641785417694,2.2790004076680646,6.85164137774963,1
0022400838,2025-02-26,7.894378527414759,2.804168388404051,5.090210139010704,201.53653716583767,1,0,0,0.6,16.799999999999997,11.399999999999991,5.400000000000006,7.894378527414759,2.804168388404051,5.090210139010704,1
0022400839,2025-02-26,-8.523063479641607,-1.8564371661836248,-6.666626313458002,-185.7443478177022,0,0,0,-0.2,-9.200000000000003,-2.0,-7.200000000000003,-8.523063479641607,-1.8564371661836248,-6.666626313458002,0
0022400840,2025-02-26,-14.95428849585771,-8.585571891259633,-6.36871660459808,-260.2273398436373,0,0,0,0.0,-21.200000000000003,-14.599999999999994,-6.6000000000000085,-14.95428849585771,-8.585571891259633,-6.36871660459808,0
0022400841,2025-02-26,-5.654004655362996,1.8734380880703725,-7.5274427434333795,9.531105534447306,0,0,0,-0.2,-15.200000000000003,-8.199999999999989,-7.000000000000014,-5.654004655362996,1.8734380880703725,-7.5274427434333795,1
0022400842,2025-02-26,-3.53451911619689,-0.5928540039032697,-2.9416651122936264,-106.84786752454943,0,0,0,-0.2,1.2000000000000028,4.599999999999994,-3.3999999999999915,-3.53451911619689,-0.5928540039032697,-2.9416651122936264,0
0022400843,2025-02-26,-5.311407178401822,0.004697025088830742,-5.316104203490644,-134.39541063949218,0,0,0,-0.19999999999999996,-5.799999999999997,-0.20000000000000284,-5.599999999999994,-5.311407178401822,0.004697025088830742,-5.316104203490644,0
0022400844,2025-02-26,3.582866243702,-4.7313863709686785,8.314252614670659,131.97382458548213,0,1,1,0.39999999999999997,4.199999999999989,-4.199999999999989,8.399999999999977,3.582866243702,-4.7313863709686785,8.314252614670659,1
0022400845,2025-02-27,-12.820543792716876,4.322371186607441,-17.142914979324303,-79.7825104709159,0,0,0,-0.20000000000000007,-17.19999999999999,0.0,-17.19999999999999,-12.820543792716876,4.322371186607441,-17.142914979324303,0
0022400846,2025-02-27,-14.73095629804196,-10.061179441966715,-4.66977685607525,-64.76460793755246,-1,0,0,0.0,-18.400000000000006,-13.400000000000006,-5.0,-14.73095629804196,-10.061179441966715,-4.66977685607525,1
0022400847,2025-02-27,14.766802053435924,-9.51790587302041,24.284707926456328,174.35970246179,0,0,0,0.39999999999999997,11.600000000000009,-13.799999999999997,25.400000000000006,14.766802053435924,-9.51790587302041,24.284707926456328,1
0022400848,2025-02-27,2.1433951338166395,11.852877388949423,-9.709482255132755,96.49341980630993,0,0,0,-0.39999999999999997,4.199999999999989,14.399999999999991,-10.200000000000003,2.1433951338166395,11.852877388949423,-9.709482255132755,0
0022400849,2025-02-27,-1.63689862775,-6.016488777919264,4.379590150169267,35.91850569889857,-1,0,0,0.19999999999999996,-6.0,-10.199999999999989,4.199999999999989,-1.63689862775,-6.016488777919264,4.379590150169267,1
0022400850,2025-02-28,6.042980020737801,-6.814611037543003,12.85759105828083,-20.94468168231424,1,0,1,0.4,5.200000000000003,-7.799999999999997,13.0,6.042980020737801,-6.814611037543003,12.85759105828083,0
0022400851,2025-02-28,-6.705245771262426,1.4377910402293566,-8.143036811491793,-215.45228602811812,0,0,0,-0.39999999999999997,-2.3999999999999915,6.0,-8.399999999999991,-6.705245771262426,1.4377910402293566,-8.143036811491793,0
0022400852,2025-02-28,-7.486867762096267,9.102302294097498,-16.589170056193772,-44.99744003246019,-1,0,0,-0.19999999999999996,-13.599999999999994,3.0,-16.599999999999994,-7.486867762096267,9.102302294097498,-16.589170056193772,0
0022400853,2025-02-28,-5.730599374799198,6.945001454251425,-12.675600829050627,-86.19546434733502,0,0,0,-0.19999999999999996,-17.0,-3.5999999999999943,-13.400000000000006,-5.730599374799198,6.945001454251425,-12.675600829050627,0
0022400854,2025-02-28,-2.821038034516647,4.717803161989991,-7.538841196506635,-83.75060053332572,0,0,0,-0.4,-10.800000000000011,-2.799999999999997,-8.000000000000014,-2.821038034516647,4.717803161989991,-7.538841196506635,1
0022400855,2025-02-28,6.421320335404289,-2.5720369315955622,8.99335726699986,-3.151184462381707,0,0,0,0.0,11.800000000000011,2.3999999999999915,9.40000000000002,6.421320335404289,-2.5720369315955622,8.99335726699986,1
0022400856,2025-02-28,2.4710457619726185,-0.11636307395224321,2.5874088359248697,12.90271397491415,1,0,0,-0.19999999999999996,4.799999999999997,2.4000000000000057,2.3999999999999915,2.4710457619726185,-0.11636307395224321,2.5874088359248697,0
0022400857,2025-02-28,2.175803068950472,15.223226949388803,-13.04742388043831,66.25169408359693,0,1,1,-0.6000000000000001,2.5999999999999943,16.0,-13.400000000000006,2.175803068950472,15.223226949388803,-13.04742388043831,1
0022400858,2025-02-28,-5.670612067963518,0.9691576189212867,-6.639769686884807,-187.4107453205504,1,0,1,-0.2,-5.400000000000006,1.2000000000000028,-6.6000000000000085,-5.670612067963518,0.9691576189212867,-6.639769686884807,1
0022400859,2025-02-28,-0.7385632282849173,-14.628049377488907,13.889486149203972,59.19274619993371,-1,1,0,0.4,-2.4000000000000057,-16.200000000000003,13.799999999999997,-0.7385632282849173,-14.628049377488907,13.889486149203972,1
0022400860,2025-03-01,-11.256158274809579,12.895124877640725,-24.15128315245029,29.779149811922935,-1,0,0,-0.2,-14.0,11.0,-25.0,-11.256158274809579,12.895124877640725,-24.15128315245029,0
0022400861,2025-03-01,12.445672761197741,-3.802765004358932,16.24843776555668,160.5183520600758,0,1,1,0.6000000000000001,18.200000000000003,2.200000000000003,16.0,12.445672761197741,-3.802765004358932,16.24843776555668,1
0022400862,2025-03-01,-13.71228483159615,-7.590257295946117,-6.122027535650048,63.01123636439843,0,0,0,0.0,-11.199999999999989,-5.0,-6.199999999999989,-13.71228483159615,-7.590257295946117,-6.122027535650048,0
0022400863,2025-03-01,9.610886245864123,5.060141232066641,4.5507450137974725,167.70843803153798,-2,1,0,0.2,14.0,9.400000000000006,4.599999999999994,9.610886245864123,5.060141232066641,4.5507450137974725,0
0022400864,2025-03-01,-18.636091336929056,12.700260350636952,-31.336351687566,-158.22703541033502,1,0,0,-1.0,-18.80000000000001,13.200000000000003,-32.000000000000014,-18.636091336929056,12.700260350636952,-31.336351687566,1
0022400865,2025-03-01,-4.333596601469296,2.3702867507608545,-6.703883352230145,-40.25330812914763,0,0,0,-0.20000000000000007,-5.0,1.7999999999999972,-6.799999999999997,-4.333596601469296,2.3702867507608545,-6.703883352230145,0
0022400866,2025-03-02,4.468022186889925,2.1932889551789856,2.2747332317109312,21.08303890907746,0,0,0,0.0,-6.799999999999997,-8.799999999999997,2.0,4.468022186889925,2.1932889551789856,2.2747332317109312,1
0022400867,2025-03-02,12.129011936981257,4.906540343098797,7.222471593882483,188.16767229269658,0,0,0,0.19999999999999996,3.799999999999997,-2.0,5.799999999999997,12.129011936981257,4.906540343098797,7.222471593882483,1
0022400868,2025-03-02,5.926524681263899,4.041038425723812,1.8854862555400729,154.03297700967414,0,0,0,0.19999999999999996,-1.8000000000000114,-3.200000000000003,1.3999999999999915,5.926524681263899,4.041038425723812,1.8854862555400729,1
0022400869,2025-03-02,13.975292831326712,2.0342206949897843,11.941072136336924,-109.34871990007036,0,0,0,0.0,5.599999999999994,-6.200000000000003,11.799999999999997,13.975292831326712,2.0342206949897843,11.941072136336924,0
0022400870,2025-03-02,-0.714549915441097,-2.2052293426744143,1.490679427233311,46.72185312501847,1,0,0,0.2,-4.0,-6.0,2.0,-0.714549915441097,-2.2052293426744143,1.490679427233311,0
0022400871,2025-03-02,-19.68628563855765,-0.33406047565006247,-19.35222516290758,-244.551256919867,-1,1,0,-0.6000000000000001,-21.400000000000006,-1.4000000000000057,-20.0,-19.68628563855765,-0.33406047565006247,-19.35222516290758,0
0022400872,2025-03-02,-0.880558230835959,6.692792879257823,-7.573351110093802,-11.546939695575702,0,0,0,-0.19999999999999996,0.6000000000000085,8.399999999999991,-7.799999999999983,-0.880558230835959,6.692792879257823,-7.573351110093802,0
0022400873,2025-03-02,7.598175211592007,4.8727776256863535,2.725397585905657,-73.58489249876743,0,0,0,0.2,6.3999999999999915,4.0,2.3999999999999915,7.598175211592007,4.8727776256863535,2.725397585905657,0
0022400874,2025-03-02,4.195855456529316,-12.694114644392371,16.889970100921683,70.62053087816071,0,0,0,0.8,3.0,-13.799999999999997,16.799999999999997,4.195855456529316,-12.694114644392371,16.889970100921683,1
0022400875,2025-03-03,-34.92685369691384,10.528608868810693,-45.45546256572453,-222.86133330637404,0,0,0,-0.8,-32.400000000000006,14.400000000000006,-46.80000000000001,-34.92685369691384,10.528608868810693,-45.45546256572453,0
0022400876,2025-03-03,-8.098865609728193,16.678665441306705,-24.7775310510349,-103.94161765087483,1,0,1,-0.6000000000000001,-17.200000000000003,8.799999999999997,-26.0,-8.098865609728193,16.678665441306705,-24.7775310510349,0
0022400877,2025-03-03,15.0753474110752,12.216577025089975,2.8587703859852267,180.5229037199149,-1,1,0,0.0,7.0,4.199999999999989,2.8000000000000114,15.0753474110752,12.216577025089975,2.8587703859852267,1
0022400878,2025-03-03,4.898897501855686,-1.2192125668077551,6.118110068663424,119.2530640689688,-1,0,0,0.2,8.599999999999994,2.200000000000003,6.3999999999999915,4.898897501855686,-1.2192125668077551,6.118110068663424,0
0022400879,2025-03-03,17.984643451989086,10.279386917242903,7.705256534746157,141.15815477662113,-1,1,0,0.20000000000000007,22.19999999999999,14.200000000000003,7.999999999999986,17.984643451989086,10.279386917242903,7.705256534746157,1
0022400880,2025-03-03,-14.9800685955978,-1.1182506735313638,-13.861817922066447,-24.485498900855873,0,0,0,-0.19999999999999996,-14.0,0.0,-14.0,-14.9800685955978,-1.1182506735313638,-13.861817922066447,0
0022400881,2025-03-03,-4.469926887446377,7.032997524955178,-11.502924412401573,-211.5500576707825,-1,1,0,-0.4,-6.0,5.200000000000003,-11.200000000000003,-4.469926887446377,7.032997524955178,-11.502924412401573,0
0022400882,2025-03-04,11.233068051962007,1.1212816697661054,10.111786382195895,18.248615157844824,1,0,1,0.19999999999999996,7.799999999999997,-2.6000000000000085,10.400000000000006,11.233068051962007,1.1212816697661054,10.111786382195895,1
0022400883,2025-03-04,-1.663042842851425,0.724812700261424,-2.3878555431128543,18.744536794794158,0,0,0,-0.2,-5.0,-3.1999999999999886,-1.8000000000000114,-1.663042842851425,0.724812700261424,-2.3878555431128543,0
0022400884,2025-03-04,3.5970764691509913,15.29723799547503,-11.700161526324038,-83.27178494425607,-2,1,0,-0.4,5.400000000000006,17.400000000000006,-12.0,3.5970764691509913,15.29723799547503,-11.700161526324038,0
0022400885,2025-03-04,-12.587674013153233,10.329919596284896,-22.91759360943812,77.23055177807828,1,0,1,-0.20000000000000007,-12.599999999999994,10.799999999999997,-23.39999999999999,-12.587674013153233,10.329919596284896,-22.91759360943812,0
0022400886,2025-03-04,-10.931741980636161,5.770819293119729,-16.702561273755887,-291.95471647428235,0,0,0,-0.6,-7.200000000000017,8.0,-15.200000000000017,-10.931741980636161,5.770819293119729,-16.702561273755887,0
0022400887,2025-03-04,3.955705331795741,-6.036811092611984,9.992516424407725,148.3882907304046,1,0,1,0.2,8.399999999999991,-2.200000000000003,10.599999999999994,3.955705331795741,-6.036811092611984,9.992516424407725,1
0022400888,2025-03-04,2.83996913587319,1.3538438119398961,1.4861253239332868,41.8320919000962,-1,0,0,0.0,9.200000000000003,8.0,1.2000000000000028,2.83996913587319,1.3538438119398961,1.4861253239332868,1
0022400889,2025-03-04,9.947114959752824,9.514674440537277,0.4324405192155414,-74.92250197727435,0,0,0,0.0,12.400000000000006,12.0,0.4000000000000057,9.947114959752824,9.514674440537277,0.4324405192155414,1
0022400890,2025-03-04,1.29514307542415,-5.17610779621468,6.4712508716388015,210.54107832920795,0,0,0,0.19999999999999996,-5.599999999999994,-11.200000000000003,5.6000000000000085,1.29514307542415,-5.17610779621468,6.4712508716388015,1
0022400891,2025-03-05,0.9431763600928207,8.718015825481942,-7.774839465389116,119.99156394238094,1,0,0,-0.20000000000000007,-12.0,-4.200000000000003,-7.799999999999997,0.9431763600928207,8.718015825481942,-7.774839465389116,1
0022400892,2025-03-05,-22.252638172936287,5.095666506781825,-27.348304679718094,-236.92344718461663,1,0,1,-0.6,-22.799999999999997,5.3999999999999915,-28.19999999999999,-22.252638172936287,5.095666506781825,-27.348304679718094,0
0022400893,2025-03-05,8.775339178570945,-1.5357764554826048,10.311115634053538,210.23356375184517,-1,1,0,0.4,17.19999999999999,6.800000000000011,10.399999999999977,8.775339178570945,-1.5357764554826048,10.311115634053538,1
0022400894,2025-03-05,-3.814634592545872,-9.600019625282386,5.785385032736503,-39.783886692922124,0,0,0,0.2,-7.200000000000003,-13.200000000000003,6.0,-3.814634592545872,-9.600019625282386,5.785385032736503,1
0022400895,2025-03-05,-5.769672254245961,4.126335812350973,-9.896008066596954,-135.4332124745954,0,0,0,-0.6000000000000001,-6.0,4.3999999999999915,-10.399999999999991,-5.769672254245961,4.126335812350973,-9.896008066596954,0
0022400896,2025-03-05,-10.901882350447153,6.212520163788582,-17.11440251423573,67.70422070602922,1,0,0,-0.4,-3.4000000000000057,13.399999999999991,-16.799999999999997,-10.901882350447153,6.212520163788582,-17.11440251423573,1
0022400897,2025-03-05,11.897374427389693,-7.616431115812091,19.513805543201755,86.28009469096673,-1,1,0,0.6000000000000001,15.600000000000009,-4.0,19.60000000000001,11.897374427389693,-7.616431115812091,19.513805543201755,1
0022400898,2025-03-05,-4.481081540866327,11.109595252064054,-15.590676792930381,-62.17123266422823,-1,1,0,-0.6000000000000001,-10.200000000000003,5.6000000000000085,-15.800000000000011,-4.481081540866327,11.109595252064054,-15.590676792930381,1
0022400899,2025-03-06,-4.916883160883685,7.7044133421463386,-12.62129650303002,-109.81662744057235,0,0,0,-0.19999999999999996,-2.0,10.799999999999997,-12.799999999999997,-4.916883160883685,7.7044133421463386,-12.62129650303002,1
0022400900,2025-03-06,7.556587620856689,-4.337030032277312,11.89361765313399,251.96634682229774,-1,1,0,0.39999999999999997,1.4000000000000057,-10.799999999999997,12.200000000000003,7.556587620856689,-4.337030032277312,11.89361765313399,1
0022400901,2025-03-06,-12.983302312145355,13.83924069790109,-26.82254301004648,-165.84026523589978,0,0,0,-0.8,-14.400000000000006,12.599999999999994,-27.0,-12.983302312145355,13.83924069790109,-26.82254301004648,0
0022400902,2025-03-06,7.288870180872152,7.606708791501035,-0.31783861062889107,-156.70573449840458,0,0,0,0.19999999999999996,6.599999999999994,6.6000000000000085,-1.4210854715202004e-14,7.288870180872152,7.606708791501035,-0.31783861062889107,0
0022400903,2025-03-06,8.589488657379633,-4.313818091354463,12.903306748734089,-1.3326651946274524,0,0,0,0.4,4.199999999999989,-8.400000000000006,12.599999999999994,8.589488657379633,-4.313818091354463,12.903306748734089,1
0022400944,2025-03-06,-9.06820590114215,-3.1994890420984348,-5.868716859043693,16.767170308796267,0,0,0,-0.2,-18.19999999999999,-12.399999999999991,-5.799999999999997,-9.06820590114215,-3.1994890420984348,-5.868716859043693,0
0022400904,2025-03-07,-27.451514147531427,6.039166149761499,-33.49068029729291,-407.16424506848193,0,0,0,-1.0,-26.0,7.3999999999999915,-33.39999999999999,-27.451514147531427,6.039166149761499,-33.49068029729291,0
0022400905,2025-03-07,-4.557628576020818,-7.551489222282157,2.9938606462613446,88.59020037660025,1,0,0,0.2,-8.400000000000006,-11.799999999999997,3.3999999999999915,-4.557628576020818,-7.551489222282157,2.9938606462613446,1
0022400906,2025-03-07,-13.634669719312981,-3.5667249404739323,-10.067944778839038,-76.720213446878,0,0,0,0.0,-20.200000000000003,-10.000000000000014,-10.199999999999989,-13.634669719312981,-3.5667249404739323,-10.067944778839038,0
0022400907,2025-03-07,4.050021937278302,4.029898252642752,0.020123684635547257,-58.23832431512801,0,0,0,0.0,-0.7999999999999972,-0.19999999999998863,-0.6000000000000085,4.050021937278302,4.029898252642752,0.020123684635547257,0
0022400908,2025-03-07,8.837755783362994,2.69343407073697,6.1443217126260095,198.55908257525948,0,0,0,0.4,10.200000000000003,3.3999999999999915,6.800000000000011,8.837755783362994,2.69343407073697,6.1443217126260095,1
0022400909,2025-03-07,-6.776756302151739,-11.198771143650575,4.422014841498841,152.27506155592255,-1,0,0,0.19999999999999996,-3.200000000000003,-8.0,4.799999999999997,-6.776756302151739,-11.198771143650575,4.422014841498841,1
0022400910,2025-03-07,6.137710956411183,-14.505970781468136,20.643681737879323,81.75418485347882,-1,0,0,0.4,-1.0,-21.599999999999994,20.599999999999994,6.137710956411183,-14.505970781468136,20.643681737879323,1
0022400911,2025-03-07,9.014495077663184,7.552907820452788,1.461587257210391,-78.84884163773881,1,0,1,-0.19999999999999996,3.0,1.5999999999999943,1.4000000000000057,9.014495077663184,7.552907820452788,1.461587257210391,1
0022400912,2025-03-08,-7.6638293045420625,-9.766033356254937,2.102204051712871,-85.96885924979574,-1,1,0,0.0,-5.0,-7.0,2.0,-7.6638293045420625,-9.766033356254937,2.102204051712871,1
0022400913,2025-03-08,-4.607513016282425,-10.35368930916161,5.746176292879184,173.47016904517886,0,0,0,0.0,-2.4000000000000057,-7.800000000000011,5.400000000000006,-4.607513016282425,-10.35368930916161,5.746176292879184,1
0022400914,2025-03-08,-2.0151735850247263,12.37951612169752,-14.394689706722264,-89.25168726637298,0,0,0,-0.19999999999999996,2.799999999999997,17.39999999999999,-14.599999999999994,-2.0151735850247263,12.37951612169752,-14.394689706722264,1
0022400915,2025-03-08,-2.2176686830038506,1.3515837232683054,-3.569252406272139,116.85501726725465,-2,1,0,0.0,-2.799999999999997,0.7999999999999972,-3.5999999999999943,-2.2176686830038506,1.3515837232683054,-3.569252406272139,0
0022400916,2025-03-08,1.2024221457901376,-6.944556997543657,8.146979143333814,64.3658176834067,-1,1,0,0.0,-8.400000000000006,-16.400000000000006,8.0,1.2024221457901376,-6.944556997543657,8.146979143333814,0
0022400917,2025-03-08,8.119294312702792,-13.378332712939681,21.497627025642473,169.24492584722088,1,0,0,0.8,15.799999999999997,-5.799999999999997,21.599999999999994,8.119294312702792,-13.378332712939681,21.497627025642473,0
0022400918,2025-03-08,4.519448129136848,11.609630018905548,-7.090181889768701,30.60508674288849,0,0,0,-0.4,0.0,7.200000000000003,-7.200000000000003,4.519448129136848,11.609630018905548,-7.090181889768701,1
0022400919,2025-03-08,2.3993834656352675,5.118942220267257,-2.7195587546320015,2.0400623144694237,-1,0,0,0.20000000000000007,-1.2000000000000028,1.7999999999999972,-3.0,2.3993834656352675,5.118942220267257,-2.7195587546320015,1
0022400920,2025-03-09,4.85136337109293,-7.023150942420784,11.874514313513718,102.2836583259309,0,0,0,0.4,6.200000000000003,-6.0,12.200000000000003,4.85136337109293,-7.023150942420784,11.874514313513718,1
0022400921,2025-03-09,-17.700653749043,-6.299746417002325,-11.400907332040685,18.314443496078866,0,0,0,-0.2,-12.599999999999994,-1.0,-11.599999999999994,-17.700653749043,-6.299746417002325,-11.400907332040685,0
0022400922,2025-03-09,0.4716286822039848,-3.0756901714047302,3.5473188536087124,-151.4197056156554,-1,1,0,-0.19999999999999996,0.20000000000000284,-3.6000000000000085,3.8000000000000114,0.4716286822039848,-3.0756901714047302,3.5473188536087124,0
0022400923,2025-03-09,-0.8568005238346785,11.612737156038719,-12.469537679873397,-190.64040405557148,-1,1,0,0.0,-6.200000000000003,6.0,-12.200000000000003,-0.8568005238346785,11.612737156038719,-12.469537679873397,0
0022400924,2025-03-09,3.892199763532261,5.324822853380539,-1.4326230898482581,51.38119906463044,1,0,0,0.0,-5.0,-4.799999999999997,-0.20000000000000284,3.892199763532261,5.324822853380539,-1.4326230898482581,1
0022400925,2025-03-09,0.42771331655927725,-14.826898748274331,15.254612064833605,120.54721842843765,0,0,0,0.4,-3.0,-18.200000000000003,15.200000000000003,0.42771331655927725,-14.826898748274331,15.254612064833605,1
0022400926,2025-03-09,-0.911836349170585,1.7780226309209866,-2.6898589800915804,-48.763617853732285,1,0,1,0.0,-3.3999999999999915,0.0,-3.3999999999999915,-0.911836349170585,1.7780226309209866,-2.6898589800915804,0
0022400927,2025-03-09,-8.423144559918072,3.598113802261608,-12.02125836217969,-4.066615115414834,0,0,0,-0.4,-8.200000000000003,3.1999999999999886,-11.399999999999991,-8.423144559918072,3.598113802261608,-12.02125836217969,1
0022400928,2025-03-10,4.643597345911672,-1.2595445109473502,5.90314185685902,95.16717451112027,1,0,1,0.19999999999999996,9.0,3.799999999999997,5.200000000000003,4.643597345911672,-1.2595445109473502,5.90314185685902,1
0022400929,2025-03-10,19.672597356130595,2.2680765061193995,17.404520850011174,320.31487197682486,1,0,1,0.8,1.5999999999999943,-16.200000000000003,17.799999999999997,19.672597356130595,2.2680765061193995,17.404520850011174,1
0022400930,2025-03-10,-8.360913682522096,8.39349223474737,-16.754405917269466,-230.886826670848,0,0,0,-0.8,-6.799999999999997,10.0,-16.799999999999997,-8.360913682522096,8.39349223474737,-16.754405917269466,1
0022400931,2025-03-10,2.0441192341608456,-6.644662676444824,8.688781910605664,158.90327626173666,0,0,0,0.0,1.0,-7.800000000000011,8.800000000000011,2.0441192341608456,-6.644662676444824,8.688781910605664,0
0022400932,2025-03-10,1.8429692978847925,0.2123177120912345,1.6306515857935664,85.77467595338089,0,0,0,0.0,0.19999999999998863,-1.3999999999999915,1.59999999999998,1.8429692978847925,0.2123177120912345,1.6306515857935664,1
0022400933,2025-03-10,-8.477850922800954,-1.439656484757208,-7.0381944380437265,-125.63587044646806,0,0,0,0.19999999999999996,-1.0,6.0,-7.0,-8.477850922800954,-1.439656484757208,-7.0381944380437265,1
0022400934,2025-03-10,1.421665940619448,-2.110947377882596,3.532613318502018,133.35196631597,0,0,0,0.2,4.799999999999997,1.2000000000000028,3.5999999999999943,1.421665940619448,-2.110947377882596,3.532613318502018,1
0022400935,2025-03-10,-9.233071594584317,-7.181222597050677,-2.0518489975336704,110.54196360406627,0,1,1,-0.19999999999999996,-3.5999999999999943,-1.7999999999999972,-1.7999999999999972,-9.233071594584317,-7.181222597050677,-2.0518489975336704,1
0022400936,2025-03-10,5.046477024616081,-11.877232064120875,16.923709088736956,111.79812837372674,0,1,1,0.4,6.400000000000006,-10.400000000000006,16.80000000000001,5.046477024616081,-11.877232064120875,16.923709088736956,0
0022400937,2025-03-10,16.650673566035564,5.951340312677274,10.699333253358272,-19.042552001793638,0,1,1,0.4,14.600000000000009,3.4000000000000057,11.200000000000003,16.650673566035564,5.951340312677274,10.699333253358272,0
0022400938,2025-03-10,6.935280866300829,-2.9082258435799275,9.843506709880746,76.55714266460564,1,0,1,0.6000000000000001,4.199999999999989,-6.200000000000003,10.399999999999991,6.935280866300829,-2.9082258435799275,9.843506709880746,1
0022400939,2025-03-10,14.732813942775167,0.9585605716984702,13.774253371076721,-63.30519464226904,-2,1,0,0.19999999999999996,9.200000000000003,-4.0,13.200000000000003,14.732813942775167,0.9585605716984702,13.774253371076721,0
0022400940,2025-03-11,6.6044283812401545,-8.94389731507789,15.548325696318011,331.5546665434108,1,0,1,0.8,15.0,-1.2000000000000028,16.200000000000003,6.6044283812401545,-8.94389731507789,15.548325696318011,1
0022400941,2025-03-11,6.137628223033403,-4.6878866301339315,10.825514853167316,241.8146257331873,1,0,1,0.0,8.599999999999994,-2.799999999999997,11.399999999999991,6.137628223033403,-4.6878866301339315,10.825514853167316,1
0022400942,2025-03-11,-4.005397949261919,2.031933765495495,-6.037331714757409,-5.197647732215955,-1,1,0,-0.19999999999999996,-4.799999999999997,2.200000000000003,-7.0,-4.005397949261919,2.031933765495495,-6.037331714757409,1
0022400943,2025-03-11,-5.085160724338834,8.78930884333981,-13.874469567678647,-167.48760494086082,0,0,0,-0.39999999999999997,0.6000000000000085,14.399999999999991,-13.799999999999983,-5.085160724338834,8.78930884333981,-13.874469567678647,1
0022400945,2025-03-12,12.849761038257341,4.914780212527205,7.934980825730122,167.7015404436056,0,0,0,0.4,18.200000000000003,10.0,8.200000000000003,12.849761038257341,4.914780212527205,7.934980825730122,1
0022400946,2025-03-12,4.355359765314418,4.339653020342965,0.01570674497143898,-51.75980862340657,0,0,0,0.19999999999999996,-6.3999999999999915,-5.599999999999994,-0.7999999999999972,4.355359765314418,4.339653020342965,0.01570674497143898,0
0022400947,2025-03-12,1.303585596678957,-14.950298035425078,16.253883632104007,35.88514813249435,0,0,0,0.6000000000000001,0.8000000000000114,-15.200000000000003,16.000000000000014,1.303585596678957,-14.950298035425078,16.253883632104007,1
0022400948,2025-03-12,-12.186651995975467,-10.462297221051443,-1.724354774924012,-74.28697253352425,1,0,1,-0.39999999999999997,-9.600000000000009,-7.799999999999997,-1.8000000000000114,-12.186651995975467,-10.462297221051443,-1.724354774924012,0
0022400949,2025-03-12,-5.708874269919377,-15.47258283830655,9.763708568387182,101.51401745035378,0,0,0,0.19999999999999996,-3.799999999999997,-13.599999999999994,9.799999999999997,-5.708874269919377,-15.47258283830655,9.763708568387182,1
0022400950,2025-03-12,7.8254917316426145,-0.7187741341784459,8.544265865821066,252.28713710817237,0,0,0,0.6,3.0,-6.400000000000006,9.400000000000006,7.8254917316426145,-0.7187741341784459,8.544265865821066,1
0022400951,2025-03-12,12.978344622663869,7.100182227095047,5.878162395568816,-43.62028534368778,0,0,0,0.0,11.200000000000003,5.0,6.200000000000003,12.978344622663869,7.100182227095047,5.878162395568816,1
0022400952,2025-03-12,-3.256417966240363,11.045069984416358,-14.301487950656739,55.22999362734345,-1,0,0,-0.4,-0.5999999999999943,13.400000000000006,-14.0,-3.256417966240363,11.045069984416358,-14.301487950656739,0
0022400953,2025-03-12,1.1216136221146655,7.382667617418534,-6.261053995303894,-108.85605616108342,0,0,0,-0.2,0.5999999999999943,7.6000000000000085,-7.000000000000014,1.1216136221146655,7.382667617418534,-6.261053995303894,0
0022400954,2025-03-13,9.766657111906511,-7.324994089006395,17.091651200912896,246.72031615804235,0,0,0,0.19999999999999996,12.200000000000003,-5.6000000000000085,17.80000000000001,9.766657111906511,-7.324994089006395,17.091651200912896,0
0022400955,2025-03-13,-1.1365206542905497,-1.2249610315729598,0.08844037728239051,-47.95330687302021,-1,0,0,-0.19999999999999996,4.200000000000003,3.6000000000000085,0.5999999999999943,-1.1365206542905497,-1.2249610315729598,0.08844037728239051,1
0022400956,2025-03-13,-3.5422444622457334,-5.351153423336342,1.8089089610906002,55.25244773181453,1,0,0,0.39999999999999997,8.0,6.200000000000003,1.7999999999999972,-3.5422444622457334,-5.351153423336342,1.8089089610906002,1
0022400957,2025-03-13,1.181735509142655,-6.5089542089529715,7.690689718095621,63.740386155335955,0,0,0,0.6,5.200000000000003,-3.0,8.200000000000003,1.181735509142655,-6.5089542089529715,7.690689718095621,1
0022401141,2025-03-13,2.6866714756055075,10.805970683758048,-8.119299208152563,-38.3738010959205,-1,0,0,0.0,5.400000000000006,13.799999999999997,-8.399999999999991,2.6866714756055075,10.805970683758048,-8.119299208152563,0
0022400958,2025-03-14,-16.800011947329452,-2.327182710557665,-14.472829236771798,-199.49742461050164,0,0,0,-0.8,-12.399999999999991,1.2000000000000028,-13.599999999999994,-16.800011947329452,-2.327182710557665,-14.472829236771798,0
0022400959,2025-03-14,-0.6039591058087126,7.476825953308307,-8.080785059117014,-172.82219064009928,-1,0,0,-0.2,0.4000000000000057,8.0,-7.599999999999994,-0.6039591058087126,7.476825953308307,-8.080785059117014,0
0022400960,2025-03-14,-1.3827978507066518,-0.2637305677236128,-1.1190672829830532,-40.05434761917559,0,0,0,0.0,8.400000000000006,9.0,-0.5999999999999943,-1.3827978507066518,-0.2637305677236128,-1.1190672829830532,0
0022400961,2025-03-14,0.3033853455736164,-19.94731206731808,20.250697412891686,106.04747480751166,0,0,0,0.6000000000000001,-3.5999999999999943,-24.39999999999999,20.799999999999997,0.3033853455736164,-19.94731206731808,20.250697412891686,1
0022400962,2025-03-14,-3.575149157476062,3.9252956664245318,-7.500444823900607,-139.71940605935902,-1,0,0,-0.19999999999999996,-3.200000000000003,4.599999999999994,-7.799999999999997,-3.575149157476062,3.9252956664245318,-7.500444823900607,0
0022400963,2025-03-14,14.133079974586863,1.6876308581302055,12.44544911645668,149.1741979986773,1,0,1,0.6,13.799999999999997,1.4000000000000057,12.399999999999991,14.133079974586863,1.6876308581302055,12.44544911645668,1
0022400964,2025-03-14,13.409190161237575,12.273104654777526,1.1360855064600344,112.31470490933884,0,0,0,0.0,13.599999999999994,12.0,1.5999999999999943,13.409190161237575,12.273104654777526,1.1360855064600344,0
0022400965,2025-03-14,7.873348478238697,9.96871361759922,-2.095365139360533,23.813722988563086,1,0,1,0.19999999999999996,7.799999999999997,9.599999999999994,-1.7999999999999972,7.873348478238697,9.96871361759922,-2.095365139360533,1
0022400966,2025-03-14,-5.053808757002685,7.470004183973884,-12.523812940976546,-104.39413870060798,0,0,0,-0.8,-2.0,11.200000000000003,-13.200000000000003,-5.053808757002685,7.470004183973884,-12.523812940976546,0
0022400967,2025-03-14,9.656348390675973,1.9503155802238865,7.706032810452099,-54.64484654239709,1,0,1,0.2,10.400000000000006,2.799999999999997,7.6000000000000085,9.656348390675973,1.9503155802238865,7.706032810452099,1
0022400968,2025-03-15,-4.5778097948902285,6.807827011565678,-11.38563680645592,-265.52298304534156,1,0,1,-0.6000000000000001,-3.3999999999999915,7.200000000000003,-10.599999999999994,-4.5778097948902285,6.807827011565678,-11.38563680645592,0
0022400969,2025-03-15,-5.440371934070981,3.083629202230597,-8.524001136301592,-160.26599530665976,-1,0,0,-0.4,-1.3999999999999915,7.0,-8.399999999999991,-5.440371934070981,3.083629202230597,-8.524001136301592,0
0022400970,2025-03-15,6.552565158729564,-10.997754048762346,17.550319207491917,122.77915152892047,-1,1,0,0.19999999999999996,0.6000000000000085,-17.200000000000003,17.80000000000001,6.552565158729564,-10.997754048762346,17.550319207491917,1
0022400971,2025-03-15,9.128431025249341,-1.4648709544432847,10.59330197969264,140.25780224394907,0,1,1,0.8,17.0,6.799999999999997,10.200000000000003,9.128431025249341,-1.4648709544432847,10.59330197969264,1
0022400972,2025-03-15,4.145347651727931,-4.452061599401759,8.597409251129687,-8.89770420544005,1,0,1,0.0,4.0,-5.599999999999994,9.599999999999994,4.145347651727931,-4.452061599401759,8.597409251129687,1
0022400973,2025-03-15,15.142982875425048,11.67171405078696,3.4712688246380807,48.1993011884033,-1,1,0,0.0,16.80000000000001,13.400000000000006,3.4000000000000057,15.142982875425048,11.67171405078696,3.4712688246380807,1
0022400974,2025-03-15,15.710665443692633,5.009082053724995,10.701583389967636,-25.806820837128953,-1,0,0,0.6,11.400000000000006,1.2000000000000028,10.200000000000003,15.710665443692633,5.009082053724995,10.701583389967636,1
0022400975,2025-03-15,11.5308944030226,10.082000265127718,1.4488941378948734,271.85834654559017,-1,1,0,0.0,7.799999999999997,6.0,1.7999999999999972,11.5308944030226,10.082000265127718,1.4488941378948734,0
0022400538,2025-03-16,2.3166499004019556,-5.5735140226862825,7.890163923088196,211.07091496572752,0,0,0,0.20000000000000007,-1.2000000000000028,-9.0,7.799999999999997,2.3166499004019556,-5.5735140226862825,7.890163923088196,1
0022400976,2025-03-16,3.4851750983157785,6.219085041848672,-2.733909943532865,82.43674900159226,0,0,0,0.0,2.6000000000000085,5.599999999999994,-2.999999999999986,3.4851750983157785,6.219085041848672,-2.733909943532865,0
0022400977,2025-03-16,-14.998934678953603,-6.235460289362678,-8.763474389590934,113.33541451264728,0,0,0,-0.2,-11.200000000000003,-2.8000000000000114,-8.399999999999991,-14.998934678953603,-6.235460289362678,-8.763474389590934,1
0022400978,2025-03-16,0.7908639789985727,4.75339249754245,-3.962528518543866,-108.38149052362382,-1,1,0,-0.6000000000000001,-11.400000000000006,-7.400000000000006,-4.0,0.7908639789985727,4.75339249754245,-3.962528518543866,1
0022400979,2025-03-16,3.1832885110479623,-2.8218905291808483,6.005179040228788,302.8330082642701,0,0,0,0.6,8.399999999999991,2.0,6.3999999999999915,3.1832885110479623,-2.8218905291808483,6.005179040228788,0
0022400980,2025-03-16,-6.562001014917698,10.607699245851734,-17.169700260769417,42.91714146745767,2,0,0,-0.8,-9.199999999999989,8.799999999999997,-17.999999999999986,-6.562001014917698,10.607699245851734,-17.169700260769417,1
0022400981,2025-03-16,17.588411326535265,-1.1367952101027612,18.725206536638044,269.4318711874255,0,0,0,1.0,6.599999999999994,-12.400000000000006,19.0,17.588411326535265,-1.1367952101027612,18.725206536638044,1
0022400982,2025-03-16,-1.6755062725381578,4.368488053251852,-6.043994325790012,-162.08043184200824,0,1,1,-0.4,-3.4000000000000057,2.3999999999999915,-5.799999999999997,-1.6755062725381578,4.368488053251852,-6.043994325790012,0
0022400537,2025-03-17,-15.263118505855502,-13.774721976378245,-1.4883965294772339,157.86548290241035,-1,1,0,-0.2,-16.80000000000001,-15.0,-1.8000000000000114,-15.263118505855502,-13.774721976378245,-1.4883965294772339,1
0022400984,2025-03-17,4.77981025365122,-11.87936992591517,16.659180179566402,173.82553120580906,0,0,0,0.4,9.599999999999994,-6.799999999999997,16.39999999999999,4.77981025365122,-11.87936992591517,16.659180179566402,1
0022400985,2025-03-17,6.896291284829019,-15.68411520422569,22.5804064890547,187.36902045107445,1,0,1,0.6,4.0,-18.799999999999997,22.799999999999997,6.896291284829019,-15.68411520422569,22.5804064890547,1
0022400986,2025-03-17,11.888913343961946,-4.727940021550154,16.616853365512075,32.41374541091568,-1,1,0,0.6,8.199999999999989,-9.0,17.19999999999999,11.888913343961946,-4.727940021550154,16.616853365512075,0
0022400987,2025-03-17,1.7953793030287954,14.337361048801,-12.541981745772206,-181.82401617732376,0,0,0,-0.2,-5.599999999999994,6.599999999999994,-12.199999999999989,1.7953793030287954,14.337361048801,-12.541981745772206,0
0022400989,2025-03-17,-8.742830687575108,5.907434089625525,-14.650264777200618,-130.74594620058951,-1,1,0,-0.8,-5.0,10.799999999999997,-15.799999999999997,-8.742830687575108,5.907434089625525,-14.650264777200618,0
0022400990,2025-03-17,4.162537713842298,-11.2167418826822,15.379279596524517,-3.6182421741214057,0,0,0,0.6,0.19999999999998863,-14.799999999999997,14.999999999999986,4.162537713842298,-11.2167418826822,15.379279596524517,0
0022400991,2025-03-17,7.4524034331513604,12.179298618623577,-4.726895185472193,26.131496833893834,0,1,1,-0.19999999999999996,-3.4000000000000057,2.0,-5.400000000000006,7.4524034331513604,12.179298618623577,-4.726895185472193,1
0022400992,2025-03-17,-4.531779730611049,14.156826368393837,-18.68860609900488,-76.02116668675649,1,0,0,-0.6000000000000001,-9.399999999999991,8.799999999999997,-18.19999999999999,-4.531779730611049,14.156826368393837,-18.68860609900488,1
0022400995,2025-03-17,-6.635743691873131,-5.745870762052277,-0.8898729298208394,128.1165135102524,-1,1,0,-0.39999999999999997,-8.200000000000003,-7.0,-1.2000000000000028,-6.635743691873131,-5.745870762052277,-0.8898729298208394,1
0022400993,2025-03-18,-1.606324103375016,3.032374103640066,-4.638698207015082,-140.2182819693037,0,0,0,0.0,-6.800000000000011,-2.0,-4.800000000000011,-1.606324103375016,3.032374103640066,-4.638698207015082,0
0022400994,2025-03-18,0.9477670103608347,-4.7789388911033654,5.726705901464186,266.41445787953694,1,0,0,0.4,-1.0,-6.200000000000003,5.200000000000003,0.9477670103608347,-4.7789388911033654,5.726705901464186,1
0022400997,2025-03-18,10.55963793002256,0.9109435101510002,9.64869441987158,-161.9473459461176,0,0,0,0.0,3.799999999999997,-5.199999999999989,8.999999999999986,10.55963793002256,0.9109435101510002,9.64869441987158,1
0022401012,2025-03-18,2.5180768445323594,-5.3869110547642975,7.904987899296649,27.897376620515843,-1,1,0,0.4,1.2000000000000028,-6.199999999999989,7.3999999999999915,2.5180768445323594,-5.3869110547642975,7.904987899296649,1
0022400627,2025-03-19,-6.287944371084308,-3.4355988551890277,-2.8523455158953013,-52.054525696416476,0,0,0,-0.4,-3.799999999999997,-0.20000000000000284,-3.5999999999999943,-6.287944371084308,-3.4355988551890277,-2.8523455158953013,1
0022400998,2025-03-19,-3.9664531908435947,-13.790922502138628,9.824469311295049,127.27043736693577,-1,0,0,0.39999999999999997,-1.0,-10.399999999999991,9.399999999999991,-3.9664531908435947,-13.790922502138628,9.824469311295049,1
0022400999,2025-03-19,-7.6114932358459555,3.9099340754903267,-11.521427311336307,-132.52121101949638,1,0,0,-0.4,-15.0,-3.0,-12.0,-7.6114932358459555,3.9099340754903267,-11.521427311336307,0
0022401000,2025-03-19,-15.433874462049559,14.846483367767888,-30.280357829817437,-127.80434792751953,0,0,0,-0.6,-23.60000000000001,6.0,-29.60000000000001,-15.433874462049559,14.846483367767888,-30.280357829817437,0
0022401001,2025-03-19,16.358277497537998,-10.651786444893276,27.010063942431277,217.06425112492025,0,0,0,0.6000000000000001,22.400000000000006,-4.400000000000006,26.80000000000001,16.358277497537998,-10.651786444893276,27.010063942431277,0
0022401002,2025-03-19,5.3575977156782955,-9.491095708191793,14.848693423870092,345.936108915349,1,0,0,0.6000000000000001,2.200000000000003,-12.799999999999997,15.0,5.3575977156782955,-9.491095708191793,14.848693423870092,1
0022401003,2025-03-19,11.16948782406962,21.94292626985306,-10.773438445783423,-185.930414305692,0,0,0,-0.19999999999999996,13.0,24.0,-11.0,11.16948782406962,21.94292626985306,-10.773438445783423,1
0022401006,2025-03-19,-4.41267091015402,-3.6676082157834173,-0.7450626943705771,-23.557171235558826,0,0,0,-0.19999999999999996,-6.199999999999989,-5.200000000000003,-0.9999999999999858,-4.41267091015402,-3.6676082157834173,-0.7450626943705771,1
0022401007,2025-03-19,8.306568547877347,8.199247393246836,0.10732115463051173,12.957437538292652,0,0,0,-0.4,-1.4000000000000057,-0.6000000000000085,-0.7999999999999972,8.306568547877347,8.199247393246836,0.10732115463051173,1
0022401008,2025-03-19,-9.681848632909919,-4.671034206486723,-5.010814426423184,-75.24911511455389,0,0,0,-0.19999999999999996,-10.199999999999989,-5.3999999999999915,-4.799999999999997,-9.681848632909919,-4.671034206486723,-5.010814426423184,1
0022401009,2025-03-19,-0.46126380491138264,13.733770276063098,-14.19503408097448,-190.1697559726781,1,0,1,-0.39999999999999997,-4.0,10.0,-14.0,-0.46126380491138264,13.733770276063098,-14.19503408097448,1
0022400996,2025-03-20,3.214740107790149,-0.2660135247115534,3.4807536325017256,47.679735459421636,-1,1,0,0.19999999999999996,4.0,1.0,3.0,3.214740107790149,-0.2660135247115534,3.4807536325017256,0
0022401005,2025-03-20,10.093104784899111,-0.7437317632897305,10.836836548188856,159.7495960970864,-1,0,0,0.20000000000000007,2.4000000000000057,-7.200000000000003,9.600000000000009,10.093104784899111,-0.7437317632897305,10.836836548188856,1
0022401010,2025-03-20,-4.78511783328004,14.63546500358379,-19.42058283686383,-268.91091146125564,1,0,1,-0.19999999999999996,-2.4000000000000057,17.400000000000006,-19.80000000000001,-4.78511783328004,14.63546500358379,-19.42058283686383,1
0022401011,2025-03-20,5.111345289582474,-0.2574752080415692,5.3688204976240534,188.43858941518874,-1,1,0,0.6000000000000001,13.599999999999994,8.600000000000009,4.999999999999986,5.111345289582474,-0.2574752080415692,5.3688204976240534,1
0022401013,2025-03-20,2.7680968641955843,19.827724524757286,-17.05962766056171,76.9159004804078,0,1,1,-0.19999999999999996,-2.799999999999997,14.400000000000006,-17.200000000000003,2.7680968641955843,19.827724524757286,-17.05962766056171,0
0022401014,2025-03-21,0.6748904309329617,9.007014627384748,-8.332124196451783,-89.52505536179365,0,0,0,0.0,8.600000000000009,16.799999999999997,-8.199999999999989,0.6748904309329617,9.007014627384748,-8.332124196451783,0
0022401015,2025-03-21,-18.0821736261463,11.666375413351119,-29.748549039497423,-171.30253854074795,0,0,0,-1.0,-25.400000000000006,4.0,-29.400000000000006,-18.0821736261463,11.666375413351119,-29.748549039497423,0
0022401016,2025-03-21,8.53209589159573,-12.857289143380825,21.389385034976534,182.6168448654298,0,0,0,0.19999999999999996,14.200000000000003,-7.0,21.200000000000003,8.53209589159573,-12.857289143380825,21.389385034976534,1
0022401017,2025-03-21,9.356547880824834,-10.553709243086487,19.910257123911325,392.75057727391504,1,0,1,0.4,10.400000000000006,-9.600000000000009,20.000000000000014,9.356547880824834,-10.553709243086487,19.910257123911325,1
0022401018,2025-03-21,10.963514564559716,-1.2947231255383684,12.2582376900981,49.354125185541534,0,0,0,0.39999999999999997,7.199999999999989,-5.200000000000003,12.399999999999991,10.963514564559716,-1.2947231255383684,12.2582376900981,1
0022401019,2025-03-21,-0.4458191908478142,21.650493800235637,-22.096312991083423,-126.00236931594009,0,0,0,-0.39999999999999997,0.6000000000000085,22.799999999999997,-22.19999999999999,-0.4458191908478142,21.650493800235637,-22.096312991083423,1
0022401020,2025-03-21,-13.208305237097193,-1.5219158376345803,-11.686389399462609,-341.9644219623017,-1,0,0,-0.6000000000000001,2.4000000000000057,14.599999999999994,-12.199999999999989,-13.208305237097193,-1.5219158376345803,-11.686389399462609,0
0022401021,2025-03-21,5.439062522802786,-5.571479790125025,11.010542312927813,-215.33365152086208,0,0,0,0.19999999999999996,-1.0,-11.400000000000006,10.400000000000006,5.439062522802786,-5.571479790125025,11.010542312927813,1
0022401022,2025-03-21,1.212354966410544,-7.7073281796704975,8.919683146081034,-99.29277883418376,0,0,0,0.19999999999999996,-1.2000000000000028,-10.0,8.799999999999997,1.212354966410544,-7.7073281796704975,8.919683146081034,1
0022401023,2025-03-21,12.730224878785492,-2.1487172893527315,14.878942168138202,3.6405754461522974,1,0,0,0.4,4.599999999999994,-10.0,14.599999999999994,12.730224878785492,-2.1487172893527315,14.878942168138202,1
0022401024,2025-03-22,5.7920126493707755,-0.5197442964077794,6.311756945778569,194.82699697941734,0,0,0,0.6000000000000001,12.599999999999994,6.400000000000006,6.199999999999989,5.7920126493707755,-0.5197442964077794,6.311756945778569,1
0022401025,2025-03-22,5.034135712093189,7.67471296961601,-2.6405772575228097,-107.4153132491897,2,0,0,-0.20000000000000007,9.600000000000009,11.799999999999997,-2.1999999999999886,5.034135712093189,7.67471296961601,-2.6405772575228097,1
0022401026,2025-03-22,-1.5495095926313525,-6.440079583505053,4.890569990873697,242.12274376979258,1,0,1,0.0,-8.399999999999991,-13.599999999999994,5.200000000000003,-1.5495095926313525,-6.440079583505053,4.890569990873697,1
0022401027,2025-03-22,3.570271128804251,17.459886582189313,-13.889615453385051,-51.33065625874633,0,0,0,-0.19999999999999996,2.6000000000000085,16.400000000000006,-13.799999999999997,3.570271128804251,17.459886582189313,-13.889615453385051,0
0022401028,2025-03-22,-2.82410448197831,1.131004400701073,-3.9551088826793626,118.51615005312829,0,0,0,0.0,-4.599999999999994,-1.0,-3.5999999999999943,-2.82410448197831,1.131004400701073,-3.9551088826793626,0
0022401029,2025-03-23,12.85982140060095,-16.046848489023247,28.90666988962422,181.7149355587967,0,0,0,0.2,18.200000000000003,-9.799999999999997,28.0,12.85982140060095,-16.046848489023247,28.90666988962422,1
0022401030,2025-03-23,-14.234476180052482,-9.105051406743172,-5.129424773309307,-366.2780336188623,0,0,0,0.0,-8.400000000000006,-2.4000000000000057,-6.0,-14.234476180052482,-9.105051406743172,-5.129424773309307,0
0022401031,2025-03-23,3.7776217855420526,-11.777550410840945,15.555172196383023,115.600169501849,-1,1,0,0.39999999999999997,1.1999999999999886,-14.400000000000006,15.599999999999994,3.7776217855420526,-11.777550410840945,15.555172196383023,1
0022401032,2025-03-23,-11.707100169314742,-11.645799059967544,-0.06130110934721067,70.07491676683503,0,0,0,-0.4,-13.600000000000009,-13.599999999999994,-1.4210854715202004e-14,-11.707100169314742,-11.645799059967544,-0.06130110934721067,1
0022401033,2025-03-23,-16.816157055651757,-10.950556073804137,-5.86560098184764,-15.52275519356931,1,0,0,-0.19999999999999996,-12.200000000000003,-7.200000000000003,-5.0,-16.816157055651757,-10.950556073804137,-5.86560098184764,0
0022401034,2025-03-23,-3.8088343602217662,-6.235163571116985,2.4263292108952017,-146.65422200178614,0,0,0,0.0,3.5999999999999943,0.7999999999999972,2.799999999999997,-3.8088343602217662,-6.235163571116985,2.4263292108952017,0
0022401035,2025-03-23,6.372387399800175,-9.195843597088668,15.568230996888857,4.330103996876005,0,0,0,0.6,5.400000000000006,-10.400000000000006,15.800000000000011,6.372387399800175,-9.195843597088668,15.568230996888857,0
0022401036,2025-03-23,4.454491831163978,1.837446991829168,2.617044839334813,-163.86504348025687,0,0,0,0.0,-0.6000000000000085,-2.5999999999999943,1.9999999999999858,4.454491831163978,1.837446991829168,2.617044839334813,0
0022401037,2025-03-24,-6.79695384595648,4.800646865770517,-11.59760071172698,19.344774426051572,-1,0,0,0.20000000000000007,-5.200000000000003,6.3999999999999915,-11.599999999999994,-6.79695384595648,4.800646865770517,-11.59760071172698,1
0022401038,2025-03-24,2.7091919021619617,-6.866329521941566,9.575521424103519,-116.50585711495273,1,0,0,0.0,0.7999999999999972,-8.400000000000006,9.200000000000003,2.7091919021619617,-6.866329521941566,9.575521424103519,1
0022401039,2025-03-24,4.134188025408363,1.5250151220540147,2.6091729033543487,-76.04155854593341,1,0,1,0.0,4.599999999999994,2.5999999999999943,2.0,4.134188025408363,1.5250151220540147,2.6091729033543487,0
0022401040,2025-03-24,-5.075672573688806,-12.30800762818717,7.232335054498359,-69.69506564448511,-1,0,0,0.0,-11.600000000000009,-18.999999999999986,7.399999999999977,-5.075672573688806,-12.30800762818717,7.232335054498359,0
0022401041,2025-03-24,-6.276607743565933,1.7633009555142394,-8.03990869908017,-6.140933259927351,0,1,1,0.0,-13.600000000000009,-6.200000000000003,-7.400000000000006,-6.276607743565933,1.7633009555142394,-8.03990869908017,1
0022401042,2025-03-24,-8.912943420760115,4.379797615431514,-13.292741036191664,127.77876414241587,-1,1,0,-0.19999999999999996,-10.0,3.5999999999999943,-13.599999999999994,-8.912943420760115,4.379797615431514,-13.292741036191664,0
0022401043,2025-03-24,7.420454759720215,-2.4823245661874864,9.902779325907677,-85.06734810697412,1,0,0,0.20000000000000007,8.200000000000003,-1.2000000000000028,9.400000000000006,7.420454759720215,-2.4823245661874864,9.902779325907677,1
0022401044,2025-03-24,-3.206526696098919,13.03831703538765,-16.244843731486576,-170.2845012731725,1,0,1,-0.6,2.5999999999999943,18.0,-15.400000000000006,-3.206526696098919,13.03831703538765,-16.244843731486576,0
0022401045,2025-03-25,-9.439163787660277,14.916401340325478,-24.35556512798577,-124.93675756737935,1,0,1,-0.39999999999999997,-9.799999999999997,14.0,-23.799999999999997,-9.439163787660277,14.916401340325478,-24.35556512798577,0
0022401046,2025-03-25,0.37870329706490224,0.5781694197186198,-0.19946612265371222,104.05359703773638,0,0,0,-0.20000000000000007,0.7999999999999972,1.2000000000000028,-0.4000000000000057,0.37870329706490224,0.5781694197186198,-0.19946612265371222,1
0022401047,2025-03-25,-0.8749418416911112,8.057648906891899,-8.932590748583026,-166.17472597757956,-1,0,0,-0.39999999999999997,-3.799999999999997,5.0,-8.799999999999997,-0.8749418416911112,8.057648906891899,-8.932590748583026,1
0022401048,2025-03-25,-5.909987437172276,-10.414165159009372,4.5041777218370695,123.57137318530704,2,0,1,0.0,-12.0,-17.200000000000003,5.200000000000003,-5.909987437172276,-10.414165159009372,4.5041777218370695,1
0022401049,2025-03-25,-1.6778707689933299,-0.20224265418039522,-1.4756281148129142,85.20615376645492,0,0,0,0.20000000000000007,-2.4000000000000057,-1.2000000000000028,-1.2000000000000028,-1.6778707689933299,-0.20224265418039522,-1.4756281148129142,1
0022401050,2025-03-25,-14.086332689914656,-3.265058782386504,-10.821273907528157,-246.40931433400146,-2,0,0,0.0,-12.199999999999989,-1.3999999999999915,-10.799999999999997,-14.086332689914656,-3.265058782386504,-10.821273907528157,0
0022401051,2025-03-25,0.33415192263362314,-8.566265421437677,8.900417344071277,-175.22659298293206,0,0,0,0.6000000000000001,0.6000000000000085,-8.200000000000003,8.800000000000011,0.33415192263362314,-8.566265421437677,8.900417344071277,0
0022401052,2025-03-25,-3.7321246608101433,19.34491428836452,-23.077038949174636,-252.4514109030049,-1,1,0,-0.6,-7.400000000000006,15.400000000000006,-22.80000000000001,-3.7321246608101433,19.34491428836452,-23.077038949174636,0
0022401053,2025-03-26,10.447448761836839,10.818294745012992,-0.3708459831761548,41.5403830208229,0,0,0,0.0,10.799999999999997,11.000000000000014,-0.20000000000001705,10.447448761836839,10.818294745012992,-0.3708459831761548,0
0022401054,2025-03-26,4.88148876650996,-3.4735658044271247,8.35505457093708,-54.71576201742732,0,0,0,0.0,3.0,-5.3999999999999915,8.399999999999991,4.88148876650996,-3.4735658044271247,8.35505457093708,0
0022401055,2025-03-26,1.7756457022589984,-13.672074311745533,15.447720014004513,31.990752914970244,0,0,0,0.6,8.799999999999997,-6.599999999999994,15.399999999999991,1.7756457022589984,-13.672074311745533,15.447720014004513,0
0022401056,2025-03-26,-9.656533395304535,4.385850019673001,-14.042383414977513,24.85293095619022,-2,1,0,-0.20000000000000007,-7.200000000000003,6.0,-13.200000000000003,-9.656533395304535,4.385850019673001,-14.042383414977513,0
0022401057,2025-03-26,0.38888069728216124,7.020993193582555,-6.632112496300405,26.91640125846243,0,0,0,0.0,6.0,12.599999999999994,-6.599999999999994,0.38888069728216124,7.020993193582555,-6.632112496300405,1
0022401058,2025-03-26,-3.979058972918665,-0.8147277760692333,-3.1643311968494228,-179.67147530007037,0,0,0,-0.19999999999999996,0.19999999999998863,3.200000000000003,-3.000000000000014,-3.979058972918665,-0.8147277760692333,-3.1643311968494228,0
0022401059,2025-03-27,4.872757213563233,5.390360815515933,-0.5176036019526973,240.05877423889797,0,0,0,-0.19999999999999996,3.200000000000003,3.799999999999997,-0.5999999999999943,4.872757213563233,5.390360815515933,-0.5176036019526973,1
0022401060,2025-03-27,-2.007364023687657,-7.941571088297863,5.934207064610195,13.212957034828378,0,0,0,0.4,-9.400000000000006,-15.400000000000006,6.0,-2.007364023687657,-7.941571088297863,5.934207064610195,0
0022401061,2025-03-27,-9.461734990545864,6.493125246719018,-15.954860237264885,-233.7985541858318,0,1,1,-0.6000000000000001,-8.600000000000009,8.0,-16.60000000000001,-9.461734990545864,6.493125246719018,-15.954860237264885,0
0022401062,2025-03-27,-7.7461966261641635,-3.466433801212858,-4.279762824951305,-66.66637364717599,0,0,0,-0.19999999999999996,-15.599999999999994,-10.799999999999997,-4.799999999999997,-7.7461966261641635,-3.466433801212858,-4.279762824951305,1
0022401063,2025-03-27,12.550982344078363,-11.319809727113338,23.87079207119171,-74.76691990671702,2,0,1,0.4,17.0,-7.0,24.0,12.550982344078363,-11.319809727113338,23.87079207119171,1
0022401064,2025-03-27,4.1787746887004005,-10.727844189052547,14.90661887775298,189.74738973228386,0,0,0,0.6,5.0,-10.399999999999991,15.399999999999991,4.1787746887004005,-10.727844189052547,14.90661887775298,1
0022401065,2025-03-27,-16.544571414815223,4.859654759055587,-21.404226173870843,-288.7094422883572,0,0,0,-0.6000000000000001,-15.200000000000003,6.200000000000003,-21.400000000000006,-16.544571414815223,4.859654759055587,-21.404226173870843,0
0022401066,2025-03-27,-4.578340607695893,10.177276598483644,-14.75561720617954,-12.309655497613903,0,0,0,-0.39999999999999997,-7.0,7.799999999999997,-14.799999999999997,-4.578340607695893,10.177276598483644,-14.75561720617954,1
0022401067,2025-03-28,5.034988674674338,-4.234815092823439,9.269803767497763,-129.0390705025079,2,0,1,0.20000000000000007,4.199999999999989,-4.200000000000003,8.399999999999991,5.034988674674338,-4.234815092823439,9.269803767497763,1
0022401068,2025-03-28,-31.028051964348066,-0.9652680555909541,-30.062783908757115,-219.22339429617705,0,0,0,-0.8,-25.0,4.3999999999999915,-29.39999999999999,-31.028051964348066,-0.9652680555909541,-30.062783908757115,0
0022401069,2025-03-28,-7.649708248272603,-14.200693060766213,6.550984812493613,109.19474168784382,-1,0,0,0.2,-2.4000000000000057,-9.400000000000006,7.0,-7.649708248272603,-14.200693060766213,6.550984812493613,1
0022401070,2025-03-28,1.119733988336904,-4.242015680076491,5.361749668413413,-17.58181653335714,0,0,0,0.0,-3.6000000000000085,-8.200000000000003,4.599999999999994,1.119733988336904,-4.242015680076491,5.361749668413413,0
0022401071,2025-03-28,-3.84924994565354,-6.802593006828033,2.9533430611745217,64.71753673560124,2,0,0,-0.4,4.200000000000003,1.0,3.200000000000003,-3.84924994565354,-6.802593006828033,2.9533430611745217,1
0022401072,2025-03-28,2.0955163148056357,10.744800280851493,-8.649283966045877,-193.9701996177705,1,0,0,0.0,1.5999999999999943,10.799999999999997,-9.200000000000003,2.0955163148056357,10.744800280851493,-8.649283966045877,0
0022401073,2025-03-28,9.503488739619627,-2.307224237426098,11.81071297704569,300.88138888832646,1,0,1,0.2,9.599999999999994,-1.7999999999999972,11.399999999999991,9.503488739619627,-2.307224237426098,11.81071297704569,1
0022401074,2025-03-29,1.3906127157849397,-8.462133530665483,9.852746246450437,-36.74082139928487,0,0,0,0.39999999999999997,-0.6000000000000085,-10.199999999999989,9.59999999999998,1.3906127157849397,-8.462133530665483,9.852746246450437,1
0022401075,2025-03-29,9.72403011296015,9.310020424016074,0.4140096889440663,-17.17578865210112,1,0,1,0.2,10.200000000000003,9.799999999999997,0.4000000000000057,9.72403011296015,9.310020424016074,0.4140096889440663,0
0022401076,2025-03-29,-9.851769690900866,14.470171746458504,-24.321941437359378,-83.04922850804724,1,0,0,-0.6,-3.0,20.599999999999994,-23.599999999999994,-9.851769690900866,14.470171746458504,-24.321941437359378,0
0022401077,2025-03-29,9.919189962020027,3.758597341732141,6.1605926202879155,34.472279105731786,0,0,0,0.20000000000000007,11.0,4.200000000000003,6.799999999999997,9.919189962020027,3.758597341732141,6.1605926202879155,0
0022401078,2025-03-29,3.0268044435209447,-6.170936041727941,9.19774048524887,-3.2823688988462436,0,0,0,0.0,5.199999999999989,-3.4000000000000057,8.599999999999994,3.0268044435209447,-6.170936041727941,9.19774048524887,0
0022401079,2025-03-29,1.8816116316432954,-3.642318830564321,5.523930462207639,172.4710494602607,0,0,0,0.19999999999999996,2.0,-3.5999999999999943,5.599999999999994,1.8816116316432954,-3.642318830564321,5.523930462207639,1
0022401080,2025-03-29,-7.764526512545984,6.656446954624286,-14.420973467170247,-239.1738968876657,-1,0,0,-0.4,-3.200000000000003,10.400000000000006,-13.600000000000009,-7.764526512545984,6.656446954624286,-14.420973467170247,0
0022401081,2025-03-30,-8.74060518235035,1.6724704340338832,-10.413075616384225,96.674051501745,0,0,0,-0.20000000000000007,-3.799999999999997,6.200000000000003,-10.0,-8.74060518235035,1.6724704340338832,-10.413075616384225,1
0022401082,2025-03-30,-1.2078671719706335,-5.787305862155634,4.5794386901849915,97.04927865943546,-1,0,0,0.19999999999999996,0.0,-4.6000000000000085,4.6000000000000085,-1.2078671719706335,-5.787305862155634,4.5794386901849915,1
0022401083,2025-03-30,-4.973245260409769,-0.40410871579858565,-4.569136544611197,59.373184354500154,-1,0,0,-0.19999999999999996,-10.799999999999997,-6.200000000000003,-4.599999999999994,-4.973245260409769,-0.40410871579858565,-4.569136544611197,0
0022401084,2025-03-30,-6.6607545102022385,-5.355308092401671,-1.3054464178006082,-12.490472086238242,0,0,0,-0.4,-3.5999999999999943,-2.3999999999999915,-1.2000000000000028,-6.6607545102022385,-5.355308092401671,-1.3054464178006082,1
0022401085,2025-03-30,6.632064954644463,5.673758217654907,0.9583067369895613,47.85945210494674,0,0,0,0.2,4.3999999999999915,3.0,1.3999999999999915,6.632064954644463,5.673758217654907,0.9583067369895613,1
0022401086,2025-03-30,6.254242234716912,5.559801653478814,0.6944405812380949,-137.82237583688357,-1,1,0,-0.19999999999999996,8.200000000000003,7.6000000000000085,0.5999999999999943,6.254242234716912,5.559801653478814,0.6944405812380949,0
0022401087,2025-03-30,5.880141737019812,20.762643742281895,-14.88250200526208,-96.13871207171815,-1,1,0,-0.6,1.6000000000000085,16.39999999999999,-14.799999999999983,5.880141737019812,20.762643742281895,-14.88250200526208,0
0022401088,2025-03-30,1.834958636914621,12.228110788323903,-10.393152151409254,-110.59602354833078,-1,0,0,-0.20000000000000007,-0.4000000000000057,9.799999999999997,-10.200000000000003,1.834958636914621,12.228110788323903,-10.393152151409254,0
0022401089,2025-03-31,1.1447733658242925,-10.739152360365438,11.883925726189736,20.685387116483298,-2,1,0,0.0,2.0,-10.200000000000003,12.200000000000003,1.1447733658242925,-10.739152360365438,11.883925726189736,1
0022401090,2025-03-31,15.592335857947589,-4.83673920514704,20.429075063094643,92.12365469093515,0,0,0,0.39999999999999997,18.39999999999999,-1.7999999999999972,20.19999999999999,15.592335857947589,-4.83673920514704,20.429075063094643,1
0022401091,2025-03-31,-6.065167759917557,-5.658638562502645,-0.40652919741490834,-114.3771171669473,1,0,1,0.20000000000000007,-9.399999999999991,-8.799999999999997,-0.5999999999999943,-6.065167759917557,-5.658638562502645,-0.40652919741490834,0
0022401092,2025-03-31,-15.446246330756665,15.503215232755721,-30.949461563512394,-126.02049730436534,0,0,0,-0.6000000000000001,-5.0,25.0,-30.0,-15.446246330756665,15.503215232755721,-30.949461563512394,0
0022401093,2025-03-31,-13.56803120527249,10.544024766502432,-24.11205597177494,-147.5451703219146,0,0,0,-0.8,-7.6000000000000085,16.400000000000006,-24.000000000000014,-13.56803120527249,10.544024766502432,-24.11205597177494,0
0022401094,2025-03-31,-2.3323187006346444,-10.391944304050199,8.059625603415553,266.1667629900978,0,0,0,0.19999999999999996,-3.799999999999983,-12.0,8.200000000000017,-2.3323187006346444,-10.391944304050199,8.059625603415553,1
0022401095,2025-03-31,12.685258511604133,-7.96984510253732,20.655103614141456,119.59727970002768,0,0,0,0.6000000000000001,14.400000000000006,-6.199999999999989,20.599999999999994,12.685258511604133,-7.96984510253732,20.655103614141456,0
0022401096,2025-03-31,-2.953310951610277,15.069109743657805,-18.022420695268067,-32.181397500603225,1,0,1,-0.4,-2.1999999999999886,16.39999999999999,-18.59999999999998,-2.953310951610277,15.069109743657805,-18.022420695268067,1
0022400988,2025-04-01,-1.133594422488585,15.774627328058017,-16.90822175054661,-23.772621534722475,1,0,1,-0.39999999999999997,4.6000000000000085,21.200000000000003,-16.599999999999994,-1.133594422488585,15.774627328058017,-16.90822175054661,0
0022401097,2025-04-01,9.638533009778214,-4.6147947479288405,14.253327757707048,14.594629449467902,0,0,0,0.39999999999999997,14.400000000000006,0.6000000000000085,13.799999999999997,9.638533009778214,-4.6147947479288405,14.253327757707048,0
0022401098,2025-04-01,12.300397216312732,-11.553690419762347,23.854087636075082,258.7068838692187,0,0,0,0.8,10.599999999999994,-13.199999999999989,23.799999999999983,12.300397216312732,-11.553690419762347,23.854087636075082,1
0022401099,2025-04-01,12.662150681935941,15.601573429957568,-2.9394227480216184,38.13573855775189,-1,1,0,-0.20000000000000007,15.599999999999994,19.400000000000006,-3.8000000000000114,12.662150681935941,15.601573429957568,-2.9394227480216184,1
0022401100,2025-04-01,-1.149185959668003,7.278946193827224,-8.428132153495238,-51.35814401449102,-1,1,0,-0.39999999999999997,1.0,11.200000000000003,-10.200000000000003,-1.149185959668003,7.278946193827224,-8.428132153495238,0
0022401101,2025-04-01,2.314778390104223,-4.975733092312538,7.290511482416745,55.83242091319289,0,0,0,-0.2,3.3999999999999915,-3.6000000000000085,7.0,2.314778390104223,-4.975733092312538,7.290511482416745,1
0022401102,2025-04-01,-1.547239736109944,5.592218384564532,-7.139458120674471,31.06443762236495,2,0,0,0.0,0.20000000000000284,6.799999999999997,-6.599999999999994,-1.547239736109944,5.592218384564532,-7.139458120674471,0
0022401103,2025-04-02,3.3716738056057807,3.4937386911968815,-0.12206488559109552,90.83930468734889,2,0,1,0.0,8.599999999999994,8.599999999999994,0.0,3.3716738056057807,3.4937386911968815,-0.12206488559109552,1
0022401104,2025-04-02,22.610869099166834,5.973218345528792,16.63765075363805,259.93240570837133,0,0,0,0.39999999999999997,22.400000000000006,5.599999999999994,16.80000000000001,22.610869099166834,5.973218345528792,16.63765075363805,1
0022401105,2025-04-02,-0.6192604197351841,6.847936711950894,-7.467197131686053,-167.50324545681542,0,0,0,0.0,2.0,10.0,-8.0,-0.6192604197351841,6.847936711950894,-7.467197131686053,1
0022401106,2025-04-02,0.7726751053516665,4.853766662915959,-4.081091557564292,243.3694571994331,0,0,0,0.0,3.6000000000000085,7.0,-3.3999999999999915,0.7726751053516665,4.853766662915959,-4.081091557564292,0
0022401107,2025-04-02,17.871902220132526,-13.941226996189883,31.81312921632241,308.89423727268536,0,0,0,0.6,19.200000000000003,-13.400000000000006,32.60000000000001,17.871902220132526,-13.941226996189883,31.81312921632241,1
0022401108,2025-04-02,-3.35938747582523,-15.846258886714637,12.486871410889428,192.97953819019062,-1,0,0,0.4,2.799999999999997,-11.200000000000003,14.0,-3.35938747582523,-15.846258886714637,12.486871410889428,1
0022401109,2025-04-02,-5.030612435876478,-6.64863943209437,1.6180269962178613,-19.361142901813082,1,0,1,0.19999999999999996,-10.600000000000009,-12.0,1.3999999999999915,-5.030612435876478,-6.64863943209437,1.6180269962178613,1
0022401110,2025-04-02,13.34193719564604,-13.926429755886673,27.268366951532705,166.57781069775842,0,1,1,0.6,19.200000000000003,-8.200000000000003,27.400000000000006,13.34193719564604,-13.926429755886673,27.268366951532705,0
0022401111,2025-04-02,9.464611503840004,-9.860251816567711,19.324863320407708,213.28970762499148,-1,0,0,0.19999999999999996,9.800000000000011,-8.799999999999997,18.60000000000001,9.464611503840004,-9.860251816567711,19.324863320407708,1
0022401112,2025-04-03,-0.14989244213379038,20.054043444669333,-20.203935886803123,-142.78738669097993,-1,1,0,-0.19999999999999996,4.599999999999994,25.0,-20.400000000000006,-0.14989244213379038,20.054043444669333,-20.203935886803123,0
0022401113,2025-04-03,-18.043212033056378,8.682518597572198,-26.725730630628583,-202.63175946198635,1,0,0,-0.4,-21.799999999999997,5.0,-26.799999999999997,-18.043212033056378,8.682518597572198,-26.725730630628583,0
0022401114,2025-04-03,11.150865535912558,-13.592047720005297,24.74291325591787,-49.58694900700766,-1,1,0,0.8,-0.5999999999999943,-24.599999999999994,24.0,11.150865535912558,-13.592047720005297,24.74291325591787,0
0022401115,2025-04-03,-15.367822665257094,-6.496883622784367,-8.870939042472738,-205.35435229359132,0,0,0,-0.2,-15.800000000000011,-7.599999999999994,-8.200000000000017,-15.367822665257094,-6.496883622784367,-8.870939042472738,0
0022401116,2025-04-03,-0.3105942231920835,-19.92826736161527,19.617673138423214,-54.966800031027105,0,0,0,0.6000000000000001,5.400000000000006,-13.800000000000011,19.200000000000017,-0.3105942231920835,-19.92826736161527,19.617673138423214,0
0022401117,2025-04-03,-1.175456369331883,4.165047500669289,-5.340503870001186,-17.326240259014867,1,0,0,0.0,-2.5999999999999943,3.799999999999997,-6.3999999999999915,-1.175456369331883,4.165047500669289,-5.340503870001186,0
0022401118,2025-04-04,-6.019607209775941,-6.051277451665797,0.03167024188986378,-148.18197514559438,0,0,0,0.0,-6.799999999999997,-6.799999999999997,0.0,-6.019607209775941,-6.051277451665797,0.03167024188986378,0
0022401119,2025-04-04,23.23239537634167,-11.253204466912123,34.485599843253794,297.9095379868727,0,0,0,0.6,21.0,-13.599999999999994,34.599999999999994,23.23239537634167,-11.253204466912123,34.485599843253794,1
0022401120,2025-04-04,7.32063864988524,-20.92400813889114,28.244646788776386,213.5064745473942,-1,0,0,0.6000000000000001,7.0,-21.599999999999994,28.599999999999994,7.32063864988524,-20.92400813889114,28.244646788776386,1
0022401121,2025-04-04,-8.912111062929611,-12.665402037319168,3.7532909743895773,-130.04196901391697,-1,1,0,0.0,-5.199999999999989,-9.799999999999997,4.6000000000000085,-8.912111062929611,-12.665402037319168,3.7532909743895773,0
0022401122,2025-04-04,7.454230783609219,0.5051956882251716,6.949035095384062,-15.677652698762131,2,0,1,0.19999999999999996,14.200000000000003,8.599999999999994,5.6000000000000085,7.454230783609219,0.5051956882251716,6.949035095384062,1
0022401123,2025-04-04,1.2734355939932556,3.304631566864259,-2.031195972870986,-162.9949448859577,0,0,0,-0.19999999999999996,-2.200000000000003,0.4000000000000057,-2.6000000000000085,1.2734355939932556,3.304631566864259,-2.031195972870986,1
0022401124,2025-04-04,-12.596443784046457,6.49054350275766,-19.086987286804124,-254.86707729213526,0,0,0,-0.6000000000000001,-13.599999999999994,5.599999999999994,-19.19999999999999,-12.596443784046457,6.49054350275766,-19.086987286804124,0
0022401125,2025-04-04,3.135925346661182,0.18301174870988746,2.952913597951288,41.41533697866589,-1,1,0,0.4,-3.5999999999999943,-7.6000000000000085,4.000000000000014,3.135925346661182,0.18301174870988746,2.952913597951288,1
0022401126,2025-04-04,10.784003424322265,5.598192613992637,5.185810810329648,196.17855460007172,-1,1,0,0.19999999999999996,11.600000000000009,6.400000000000006,5.200000000000003,10.784003424322265,5.598192613992637,5.185810810329648,1
0022401127,2025-04-04,9.025963649043021,-5.728858214700111,14.754821863743132,116.09520943414714,0,0,0,0.20000000000000007,5.400000000000006,-9.0,14.400000000000006,9.025963649043021,-5.728858214700111,14.754821863743132,1
0022401128,2025-04-05,1.2364520534770236,5.093291063294956,-3.8568390098179437,-110.34378420319922,0,0,0,-0.39999999999999997,10.600000000000009,14.599999999999994,-3.999999999999986,1.2364520534770236,5.093291063294956,-3.8568390098179437,0
0022401129,2025-04-05,5.437617600412793,-7.189953237072402,12.627570837485196,36.04826273318281,-1,1,0,0.39999999999999997,2.0,-10.599999999999994,12.599999999999994,5.437617600412793,-7.189953237072402,12.627570837485196,0
0022401130,2025-04-05,-11.706521600249332,10.370386926872357,-22.07690852712169,-264.63396719613456,0,0,0,-0.8,-14.599999999999994,6.799999999999997,-21.39999999999999,-11.706521600249332,10.370386926872357,-22.07690852712169,0
0022401131,2025-04-05,0.8732247571780647,-18.505848526699822,19.37907328387788,-80.64724914351655,0,0,0,0.4,-3.0,-22.0,19.0,0.8732247571780647,-18.505848526699822,19.37907328387788,0
0022401132,2025-04-05,8.309291257743737,-9.95119693311203,18.260488190855796,125.04521816233068,0,1,1,0.20000000000000007,7.3999999999999915,-10.600000000000009,18.0,8.309291257743737,-9.95119693311203,18.260488190855796,1
0022400617,2025-04-06,-15.685048833714063,-8.879461466321189,-6.805587367392868,-184.9526344022513,1,0,1,-0.19999999999999996,-20.0,-14.0,-6.0,-15.685048833714063,-8.879461466321189,-6.805587367392868,0
0022401133,2025-04-06,-11.609645388214659,-2.076720910933304,-9.532924477281355,-190.69464906034,0,0,0,-0.39999999999999997,-20.400000000000006,-11.399999999999991,-9.000000000000014,-11.609645388214659,-2.076720910933304,-9.532924477281355,0
0022401134,2025-04-06,-8.376611057901641,3.1116172523320245,-11.488228310233675,-51.27770723791991,1,0,0,0.0,-11.400000000000006,0.3999999999999915,-11.799999999999997,-8.376611057901641,3.1116172523320245,-11.488228310233675,0
0022401135,2025-04-06,-2.850586551595498,-12.052548833204767,9.201962281609251,178.23243917341142,0,0,0,0.20000000000000007,7.400000000000006,-3.0,10.400000000000006,-2.850586551595498,-12.052548833204767,9.201962281609251,0
0022401136,2025-04-06,12.516672700834235,-5.873488539609767,18.390161240443987,184.98795835164037,-1,1,0,0.2,13.399999999999991,-5.799999999999997,19.19999999999999,12.516672700834235,-5.873488539609767,18.390161240443987,1
0022401137,2025-04-06,18.18552419575522,-9.876186037505363,28.06171023326057,370.01001609859964,-1,0,0,0.6000000000000001,13.600000000000009,-14.800000000000011,28.40000000000002,18.18552419575522,-9.876186037505363,28.06171023326057,1
0022401138,2025-04-06,5.630234183544701,2.7055753999006242,2.924658783644094,219.54474260433312,0,0,0,0.4,9.400000000000006,6.3999999999999915,3.000000000000014,5.630234183544701,2.7055753999006242,2.924658783644094,0
0022401139,2025-04-06,-0.5196003570940775,-7.14963408760903,6.630033730514935,72.66159319710641,0,0,0,0.2,0.8000000000000114,-6.599999999999994,7.400000000000006,-0.5196003570940775,-7.14963408760903,6.630033730514935,1
0022401140,2025-04-06,2.853486344522551,-27.9626584068437,30.81614475136624,132.80137433565346,-1,1,0,0.8,2.200000000000003,-28.0,30.200000000000003,2.853486344522551,-27.9626584068437,30.81614475136624,1
0022401142,2025-04-06,-13.097113855390845,-2.2178091356283147,-10.87930471976253,-23.048699297609573,0,0,0,-0.4,-7.599999999999994,2.799999999999997,-10.399999999999991,-13.097113855390845,-2.2178091356283147,-10.87930471976253,0
0022401143,2025-04-06,2.391157546014071,3.6762135889601097,-1.2850560429460316,6.237069569654295,0,0,0,0.19999999999999996,-0.20000000000000284,1.4000000000000057,-1.6000000000000085,2.391157546014071,3.6762135889601097,-1.2850560429460316,0
0022401144,2025-04-07,-3.6213450168154395,-1.5427118198841612,-2.07863319693125,63.9765689826761,1,0,1,0.0,0.7999999999999972,3.0,-2.200000000000003,-3.6213450168154395,-1.5427118198841612,-2.07863319693125,0
0022401145,2025-04-07,14.428751398449819,-13.640352519479876,28.06910391792969,133.85218518753686,0,0,0,0.6,13.599999999999994,-13.400000000000006,27.0,14.428751398449819,-13.640352519479876,28.06910391792969,1
0022401146,2025-04-08,-3.016639978117169,3.129197278889535,-6.145837257006724,-245.51373610925907,-1,0,0,-0.2,-9.200000000000003,-3.4000000000000057,-5.799999999999997,-3.016639978117169,3.129197278889535,-6.145837257006724,0
0022401147,2025-04-08,1.4911200851445159,2.3069492509779366,-0.8158291658334293,169.57115099505972,0,0,0,0.0,-4.400000000000006,-4.0,-0.4000000000000057,1.4911200851445159,2.3069492509779366,-0.8158291658334293,1
0022401148,2025-04-08,16.068230589015954,-4.213748808114204,20.28197939713017,283.9352567514984,0,0,0,0.6000000000000001,19.400000000000006,-0.20000000000000284,19.60000000000001,16.068230589015954,-4.213748808114204,20.28197939713017,1
0022401149,2025-04-08,-9.124744974968976,-15.973703544489055,6.848958569520073,3.1837047420033286,3,0,0,0.19999999999999996,-20.599999999999994,-27.200000000000003,6.6000000000000085,-9.124744974968976,-15.973703544489055,6.848958569520073,1
0022401150,2025-04-08,1.6292774901385627,1.4795391690491044,0.14973832108947427,-1.1194127654255226,0,0,0,0.2,4.200000000000003,4.799999999999997,-0.5999999999999943,1.6292774901385627,1.4795391690491044,0.14973832108947427,1
0022401151,2025-04-08,-10.583395088264538,-7.367125897540518,-3.2162691907240237,-83.45940152025082,0,0,0,0.0,-7.0,-4.0,-3.0,-10.583395088264538,-7.367125897540518,-3.2162691907240237,0
0022401152,2025-04-08,0.386285139293733,8.910629127278455,-8.524343987984714,-32.59302137261852,-1,0,0,-0.19999999999999996,1.7999999999999972,10.399999999999991,-8.599999999999994,0.386285139293733,8.910629127278455,-8.524343987984714,1
0022401153,2025-04-08,-7.990621744778991,-1.621773754098669,-6.368847990680307,144.94257003659413,0,0,0,-0.20000000000000007,0.4000000000000057,5.400000000000006,-5.0,-7.990621744778991,-1.621773754098669,-6.368847990680307,1
0022401154,2025-04-08,-10.375619509313736,21.41401019010928,-31.78962969942304,-141.48246248845317,0,0,0,-0.8,-15.399999999999991,16.599999999999994,-31.999999999999986,-10.375619509313736,21.41401019010928,-31.78962969942304,0
0022401155,2025-04-08,12.232060235807594,-14.041758432708164,26.273818668515766,175.84973094216457,1,0,0,0.6000000000000001,7.0,-19.39999999999999,26.39999999999999,12.232060235807594,-14.041758432708164,26.273818668515766,1
0022401156,2025-04-09,-6.318691664562877,-6.71660286467754,0.3979112001146792,-214.2874151038493,0,1,1,0.0,-6.799999999999997,-7.200000000000003,0.4000000000000057,-6.318691664562877,-6.71660286467754,0.3979112001146792,1
0022401157,2025-04-09,-4.606134876883175,-1.7973495326824462,-2.8087853442007287,-2.197936512644901,-1,1,0,0.2,-6.400000000000006,-4.200000000000003,-2.200000000000003,-4.606134876883175,-1.7973495326824462,-2.8087853442007287,0
0022401158,2025-04-09,0.7351702839065553,-11.072279718580646,11.807450002487208,136.95172823048142,2,0,1,0.2,7.799999999999997,-4.200000000000003,12.0,0.7351702839065553,-11.072279718580646,11.807450002487208,1
0022401159,2025-04-09,-13.822280623913429,2.658279943373145,-16.480560567286595,-117.89702039063923,3,0,1,-0.19999999999999996,-9.200000000000003,7.0,-16.200000000000003,-13.822280623913429,2.658279943373145,-16.480560567286595,0
0022401160,2025-04-09,-0.5450349248253445,11.860669003086912,-12.405703927912255,49.20138291079661,-1,1,0,0.0,6.400000000000006,19.0,-12.599999999999994,-0.5450349248253445,11.860669003086912,-12.405703927912255,1
0022401162,2025-04-09,-1.3577696126840948,23.27394269286887,-24.63171230555296,-226.5029164297082,0,0,0,-0.6,-3.0,23.200000000000017,-26.200000000000017,-1.3577696126840948,23.27394269286887,-24.63171230555296,1
0022401163,2025-04-09,11.72864936395628,-3.7229021768042685,15.451551540760562,191.6850535929634,0,1,1,0.6000000000000001,9.399999999999991,-6.3999999999999915,15.799999999999983,11.72864936395628,-3.7229021768042685,15.451551540760562,0
0022401164,2025-04-09,-9.751670068709487,17.082790745108568,-26.83446081381805,-283.71058189690893,0,1,1,-0.6,-16.400000000000006,11.600000000000009,-28.000000000000014,-9.751670068709487,17.082790745108568,-26.83446081381805,0
0022401165,2025-04-09,6.252459415547591,0.9183354164128303,5.334123999134752,-42.557224806268096,-1,0,0,0.39999999999999997,-1.1999999999999886,-6.0,4.800000000000011,6.252459415547591,0.9183354164128303,5.334123999134752,0
0022401166,2025-04-09,-2.505822105094694,-1.297511496077604,-1.2083106090171079,-19.93126551030832,-2,1,0,0.19999999999999996,-7.799999999999997,-5.599999999999994,-2.200000000000003,-2.505822105094694,-1.297511496077604,-1.2083106090171079,1
0022401161,2025-04-10,17.164588701210945,1.2866568507916725,15.87793185041925,215.46982046180983,0,0,0,0.8,15.200000000000003,-0.20000000000000284,15.400000000000006,17.164588701210945,1.2866568507916725,15.87793185041925,1
0022401167,2025-04-10,-7.329592698823561,5.012671139821805,-12.342263838645362,-49.429062179891616,1,0,0,-0.39999999999999997,-3.200000000000003,9.199999999999989,-12.399999999999991,-7.329592698823561,5.012671139821805,-12.342263838645362,1
0022401168,2025-04-10,-1.79622873389593,-4.898489514527142,3.1022607806312035,-82.18668477925212,0,0,0,0.19999999999999996,-2.799999999999997,-5.799999999999997,3.0,-1.79622873389593,-4.898489514527142,3.1022607806312035,1
0022401169,2025-04-10,-5.100785300288706,-7.23156762723697,2.1307823269482866,-97.77421140789284,0,0,0,0.39999999999999997,-9.799999999999997,-12.200000000000003,2.4000000000000057,-5.100785300288706,-7.23156762723697,2.1307823269482866,0
0022401170,2025-04-10,-6.684487841321953,-1.8256718051162295,-4.858816036205712,-31.07873166981699,0,0,0,-0.20000000000000007,-2.799999999999997,2.0,-4.799999999999997,-6.684487841321953,-1.8256718051162295,-4.858816036205712,0
0022401171,2025-04-11,-9.89344375091737,2.839467915759414,-12.73291166667677,-20.741684931817417,0,1,1,-0.6,-9.799999999999997,3.4000000000000057,-13.200000000000003,-9.89344375091737,2.839467915759414,-12.73291166667677,0
0022401172,2025-04-11,7.898742414893562,5.709679596804023,2.1890628180895533,113.52011526869182,-1,1,0,0.19999999999999996,15.0,12.200000000000003,2.799999999999997,7.898742414893562,5.709679596804023,2.1890628180895533,0
0022401173,2025-04-11,-9.68593321562858,-2.22893589596481,-7.456997319663759,-148.39157718564388,1,0,1,-0.2,-15.0,-7.599999999999994,-7.400000000000006,-9.68593321562858,-2.22893589596481,-7.456997319663759,0
0022401174,2025-04-11,13.215529961508679,-10.861725151870786,24.07725511337945,390.4863574965568,0,0,0,0.6,5.0,-19.0,24.0,13.215529961508679,-10.861725151870786,24.07725511337945,1
0022401175,2025-04-11,-4.054719629768741,2.445360520049448,-6.500080149818206,-88.58511521305991,0,1,1,-0.19999999999999996,-7.3999999999999915,-0.7999999999999972,-6.599999999999994,-4.054719629768741,2.445360520049448,-6.500080149818206,0
0022401176,2025-04-11,15.974215440346228,-2.7983023889204333,18.77251782926667,212.20585095370484,0,0,0,0.6000000000000001,22.799999999999997,4.799999999999997,18.0,15.974215440346228,-2.7983023889204333,18.77251782926667,1
0022401177,2025-04-11,-9.902185274566364,7.420211538386141,-17.322396812952498,-99.00016393100077,-1,1,0,-0.4,-7.400000000000006,9.200000000000003,-16.60000000000001,-9.902185274566364,7.420211538386141,-17.322396812952498,0
0022401178,2025-04-11,-3.9548875359858187,10.727674494803779,-14.682562030789597,18.255218962980962,0,0,0,-0.2,-10.200000000000003,4.200000000000003,-14.400000000000006,-3.9548875359858187,10.727674494803779,-14.682562030789597,1
0022401179,2025-04-11,12.722853786130145,-1.1900352397069014,13.912889025837046,240.57987198192973,0,1,1,0.4,12.599999999999994,-1.6000000000000085,14.200000000000003,12.722853786130145,-1.1900352397069014,13.912889025837046,1
0022401180,2025-04-11,1.204915114172806,6.36375039397079,-5.158835279797961,19.12825972202927,1,0,1,-0.39999999999999997,0.0,5.200000000000003,-5.200000000000003,1.204915114172806,6.36375039397079,-5.158835279797961,1
0022401181,2025-04-11,-3.870215178330227,11.158181946011567,-15.02839712434178,-447.5994753731993,0,0,0,-0.39999999999999997,0.0,15.999999999999986,-15.999999999999986,-3.870215178330227,11.158181946011567,-15.02839712434178,0
0022401182,2025-04-11,-2.4973571820660965,15.6490307518702,-18.1463879339363,10.567931619221326,0,0,0,-0.4,-7.0,10.600000000000009,-17.60000000000001,-2.4973571820660965,15.6490307518702,-18.1463879339363,1
0022401183,2025-04-11,-9.45349002815729,-4.73657160490329,-4.716918423253986,-101.45698824023225,0,0,0,0.0,3.3999999999999915,8.200000000000003,-4.800000000000011,-9.45349002815729,-4.73657160490329,-4.716918423253986,0
0022401184,2025-04-11,-2.2873376825876477,10.72246802143681,-13.009805704024457,-114.60435666760077,0,0,0,-0.4,-4.0,9.0,-13.0,-2.2873376825876477,10.72246802143681,-13.009805704024457,0
0022401185,2025-04-11,8.529255501516175,8.550836729069488,-0.021581227553315152,-21.849451184314603,0,0,0,0.0,1.7999999999999972,2.5999999999999943,-0.7999999999999972,8.529255501516175,8.550836729069488,-0.021581227553315152,1
0022401186,2025-04-13,2.374690551797812,10.63341618722798,-8.258725635430158,-27.381499375598196,0,0,0,-0.4,10.400000000000006,17.599999999999994,-7.199999999999989,2.374690551797812,10.63341618722798,-8.258725635430158,1
0022401187,2025-04-13,19.508996790045316,-20.600110943238732,40.109107733284056,392.7291250276337,0,0,0,0.8,12.600000000000009,-27.200000000000003,39.80000000000001,19.508996790045316,-20.600110943238732,40.109107733284056,1
0022401188,2025-04-13,-11.424264116319378,5.811765526578824,-17.23602964289821,-218.71261708559246,0,0,0,-0.2,-8.0,8.799999999999997,-16.799999999999997,-11.424264116319378,5.811765526578824,-17.23602964289821,0
0022401189,2025-04-13,-0.689422050351908,0.6934436362361822,-1.3828656865880813,89.01292508629103,0,0,0,-0.20000000000000007,-3.1999999999999886,-1.7999999999999972,-1.3999999999999915,-0.689422050351908,0.6934436362361822,-1.3828656865880813,0
0022401190,2025-04-13,19.396329689143144,-9.951763416989891,29.34809310613302,163.97408608851197,0,0,0,0.4,25.39999999999999,-3.799999999999997,29.19999999999999,19.396329689143144,-9.951763416989891,29.34809310613302,0
0022401191,2025-04-13,-5.459061053574715,6.6522310219622796,-12.111292075536989,-195.98207211393787,0,0,0,-0.6000000000000001,-8.200000000000003,3.799999999999997,-12.0,-5.459061053574715,6.6522310219622796,-12.111292075536989,0
0022401192,2025-04-13,3.8462282405987054,-5.522415666814595,9.368643907413315,45.22662937055202,0,0,0,0.6,6.3999999999999915,-3.4000000000000057,9.799999999999997,3.8462282405987054,-5.522415666814595,9.368643907413315,1
0022401193,2025-04-13,4.80188415578364,0.10906347140266348,4.69282068438098,38.74337522184169,0,0,0,0.19999999999999996,5.799999999999997,1.0,4.799999999999997,4.80188415578364,0.10906347140266348,4.69282068438098,0
0022401194,2025-04-13,3.6045484251369118,-7.393693408870092,10.998241834007022,72.93662041530638,0,0,0,0.19999999999999996,8.200000000000003,-2.4000000000000057,10.600000000000009,3.6045484251369118,-7.393693408870092,10.998241834007022,1
0022401195,2025-04-13,7.541590980141422,-23.979448893585797,31.521039873727254,308.472856856278,0,0,0,0.6000000000000001,-3.0,-35.19999999999999,32.19999999999999,7.541590980141422,-23.979448893585797,31.521039873727254,1
0022401196,2025-04-13,-13.113812903879705,9.511948449052511,-22.6257613529322,-403.039280855837,0,0,0,-0.6,-14.400000000000006,9.799999999999997,-24.200000000000003,-13.113812903879705,9.511948449052511,-22.6257613529322,0
0022401197,2025-04-13,0.01903598740115342,5.696690895366032,-5.677654907964862,-1.203576039509926,0,0,0,-0.2,-1.0,5.200000000000003,-6.200000000000003,0.01903598740115342,5.696690895366032,-5.677654907964862,1
0022401198,2025-04-13,-10.36144710703465,-5.67182469395847,-4.689622413076165,-15.164614250651766,0,0,0,-0.4,-9.0,-4.799999999999997,-4.200000000000003,-10.36144710703465,-5.67182469395847,-4.689622413076165,0
0022401199,2025-04-13,-21.723012475671183,-5.443795099358397,-16.27921737631278,-117.3567029032281,0,0,0,-0.4,-13.0,3.4000000000000057,-16.400000000000006,-21.723012475671183,-5.443795099358397,-16.27921737631278,1
0022401200,2025-04-13,15.087020766404223,-4.787866472653562,19.874887239057784,31.84351548032123,0,0,0,0.39999999999999997,12.599999999999994,-6.799999999999997,19.39999999999999,15.087020766404223,-4.787866472653562,19.874887239057784,1
0052400101,2025-04-15,-7.613037700862719,-5.41607575828462,-2.196961942578099,11.501928137201048,0,0,0,0.0,-15.0,-12.0,-3.0,-7.613037700862719,-5.41607575828462,-2.196961942578099,1
0052400121,2025-04-15,-2.6325238556569133,-1.5579518063222366,-1.0745720493346624,51.222469256092154,0,0,0,-0.19999999999999996,-7.3999999999999915,-6.599999999999994,-0.7999999999999972,-2.6325238556569133,-1.5579518063222366,-1.0745720493346624,1
0052400111,2025-04-16,-1.5647126981149597,-2.456483753219885,0.8917710551049307,77.63452480934438,0,0,0,0.4,-2.0,-2.799999999999997,0.7999999999999972,-1.5647126981149597,-2.456483753219885,0.8917710551049307,0
0052400131,2025-04-16,17.95844912584971,-2.5950263460003242,20.553475471850035,35.124442220783294,0,0,0,0.39999999999999997,11.800000000000011,-8.400000000000006,20.200000000000017,17.95844912584971,-2.5950263460003242,20.553475471850035,0
0052400201,2025-04-18,-4.418097021603899,6.084962284357061,-10.503059305960981,26.304529521972427,1,0,0,0.0,-5.3999999999999915,5.199999999999989,-10.59999999999998,-4.418097021603899,6.084962284357061,-10.503059305960981,0
0052400211,2025-04-18,7.182867176669589,-7.526086314476203,14.708953491145792,64.1224176624471,1,0,0,0.0,12.799999999999997,-2.200000000000003,15.0,7.182867176669589,-7.526086314476203,14.708953491145792,1
0042400121,2025-04-19,-1.6590204255151377,-6.581566324310074,4.92254589879492,46.99162515198714,0,0,0,0.2,-7.400000000000006,-12.400000000000006,5.0,-1.6590204255151377,-6.581566324310074,4.92254589879492,1
0042400131,2025-04-19,-10.642329950807252,-2.4340032239274905,-8.20832672687975,18.148913577585517,0,0,0,-0.19999999999999996,-7.6000000000000085,0.8000000000000114,-8.40000000000002,-10.642329950807252,-2.4340032239274905,-8.20832672687975,1
0042400161,2025-04-19,-2.5772804428274156,2.255639080197966,-4.832919523025376,-11.404019624041439,0,0,0,-0.20000000000000007,-2.4000000000000057,2.0,-4.400000000000006,-2.5772804428274156,2.255639080197966,-4.832919523025376,0
0042400171,2025-04-19,-7.166479409336603,2.243971206008297,-9.410450615344885,-50.25117184670262,0,0,0,-0.4,-5.0,4.3999999999999915,-9.399999999999991,-7.166479409336603,2.243971206008297,-9.410450615344885,1
0042400101,2025-04-20,-6.375433964053286,4.025820645105043,-10.401254609158338,195.78573887268067,5,0,0,-0.19999999999999996,-5.599999999999994,5.799999999999997,-11.399999999999991,-6.375433964053286,4.025820645105043,-10.401254609158338,1
0042400111,2025-04-20,-2.247547336869161,-3.5743121323233993,1.3267647954542348,175.73508803330128,2,0,0,0.0,-5.3999999999999915,-6.400000000000006,1.0000000000000142,-2.247547336869161,-3.5743121323233993,1.3267647954542348,1
0042400141,2025-04-20,3.370748372586718,-1.5606311302752118,4.931379502861955,205.93611378908622,5,0,0,0.4,3.5999999999999943,-2.6000000000000085,6.200000000000003,3.370748372586718,-1.5606311302752118,4.931379502861955,1
0042400151,2025-04-20,-5.994710288353232,11.562663796124042,-17.557374084477278,-5.04504360858914,2,0,0,-0.19999999999999996,-3.8000000000000114,14.400000000000006,-18.200000000000017,-5.994710288353232,11.562663796124042,-17.557374084477278,0
0042400122,2025-04-21,-3.623328858662262,-8.676286288407539,5.052957429745269,59.00125416297942,0,0,0,0.2,-7.0,-12.400000000000006,5.400000000000006,-3.623328858662262,-8.676286288407539,5.052957429745269,0
0042400172,2025-04-21,-1.86850037638807,-2.2475643139977137,0.3790639376096321,-33.09553182741547,0,0,0,0.0,1.5999999999999943,1.2000000000000028,0.3999999999999915,-1.86850037638807,-2.2475643139977137,0.3790639376096321,0
0042400132,2025-04-22,-6.749675389300407,-6.3684306780997275,-0.38124471120064296,31.59829601790716,0,0,0,0.0,-6.599999999999994,-5.599999999999994,-1.0,-6.749675389300407,-6.3684306780997275,-0.38124471120064296,1
0042400142,2025-04-22,15.110546528415767,-11.469281496732862,26.579828025148636,211.80216958787855,0,0,0,0.6,19.0,-9.800000000000011,28.80000000000001,15.110546528415767,-11.469281496732862,26.579828025148636,1
0042400162,2025-04-22,-9.178211453894235,9.891174586044869,-19.069386039939108,-36.3962735325033,0,0,0,-0.4,-9.200000000000003,8.399999999999991,-17.599999999999994,-9.178211453894235,9.891174586044869,-19.069386039939108,1
0042400102,2025-04-23,-2.412456211685594,-1.3717022879989855,-1.0407539236865944,201.95036367809325,0,0,0,0.0,-1.7999999999999972,1.4000000000000057,-3.200000000000003,-2.412456211685594,-1.3717022879989855,-1.0407539236865944,1
0042400112,2025-04-23,-2.5224344417074036,-5.26337042617557,2.740935984468157,182.52588483497516,0,0,0,0.20000000000000007,-3.0,-5.400000000000006,2.4000000000000057,-2.5224344417074036,-5.26337042617557,2.740935984468157,1
0042400152,2025-04-23,-7.680508307780968,9.821471095200167,-17.501979402981128,-30.37894320065493,0,0,0,-0.39999999999999997,-4.200000000000003,13.200000000000003,-17.400000000000006,-7.680508307780968,9.821471095200167,-17.501979402981128,1
0042400123,2025-04-24,4.749538820499211,5.589178155489606,-0.8396393349903946,-30.43803909903272,0,0,0,0.0,8.200000000000003,9.599999999999994,-1.3999999999999915,4.749538820499211,5.589178155489606,-0.8396393349903946,0
0042400143,2025-04-24,-13.542359654255264,15.865147502497635,-29.407507156752885,-217.50119997686056,0,0,0,-0.6,-17.39999999999999,14.199999999999989,-31.59999999999998,-13.542359654255264,15.865147502497635,-29.407507156752885,0
0042400173,2025-04-24,1.0920371479817703,2.137034831612212,-1.0449976836304185,56.89995342211205,0,0,0,0.0,-1.4000000000000057,-0.20000000000000284,-1.2000000000000028,1.0920371479817703,2.137034831612212,-1.0449976836304185,1
0042400113,2025-04-25,2.4424558541543604,13.033633737141884,-10.591177882987504,-189.0991258685615,0,0,0,-0.4,5.799999999999997,15.399999999999991,-9.599999999999994,2.4424558541543604,13.033633737141884,-10.591177882987504,1
0042400133,2025-04-25,3.598394716808002,6.694265053870183,-3.095870337062186,-44.36551392702722,0,0,0,-0.20000000000000007,3.799999999999997,6.199999999999989,-2.3999999999999915,3.598394716808002,6.694265053870183,-3.095870337062186,1
0042400163,2025-04-25,7.995206160414185,-5.374200241066646,13.369406401480822,20.017238332247643,0,0,0,0.20000000000000007,10.799999999999997,-1.4000000000000057,12.200000000000003,7.995206160414185,-5.374200241066646,13.369406401480822,1
0042400103,2025-04-26,-1.1026182113211433,6.585503521510233,-7.688121732831369,-207.93220505754607,0,0,0,-0.19999999999999996,-3.5999999999999943,2.200000000000003,-5.799999999999997,-1.1026182113211433,6.585503521510233,-7.688121732831369,0
0042400144,2025-04-26,-15.85991021438754,20.155838360672192,-36.015748575059696,-230.9838882619149,0,0,0,-0.8,-20.0,18.400000000000006,-38.400000000000006,-15.85991021438754,20.155838360672192,-36.015748575059696,0
0042400153,2025-04-26,1.3979354995049675,-12.44744277330119,13.845378272806181,14.33385886368228,0,0,0,0.39999999999999997,0.20000000000000284,-13.799999999999997,14.0,1.3979354995049675,-12.44744277330119,13.845378272806181,1
0042400174,2025-04-26,7.675698258145445,-4.531004743091032,12.206703001236471,68.43577952123906,0,0,0,0.20000000000000007,3.4000000000000057,-7.200000000000003,10.600000000000009,7.675698258145445,-4.531004743091032,12.206703001236471,0
0042400114,2025-04-27,-4.394547026760591,12.415090031635003,-16.8096370583956,-164.0797230170872,0,0,0,-0.4,-4.3999999999999915,11.200000000000003,-15.599999999999994,-4.394547026760591,12.415090031635003,-16.8096370583956,0
0042400124,2025-04-27,1.2521187400268587,6.5851029441056,-5.33298420407875,-54.389685842008475,0,0,0,-0.39999999999999997,6.0,11.799999999999997,-5.799999999999997,1.2521187400268587,6.5851029441056,-5.33298420407875,0
0042400134,2025-04-27,4.19257426827275,5.29340527000339,-1.1008310017306144,-27.540997520667588,0,0,0,0.0,2.5999999999999943,3.1999999999999886,-0.5999999999999943,4.19257426827275,5.29340527000339,-1.1008310017306144,0
0042400164,2025-04-27,7.40844459351797,-11.120327056035364,18.52877164955331,33.37077860639397,0,0,0,0.4,7.400000000000006,-9.400000000000006,16.80000000000001,7.40844459351797,-11.120327056035364,18.52877164955331,1
0042400104,2025-04-28,-10.855502913241878,13.268790675420775,-24.12429358866268,-221.91156866892015,0,0,0,-0.4,-12.200000000000003,8.599999999999994,-20.799999999999997,-10.855502913241878,13.268790675420775,-24.12429358866268,0
0042400154,2025-04-28,7.11338709386844,-4.533449317489541,11.646836411357981,27.979993994808638,0,0,0,0.39999999999999997,5.199999999999989,-6.3999999999999915,11.59999999999998,7.11338709386844,-4.533449317489541,11.646836411357981,1
0042400115,2025-04-29,4.062823477241281,-6.862337040487063,10.925160517728338,180.4322623904252,0,0,0,0.4,1.2000000000000028,-8.400000000000006,9.600000000000009,4.062823477241281,-6.862337040487063,10.925160517728338,1
0042400125,2025-04-29,0.06438601849545478,-5.786507601282963,5.850893619778415,77.00024727039954,0,0,0,0.6000000000000001,-2.3999999999999915,-8.599999999999994,6.200000000000003,0.06438601849545478,-5.786507601282963,5.850893619778415,0
0042400135,2025-04-29,3.048159585805891,-12.872503707908365,15.920663293714256,51.65263370518278,0,0,0,0.4,4.6000000000000085,-10.399999999999991,15.0,3.048159585805891,-12.872503707908365,15.920663293714256,1
0042400175,2025-04-29,-7.877525546044851,4.759063437882531,-12.636588983927389,-39.43423458830375,0,0,0,0.0,-6.200000000000003,5.0,-11.200000000000003,-7.877525546044851,4.759063437882531,-12.636588983927389,1
0042400155,2025-04-30,-3.724544104560948,4.373242348456401,-8.097786453017363,-40.92893569164494,0,0,0,-0.6000000000000001,-3.799999999999997,3.799999999999997,-7.599999999999994,-3.724544104560948,4.373242348456401,-8.097786453017363,1
0042400165,2025-04-30,-8.30657132694678,11.87851680817262,-20.185088135119422,-46.04947238,0,0,0,-0.6000000000000001,-12.599999999999994,6.3999999999999915,-18.999999999999986,-8.30657132694678,11.87851680817262,-20.185088135119422,0
0042400126,2025-05-01,-0.6301406596581813,1.1573002496320441,-1.7874409092902313,-47.60995260151276,0,0,0,-0.19999999999999996,-1.0,1.0,-2.0,-0.6301406596581813,1.1573002496320441,-1.7874409092902313,0
0042400176,2025-05-01,6.002789726848164,-1.9661558103800587,7.9689455372282225,22.88578868762488,0,0,0,-0.19999999999999996,3.4000000000000057,-3.4000000000000057,6.800000000000011,6.002789726848164,-1.9661558103800587,7.9689455372282225,1
0042400156,2025-05-02,-2.7926935149136796,-0.8745885417213515,-1.918104973192351,24.29694896163778,0,0,0,0.19999999999999996,-1.2000000000000028,1.2000000000000028,-2.4000000000000057,-2.7926935149136796,-0.8745885417213515,-1.918104973192351,0
0042400177,2025-05-03,-6.959962370480682,4.440804056690226,-11.400766427170902,-36.092843573941536,0,0,0,-0.19999999999999996,-5.0,5.0,-10.0,-6.959962370480682,4.440804056690226,-11.400766427170902,1
0042400157,2025-05-04,8.231329148541064,-1.3954815661649178,9.626810714706,2.56775862435029,0,0,0,0.19999999999999996,4.799999999999997,-4.799999999999997,9.599999999999994,8.231329148541064,-1.3954815661649178,9.626810714706,0
0042400201,2025-05-04,7.648456657151442,-8.650882580774834,16.299339237926283,56.1391131652199,1,0,0,0.0,6.6000000000000085,-8.600000000000009,15.200000000000017,7.648456657151442,-8.650882580774834,16.299339237926283,0
0042400211,2025-05-05,9.12157918331279,-5.38442398319242,14.50600316650521,99.49984141696677,2,0,0,0.20000000000000007,1.4000000000000057,-12.0,13.400000000000006,9.12157918331279,-5.38442398319242,14.50600316650521,0
0042400221,2025-05-05,0.6953231910776339,-18.23405218724625,18.92937537832388,168.36992096423614,7,0,0,0.4,11.0,-8.199999999999989,19.19999999999999,0.6953231910776339,-18.23405218724625,18.92937537832388,0
0042400202,2025-05-06,12.352788189404407,-5.683459474818164,18.03624766422258,27.71092566896141,0,0,0,0.0,4.6000000000000085,-12.400000000000006,17.000000000000014,12.352788189404407,-5.683459474818164,18.03624766422258,0
0042400231,2025-05-06,2.54704954888237,-3.40015711418242,5.947206663064772,23.18015926937028,4,0,0,0.20000000000000007,-0.3999999999999915,-6.3999999999999915,6.0,2.54704954888237,-3.40015711418242,5.947206663064772,0
0042400212,2025-05-07,4.759662363441564,-3.5379788733248034,8.297641236766376,69.13100145371618,0,0,0,-0.20000000000000007,-1.0,-8.599999999999994,7.599999999999994,4.759662363441564,-3.5379788733248034,8.297641236766376,0
0042400222,2025-05-07,-4.1256848199758736,-11.905262198067277,7.7795773780913775,135.40310793129402,0,0,0,0.0,4.200000000000003,-4.400000000000006,8.600000000000009,-4.1256848199758736,-11.905262198067277,7.7795773780913775,1
0042400232,2025-05-08,-6.643110086052232,-5.177760507744551,-1.4653495783076578,-3.6277720429827696,0,0,0,0.0,-5.200000000000003,-4.599999999999994,-0.6000000000000085,-6.643110086052232,-5.177760507744551,-1.4653495783076578,1
0042400203,2025-05-09,-9.29037078843929,5.201300610014414,-14.491671398453667,-0.6734347250167048,0,0,0,0.20000000000000007,-4.799999999999997,9.200000000000003,-14.0,-9.29037078843929,5.201300610014414,-14.491671398453667,0
0042400223,2025-05-09,-1.7699129610759456,13.12529138723427,-14.895204348310228,-143.60469162459776,0,0,0,-0.20000000000000007,-6.800000000000011,9.200000000000003,-16.000000000000014,-1.7699129610759456,13.12529138723427,-14.895204348310228,1
0042400213,2025-05-10,-3.651122591814797,2.6763069414658673,-6.327429533280673,-40.09757195869588,0,0,0,0.4,-0.5999999999999943,5.200000000000003,-5.799999999999997,-3.651122591814797,2.6763069414658673,-6.327429533280673,0
0042400233,2025-05-10,-2.289874787588772,8.900071599378023,-11.189946386966806,-10.962629240653087,0,0,0,-0.4,-4.400000000000006,7.0,-11.400000000000006,-2.289874787588772,8.900071599378023,-11.189946386966806,0
0042400204,2025-05-11,-5.679817626040943,11.93530835434862,-17.615125980389564,-26.24029141385745,0,0,0,0.20000000000000007,-5.200000000000003,12.599999999999994,-17.799999999999997,-5.679817626040943,11.93530835434862,-17.615125980389564,1
0042400224,2025-05-11,-3.5018424041408736,7.555436361602858,-11.057278765743698,-121.10770038468945,0,0,0,0.0,-7.599999999999994,4.200000000000003,-11.799999999999997,-3.5018424041408736,7.555436361602858,-11.057278765743698,0
0042400214,2025-05-12,-9.193818928181571,7.772023884904499,-16.96584281308609,-63.512066383078036,0,0,0,0.0,-5.200000000000003,10.0,-15.200000000000003,-9.193818928181571,7.772023884904499,-16.96584281308609,1
0042400234,2025-05-12,-1.8938015548707625,6.050529771330787,-7.944331326201543,-35.97870094331233,0,0,0,-0.4,-5.400000000000006,2.6000000000000085,-8.000000000000014,-1.8938015548707625,6.050529771330787,-7.944331326201543,0
0042400205,2025-05-13,2.637276842643587,-4.448305462693725,7.085582305337326,10.423582283589894,0,0,0,-0.4,2.200000000000003,-5.3999999999999915,7.599999999999994,2.637276842643587,-4.448305462693725,7.085582305337326,0
0042400225,2025-05-13,4.85121640012548,-5.7252521170022135,10.576468517127719,139.8941361624934,0,0,0,0.0,6.799999999999997,-4.599999999999994,11.399999999999991,4.85121640012548,-5.7252521170022135,10.576468517127719,1
0042400215,2025-05-14,4.867516760634302,-6.183054975251551,11.050571735885839,45.60479253137555,0,0,0,-0.4,2.799999999999997,-6.799999999999997,9.599999999999994,4.867516760634302,-6.183054975251551,11.050571735885839,1
0042400235,2025-05-14,-0.8172385432096405,-9.321389245007126,8.50415070179749,59.62291017501116,0,0,0,0.4,5.0,-3.5999999999999943,8.599999999999994,-0.8172385432096405,-9.321389245007126,8.50415070179749,1
0042400226,2025-05-15,-8.776896948229748,8.014118232536518,-16.791015180766266,-147.92844850170968,0,0,0,-0.19999999999999996,-8.799999999999997,8.799999999999997,-17.599999999999994,-8.776896948229748,8.014118232536518,-16.791015180766266,1
0042400216,2025-05-16,-8.847158540302075,6.877863685712839,-15.725022226014925,-57.681618378489475,0,0,0,0.19999999999999996,-7.0,7.0,-14.0,-8.847158540302075,6.877863685712839,-15.725022226014925,1
0042400227,2025-05-18,7.203470727317068,-5.674855752637683,12.87832647995474,125.18683415000851,0,0,0,0.19999999999999996,6.799999999999997,-6.799999999999997,13.599999999999994,7.203470727317068,-5.674855752637683,12.87832647995474,1
0042400311,2025-05-20,-3.751386968149305,-1.2268093872454529,-2.524577580903861,93.96544735002749,-4,0,0,-0.20000000000000007,-1.0,1.6000000000000085,-2.6000000000000085,-3.751386968149305,-1.2268093872454529,-2.524577580903861,1
0042400301,2025-05-21,-5.292054310266934,-1.27878000820796,-4.013274302058965,-45.553973106375224,-3,0,0,-0.20000000000000007,-12.399999999999991,-9.0,-3.3999999999999915,-5.292054310266934,-1.27878000820796,-4.013274302058965,0
0042400312,2025-05-22,0.3481308259719782,-7.2972546063621735,7.645385432334155,103.83148250980707,0,0,0,0.0,1.0,-6.3999999999999915,7.3999999999999915,0.3481308259719782,-7.2972546063621735,7.645385432334155,1
0042400302,2025-05-23,-1.5384653471636796,1.9409780934364846,-3.4794434406001526,-68.66273215660635,0,0,0,-0.4,-7.0,-4.0,-3.0,-1.5384653471636796,1.9409780934364846,-3.4794434406001526,0
0042400313,2025-05-24,-9.112501358196951,8.557214542213373,-17.669715900410324,-113.28149413953656,0,0,0,-0.20000000000000007,-9.0,8.200000000000003,-17.200000000000003,-9.112501358196951,8.557214542213373,-17.669715900410324,1
0042400303,2025-05-25,0.2635127811914231,-0.20143593075252397,0.4649487119439244,90.46177436156609,0,0,0,0.4,2.5999999999999943,2.200000000000003,0.3999999999999915,0.2635127811914231,-0.20143593075252397,0.4649487119439244,0
0042400314,2025-05-26,0.88422072098831,1.8425250228048213,-0.9583043018165425,-92.51732207607824,0,0,0,0.0,1.4000000000000057,1.3999999999999915,1.4210854715202004e-14,0.88422072098831,1.8425250228048213,-0.9583043018165425,0
0042400304,2025-05-27,3.8620319440990585,-0.019215471742199952,3.881247415841258,60.478480021575024,0,0,0,0.4,4.799999999999997,0.7999999999999972,4.0,3.8620319440990585,-0.019215471742199952,3.881247415841258,1
0042400315,2025-05-28,1.1344114844208661,-4.3164250786376925,5.4508365630585445,112.94799305715628,0,0,0,0.4,1.0,-3.6000000000000085,4.6000000000000085,1.1344114844208661,-4.3164250786376925,5.4508365630585445,1
0042400305,2025-05-29,-0.7221027387930405,-2.4601079446797343,1.7380052058866737,-71.84594454399053,0,0,0,-0.4,-1.2000000000000028,-2.6000000000000085,1.4000000000000057,-0.7221027387930405,-2.4601079446797343,1.7380052058866737,1
0042400306,2025-05-31,-0.753348041797139,1.886180943554109,-2.639528985351231,53.46308415854105,0,0,0,0.19999999999999996,-1.2000000000000028,1.2000000000000028,-2.4000000000000057,-0.753348041797139,1.886180943554109,-2.639528985351231,1
0042400401,2025-06-05,4.261061934949282,-0.7738924617028289,5.034954396652122,85.75507893647705,3,0,0,0.20000000000000007,4.400000000000006,-0.20000000000000284,4.6000000000000085,4.261061934949282,-0.7738924617028289,5.034954396652122,0
0042400402,2025-06-08,3.8858765289251522,3.5797925667356765,0.30608396218949563,55.976587476657414,0,0,0,0.0,4.200000000000003,4.200000000000003,0.0,3.8858765289251522,3.5797925667356765,0.30608396218949563,1
0042400403,2025-06-11,-4.077583063269813,-1.6744010783868362,-2.4031819848830054,-67.55609578210874,0,0,0,0.0,-3.799999999999997,-1.6000000000000085,-2.1999999999999886,-4.077583063269813,-1.6744010783868362,-2.4031819848830054,1
0042400404,2025-06-13,-6.904473942916255,1.7068261835963767,-8.611300126512612,-49.41830733897518,0,0,0,0.0,-7.800000000000011,1.0,-8.800000000000011,-6.904473942916255,1.7068261835963767,-8.611300126512612,0
0042400405,2025-06-16,3.0483920094793717,-4.545341938487155,7.59373394796655,72.30962505184675,0,0,0,0.0,2.4000000000000057,-5.3999999999999915,7.799999999999997,3.0483920094793717,-4.545341938487155,7.59373394796655,1
0042400406,2025-06-19,-6.423180542076878,3.252489096538824,-9.675669638615688,-83.13115114641982,0,0,0,-0.19999999999999996,-4.799999999999997,4.799999999999997,-9.599999999999994,-6.423180542076878,3.252489096538824,-9.675669638615688,1
0042400407,2025-06-22,3.686271559367114,0.27605537481983333,3.410216184547264,64.10143783187164,0,0,0,0.19999999999999996,1.6000000000000085,-1.6000000000000085,3.200000000000017,3.686271559367114,0.27605537481983333,3.410216184547264,1
0012500008,2025-10-02,3.4885369687712284,-1.2678621457496035,4.756399114520863,301.064429961845,-48,0,0,0.2,1.4000000000000057,-3.4000000000000057,4.800000000000011,3.4885369687712284,-1.2678621457496035,4.756399114520863,1
0012500001,2025-10-03,1.9927835909178384,-2.209413850863868,4.202197441781697,113.44178241740951,-17,0,0,0.0,-3.5999999999999943,-8.0,4.400000000000006,1.9927835909178384,-2.209413850863868,4.202197441781697,0
0012500010,2025-10-04,-6.5822636959717755,4.044774913246258,-10.62703860921803,-304.6805886010245,0,0,0,-0.39999999999999997,-4.400000000000006,6.400000000000006,-10.800000000000011,-6.5822636959717755,4.044774913246258,-10.62703860921803,0
0012500027,2025-10-04,5.345562435844414,15.534782042876273,-10.189219607031859,-52.13913701106458,1,0,0,0.0,7.400000000000006,17.19999999999999,-9.799999999999983,5.345562435844414,15.534782042876273,-10.189219607031859,0
0012500028,2025-10-04,-8.536956109497709,-10.131751554321383,1.5947954448236832,-25.783534618383328,10,0,0,0.2,-7.3999999999999915,-9.0,1.6000000000000085,-8.536956109497709,-10.131751554321383,1.5947954448236832,0
0012500029,2025-10-05,-9.655798020534164,13.316589575180316,-22.972387595714498,-466.6959045855151,70,0,0,-0.6,-7.800000000000011,15.200000000000003,-23.000000000000014,-9.655798020534164,13.316589575180316,-22.972387595714498,0
0012500030,2025-10-05,2.3574168164141582,2.6810338967210754,-0.3236170803069198,37.496778380863816,142,0,0,0.0,4.200000000000003,4.400000000000006,-0.20000000000000284,2.3574168164141582,2.6810338967210754,-0.3236170803069198,1
0012500002,2025-10-06,-5.912774260007069,13.38830404327662,-19.301078303283674,-126.96007194545405,-158,0,0,-0.2,-10.200000000000003,8.200000000000003,-18.400000000000006,-5.912774260007069,13.38830404327662,-19.301078303283674,0
0012500014,2025-10-06,-2.136081220038676,2.126506780985281,-4.262588001023968,113.22099624880934,-16,0,0,-0.19999999999999996,-9.799999999999997,-5.6000000000000085,-4.199999999999989,-2.136081220038676,2.126506780985281,-4.262588001023968,1
0012500031,2025-10-06,-5.35376063029392,7.36909316495742,-12.722853795251343,0.8975698022197776,5,0,0,-0.2,-1.1999999999999886,12.200000000000003,-13.399999999999991,-5.35376063029392,7.36909316495742,-12.722853795251343,0
0012500033,2025-10-06,-1.3336591314995303,10.748714394450161,-12.082373525949683,-293.8461217699014,170,0,1,-0.4,-3.200000000000003,9.200000000000003,-12.400000000000006,-1.3336591314995303,10.748714394450161,-12.082373525949683,1
0012500034,2025-10-06,6.188092086970599,-2.2169222773666633,8.405014364337243,-178.63930679704026,174,0,0,0.2,10.200000000000003,1.7999999999999972,8.400000000000006,6.188092086970599,-2.2169222773666633,8.405014364337243,0
0012500035,2025-10-07,0.622131267690861,7.5578050629834905,-6.9356737952926295,144.8112951318576,-27,0,0,-0.39999999999999997,1.6000000000000085,8.399999999999991,-6.799999999999983,0.622131267690861,7.5578050629834905,-6.9356737952926295,0
0012500036,2025-10-07,11.771131228046258,9.604059983403872,2.1670712446423948,-29.392759958141596,-104,0,0,0.0,12.800000000000011,11.0,1.8000000000000114,11.771131228046258,9.604059983403872,2.1670712446423948,0
0012500003,2025-10-08,-16.86998684616752,11.168859737270367,-28.038846583437913,-14.866758644247057,0,0,0,-0.6,-16.0,11.200000000000003,-27.200000000000003,-16.86998684616752,11.168859737270367,-28.038846583437913,0
0012500015,2025-10-08,1.2174344970206334,12.133322288401672,-10.91588779138105,95.75723543924391,-175,0,0,-0.2,-6.599999999999994,3.200000000000003,-9.799999999999997,1.2174344970206334,12.133322288401672,-10.91588779138105,1
0012500016,2025-10-08,8.03781563463609,9.744248872244569,-1.7064332376084876,62.727878361944704,173,0,0,0.0,-3.200000000000003,-1.2000000000000028,-2.0,8.03781563463609,9.744248872244569,-1.7064332376084876,0
0012500037,2025-10-08,4.324335012872368,-13.469795787180601,17.79413080005296,298.996166964944,-176,0,0,0.39999999999999997,-6.400000000000006,-25.200000000000017,18.80000000000001,4.324335012872368,-13.469795787180601,17.79413080005296,1
0012500038,2025-10-08,-13.908996690958489,4.707927360022111,-18.61692405098059,-152.3333971969746,-143,0,0,-0.4,-2.4000000000000057,16.39999999999999,-18.799999999999997,-13.908996690958489,4.707927360022111,-18.61692405098059,0
0012500039,2025-10-09,-12.671202305020984,-11.628116901583184,-1.043085403437789,-22.476604201132204,3,0,0,0.19999999999999996,-14.199999999999989,-13.399999999999991,-0.7999999999999972,-12.671202305020984,-11.628116901583184,-1.043085403437789,1
0012500040,2025-10-09,1.07957002415516,-8.725026553327695,9.80459657748285,-112.66540857612608,0,0,0,0.6000000000000001,-1.6000000000000085,-11.400000000000006,9.799999999999997,1.07957002415516,-8.725026553327695,9.80459657748285,1
0012500041,2025-10-09,0.5734641517116899,5.284736134721584,-4.711271983009868,42.8835102743883,0,0,0,0.0,0.0,4.400000000000006,-4.400000000000006,0.5734641517116899,5.284736134721584,-4.711271983009868,1
0012500042,2025-10-09,8.884625049988514,-16.17567843888517,25.060303488873682,455.9532620665218,-1,0,0,0.6,9.599999999999994,-16.0,25.599999999999994,8.884625049988514,-16.17567843888517,25.060303488873682,1
0012500012,2025-10-10,-1.4255073515908663,6.7790839107671275,-8.204591262358006,-115.72833344284413,173,0,0,-0.2,1.5999999999999943,10.200000000000003,-8.600000000000009,-1.4255073515908663,6.7790839107671275,-8.204591262358006,0
0012500017,2025-10-10,-8.006715152733207,-14.330846255102372,6.324131102369169,24.52639792548439,0,0,0,0.2,2.200000000000003,-3.5999999999999943,5.799999999999997,-8.006715152733207,-14.330846255102372,6.324131102369169,1
0012500044,2025-10-10,-5.6364426074551375,-2.2378358553311557,-3.39860675212399,-239.45484002643184,0,0,0,-0.19999999999999996,5.3999999999999915,8.200000000000003,-2.8000000000000114,-5.6364426074551375,-2.2378358553311557,-3.39860675212399,1
0012500045,2025-10-10,-1.1188824177472867,-19.033953410750513,17.915070993003216,170.71556106247908,0,0,0,0.6000000000000001,-8.400000000000006,-26.60000000000001,18.200000000000003,-1.1188824177472867,-19.033953410750513,17.915070993003216,1
0012500070,2025-10-10,-4.566694610181429,-5.6276620340450165,1.0609674238635938,-211.48359830942286,0,0,0,-0.2,2.8000000000000114,2.799999999999997,1.4210854715202004e-14,-4.566694610181429,-5.6276620340450165,1.0609674238635938,0
0012500018,2025-10-11,-8.465930861128811,-0.23830421392004553,-8.227626647208762,34.17901638389412,-2,0,0,-0.4,-5.199999999999989,3.5999999999999943,-8.799999999999983,-8.465930861128811,-0.23830421392004553,-8.227626647208762,0
0012500046,2025-10-11,2.655110182964833,6.3515596914509445,-3.696449508486128,-51.17478601337939,2,0,0,-0.19999999999999996,1.4000000000000057,4.799999999999997,-3.3999999999999915,2.655110182964833,6.3515596914509445,-3.696449508486128,1
0012500047,2025-10-11,12.481944763480968,-7.968189592890013,20.450134356370988,193.01906932932138,3,0,0,0.6,9.399999999999991,-11.400000000000006,20.799999999999997,12.481944763480968,-7.968189592890013,20.450134356370988,0
0012500004,2025-10-12,-5.549378650023897,2.9689674681824414,-8.518346118206338,-54.86547457360257,3,0,0,-0.4,-12.0,-3.4000000000000057,-8.599999999999994,-5.549378650023897,2.9689674681824414,-8.518346118206338,1
0012500013,2025-10-12,4.112887692710501,-11.319147135070025,15.432034827780527,134.82355577501562,0,0,0,0.39999999999999997,2.200000000000003,-13.799999999999997,16.0,4.112887692710501,-11.319147135070025,15.432034827780527,0
0012500048,2025-10-12,-7.408025276362821,6.1617542805770285,-13.569779556939853,-132.0320036238768,180,0,0,-0.2,-13.200000000000003,-0.19999999999998863,-13.000000000000014,-7.408025276362821,6.1617542805770285,-13.569779556939853,0
0012500049,2025-10-12,13.431759302247414,-9.222892615385874,22.654651917633277,103.4019712818415,-2,0,0,0.6,9.600000000000009,-13.399999999999991,23.0,13.431759302247414,-9.222892615385874,22.654651917633277,1
0012500050,2025-10-12,5.467023099935005,3.2469480331966736,2.22007506673834,31.409916572639304,-1,0,0,0.2,-4.3999999999999915,-6.3999999999999915,2.0,5.467023099935005,3.2469480331966736,2.22007506673834,1
0012500051,2025-10-12,-3.5659054613587813,-10.233904310601488,6.6679988492427045,-50.0602466140424,0,0,0,0.20000000000000007,2.0,-4.799999999999997,6.799999999999997,-3.5659054613587813,-10.233904310601488,6.6679988492427045,0
0012500052,2025-10-12,11.880639646222917,1.8267124482024855,10.053927198020446,11.117732980309938,-3,0,0,0.0,4.599999999999994,-5.199999999999989,9.799999999999983,11.880639646222917,1.8267124482024855,10.053927198020446,0
0012500019,2025-10-13,13.914755511193974,0.6380981131260341,13.276657398067918,65.90824056695101,1,0,1,0.4,11.200000000000003,-2.5999999999999943,13.799999999999997,13.914755511193974,0.6380981131260341,13.276657398067918,1
0012500053,2025-10-13,-5.973608023273954,-1.6911746630900097,-4.282433360183939,240.45012805253123,-1,0,0,-0.20000000000000007,-5.799999999999997,-2.200000000000003,-3.5999999999999943,-5.973608023273954,-1.6911746630900097,-4.282433360183939,0
0012500054,2025-10-13,2.2512801433681204,-14.023472868809918,16.27475301217805,322.66193729221936,3,0,1,0.6000000000000001,2.0,-14.799999999999997,16.799999999999997,2.2512801433681204,-14.023472868809918,16.27475301217805,0
0012500056,2025-10-13,6.88083717452426,13.507499996092164,-6.626662821567919,-179.3155921485154,1,0,0,-0.2,12.200000000000003,18.799999999999983,-6.59999999999998,6.88083717452426,13.507499996092164,-6.626662821567919,0
0012500020,2025-10-14,-17.47296493412128,7.016637373682514,-24.489602307803793,-252.73542675736144,178,0,0,-0.8,-12.200000000000003,13.599999999999994,-25.799999999999997,-17.47296493412128,7.016637373682514,-24.489602307803793,0
0012500021,2025-10-14,-2.882827974381982,-6.470431720122548,3.5876037457405774,-90.2768047279294,2,0,0,0.0,-1.6000000000000085,-4.200000000000003,2.5999999999999943,-2.882827974381982,-6.470431720122548,3.5876037457405774,0
0012500057,2025-10-14,-4.912076410950817,9.294110503783031,-14.20618691473385,90.58089165655815,-3,0,0,-0.4,-0.20000000000000284,15.199999999999989,-15.399999999999991,-4.912076410950817,9.294110503783031,-14.20618691473385,1
0012500058,2025-10-14,5.727870844389827,8.765266418445023,-3.037395574055213,-142.22054651808799,-1,0,0,0.0,3.5999999999999943,6.0,-2.4000000000000057,5.727870844389827,8.765266418445023,-3.037395574055213,0
0012500059,2025-10-14,3.0035740764660517,6.861323369871471,-3.8577492934054476,102.0434916175243,0,0,0,0.0,-5.599999999999994,-1.4000000000000057,-4.199999999999989,3.0035740764660517,6.861323369871471,-3.8577492934054476,1
0012500060,2025-10-14,3.7745678873617265,-8.293034046457137,12.06760193381885,-91.31029483074008,0,0,0,0.39999999999999997,8.0,-4.599999999999994,12.599999999999994,3.7745678873617265,-8.293034046457137,12.06760193381885,1
0012500005,2025-10-15,-7.777268632052653,4.788610895759319,-12.56587952781199,67.16736909718452,-1,1,0,-0.39999999999999997,-10.400000000000006,2.0,-12.400000000000006,-7.777268632052653,4.788610895759319,-12.56587952781199,0
0012500022,2025-10-15,-5.15863784063562,-0.815407500681232,-4.343230339954406,-150.41522988348197,2,0,0,-0.2,-0.5999999999999943,4.0,-4.599999999999994,-5.15863784063562,-0.815407500681232,-4.343230339954406,0
0012500061,2025-10-15,-4.219532072809116,-0.42858472350586396,-3.790947349303231,-182.4649187934806,0,0,0,0.2,-4.799999999999997,-1.2000000000000028,-3.5999999999999943,-4.219532072809116,-0.42858472350586396,-3.790947349303231,1
0012500062,2025-10-15,5.205227885682177,-1.1504293923915299,6.355657278073712,209.1398758055634,0,0,0,0.0,-0.7999999999999972,-7.6000000000000085,6.800000000000011,5.205227885682177,-1.1504293923915299,6.355657278073712,1
0012500023,2025-10-16,5.9687080448827174,-14.124022049066994,20.09273009394971,195.13038006978195,2,0,0,0.6,0.7999999999999972,-21.19999999999999,21.999999999999986,5.9687080448827174,-14.124022049066994,20.09273009394971,1
0012500024,2025-10-16,-12.127444435885153,-1.7226444563438719,-10.40479997954129,-110.74282916543166,1,0,0,-0.4,-6.6000000000000085,4.200000000000003,-10.800000000000011,-12.127444435885153,-1.7226444563438719,-10.40479997954129,0
0012500025,2025-10-16,6.198434130083697,21.231330557589985,-15.032896427506275,-208.63734940415816,1,0,0,-0.4,4.200000000000003,19.000000000000014,-14.800000000000011,6.198434130083697,21.231330557589985,-15.032896427506275,1
0012500063,2025-10-16,1.9026167485407512,-2.2182270192869424,4.120843767827699,201.17370001642507,-1,0,0,0.0,3.0,-1.7999999999999972,4.799999999999997,1.9026167485407512,-2.2182270192869424,4.120843767827699,1
0012500064,2025-10-16,-7.051651864756153,5.438785606212122,-12.490437470968274,-120.09378606034011,-1,0,0,0.0,-3.5999999999999943,8.0,-11.599999999999994,-7.051651864756153,5.438785606212122,-12.490437470968274,1
0012500006,2025-10-17,-7.144444409837874,-13.044546366833288,5.900101956995413,-65.9531816646479,2,0,0,0.0,-4.400000000000006,-10.599999999999994,6.199999999999989,-7.144444409837874,-13.044546366833288,5.900101956995413,0
0012500007,2025-10-17,-9.102554486443466,-3.719745931968518,-5.382808554474973,74.81521432412433,0,0,0,0.0,-8.600000000000009,-3.4000000000000057,-5.200000000000003,-9.102554486443466,-3.719745931968518,-5.382808554474973,0
0012500065,2025-10-17,0.969415387759625,-12.220579391514605,13.189994779274215,96.45581559886932,-3,0,0,0.39999999999999997,4.6000000000000085,-8.599999999999994,13.200000000000003,0.969415387759625,-12.220579391514605,13.189994779274215,1
0012500066,2025-10-17,-6.009896810771025,-5.2451280688646165,-0.7647687419063829,290.6787046457732,2,0,0,0.19999999999999996,-11.600000000000009,-10.800000000000011,-0.7999999999999972,-6.009896810771025,-5.2451280688646165,-0.7647687419063829,1
0012500067,2025-10-17,-2.4682194563695106,-6.961250872564378,4.49303141619487,117.1209211311691,0,0,0,0.0,3.1999999999999886,-1.2000000000000028,4.3999999999999915,-2.4682194563695106,-6.961250872564378,4.49303141619487,1
0012500068,2025-10-17,11.33936125760384,-0.5452284068138908,11.884589664417708,-205.38972570491137,0,0,0,0.4,11.200000000000003,-0.3999999999999915,11.599999999999994,11.33936125760384,-0.5452284068138908,11.884589664417708,1
0012500069,2025-10-17,-7.790980057185891,1.6980348220338755,-9.489014879219747,-20.76763376061581,1,0,0,0.0,5.3999999999999915,14.200000000000003,-8.800000000000011,-7.790980057185891,1.6980348220338755,-9.489014879219747,0
0012500071,2025-10-17,-20.947115600021448,8.007404648827261,-28.954520248848706,-329.0600068666024,6,0,1,-0.4,-22.200000000000003,7.0,-29.200000000000003,-20.947115600021448,8.007404648827261,-28.954520248848706,1
0022500001,2025-10-21,-17.746180343808334,-9.472172519659722,-8.274007824148608,143.6462431178213,-1,0,0,-0.20000000000000007,-18.39999999999999,-9.0,-9.399999999999991,-17.746180343808334,-9.472172519659722,-8.274007824148608,1
0022500002,2025-10-21,1.0585842220452406,9.366523978140393,-8.307939756095147,-74.35466022293326,0,0,0,-0.39999999999999997,-6.800000000000011,1.7999999999999972,-8.600000000000009,1.0585842220452406,9.366523978140393,-8.307939756095147,0
0022500003,2025-10-22,-0.6252824691247412,-8.945494687128019,8.320212218003258,-13.96785790109061,-3,0,0,0.6000000000000001,-6.200000000000003,-15.599999999999994,9.399999999999991,-0.6252824691247412,-8.945494687128019,8.320212218003258,1
0022500004,2025-10-22,-11.455871256657488,-2.391550822523655,-9.064320434133819,-6.601482013438499,2,0,0,-0.4,-11.800000000000011,-2.6000000000000085,-9.200000000000003,-11.455871256657488,-2.391550822523655,-9.064320434133819,0
0022500080,2025-10-22,3.649653198962099,-5.310246981045552,8.959900180007645,-34.282230699577894,0,0,0,0.2,11.0,2.4000000000000057,8.599999999999994,3.649653198962099,-5.310246981045552,8.959900180007645,1
0022500081,2025-10-22,17.555207558063316,3.5741925499026053,13.981015008160682,132.49625105388714,1,0,0,0.8,9.599999999999994,-6.0,15.599999999999994,17.555207558063316,3.5741925499026053,13.981015008160682,1
0022500082,2025-10-22,-3.0579309796646896,5.013725904161674,-8.071656883826368,20.594981170089795,1,0,0,-0.4,1.1999999999999886,9.800000000000011,-8.600000000000023,-3.0579309796646896,5.013725904161674,-8.071656883826368,0
0022500083,2025-10-22,9.467062899887338,-2.8138640669063193,12.28092696679368,352.57690371525064,2,0,0,0.39999999999999997,8.200000000000003,-5.6000000000000085,13.800000000000011,9.467062899887338,-2.8138640669063193,12.28092696679368,0
0022500084,2025-10-22,-0.3475581431317494,1.6227213684556148,-1.9702795115873613,1.4239195622628813,0,0,0,0.19999999999999996,6.0,7.799999999999997,-1.7999999999999972,-0.3475581431317494,1.6227213684556148,-1.9702795115873613,1
0022500085,2025-10-22,3.979458706555846,-4.847471758484332,8.82693046504017,156.72527617927267,-1,0,0,0.2,4.0,-5.0,9.0,3.979458706555846,-4.847471758484332,8.82693046504017,1
0022500086,2025-10-22,5.7266320667458075,-3.766779708922016,9.49341177566782,266.91142108173585,2,0,0,0.19999999999999996,7.800000000000011,-2.4000000000000057,10.200000000000017,5.7266320667458075,-3.766779708922016,9.49341177566782,1
0022500087,2025-10-22,2.650931742463669,18.6322164160525,-15.98128467358884,-339.4543534401994,1,0,0,-0.39999999999999997,8.599999999999994,24.39999999999999,-15.799999999999997,2.650931742463669,18.6322164160525,-15.98128467358884,1
0022500088,2025-10-22,-1.5710589266421948,-13.38292326839857,11.811864341756385,2.8304401094248988,3,0,0,0.39999999999999997,-0.7999999999999972,-13.399999999999991,12.599999999999994,-1.5710589266421948,-13.38292326839857,11.811864341756385,1
0022500089,2025-10-22,0.7689956455330957,4.555775844868094,-3.78678019933497,-138.07438308950987,1,0,0,0.2,0.6000000000000085,4.3999999999999915,-3.799999999999983,0.7689956455330957,4.555775844868094,-3.78678019933497,0
0022500005,2025-10-23,0.5333931842389319,8.79141666911103,-8.258023484872085,-81.63439543718164,4,0,0,-0.4,-0.7999999999999972,7.200000000000003,-8.0,0.5333931842389319,8.79141666911103,-8.258023484872085,0
0022500006,2025-10-23,-0.005146984586801295,-0.7848386065094672,0.7796916219226658,-29.090487727601385,-4,0,0,0.0,8.0,7.200000000000003,0.7999999999999972,-0.005146984586801295,-0.7848386065094672,0.7796916219226658,1
0022500018,2025-10-24,-5.621783409595281,1.474095847106284,-7.095879256701551,-29.838651088198276,0,0,0,0.20000000000000007,-8.400000000000006,-0.8000000000000114,-7.599999999999994,-5.621783409595281,1.474095847106284,-7.095879256701551,1
0022500019,2025-10-24,-1.1001073196938904,14.466782601358773,-15.566889921052656,-120.45096370141778,1,0,0,-0.2,-5.6000000000000085,9.200000000000003,-14.800000000000011,-1.1001073196938904,14.466782601358773,-15.566889921052656,1
0022500090,2025-10-24,14.800225671529589,-4.940778439246046,19.741004110775634,71.68085119422426,0,0,0,0.6,8.799999999999997,-12.200000000000003,21.0,14.800225671529589,-4.940778439246046,19.741004110775634,0
0022500091,2025-10-24,3.90830135438776,5.637705121114351,-1.7294037667265831,-274.73954848564995,0,0,0,0.0,1.7999999999999972,3.0,-1.2000000000000028,3.90830135438776,5.637705121114351,-1.7294037667265831,0
0022500092,2025-10-24,-3.2888902630227648,-2.13976671610196,-1.1491235469208076,-118.92977580787692,0,0,0,0.0,-1.4000000000000057,-0.4000000000000057,-1.0,-3.2888902630227648,-2.13976671610196,-1.1491235469208076,0
0022500093,2025-10-24,9.031138574960735,3.0577768491697697,5.973361725790975,83.55612392986723,1,0,0,0.4,16.000000000000014,9.599999999999994,6.40000000000002,9.031138574960735,3.0577768491697697,5.973361725790975,0
0022500094,2025-10-24,7.67708321606338,5.525214178848302,2.1518690372150786,95.7775450913914,0,0,0,0.4,5.799999999999997,3.5999999999999943,2.200000000000003,7.67708321606338,5.525214178848302,2.1518690372150786,0
0022500095,2025-10-24,-11.757078017853232,20.02970058209806,-31.7867785999513,-180.05013254697906,0,0,0,-1.0,-9.799999999999997,23.39999999999999,-33.19999999999999,-11.757078017853232,20.02970058209806,-31.7867785999513,0
0022500096,2025-10-24,-4.783138312623578,-11.498298578595822,6.7151602659722585,156.91110616265996,0,0,0,0.19999999999999996,-4.0,-11.400000000000006,7.400000000000006,-4.783138312623578,-11.498298578595822,6.7151602659722585,0
0022500097,2025-10-24,-3.8479793018206294,1.3017850746244335,-5.14976437644504,-139.25559675134582,1,0,1,-0.39999999999999997,1.6000000000000085,7.400000000000006,-5.799999999999997,-3.8479793018206294,1.3017850746244335,-5.14976437644504,1
0022500098,2025-10-24,-11.392414736687542,-6.322328458481621,-5.0700862782059035,151.2267624519393,0,0,0,-0.2,-10.0,-5.200000000000003,-4.799999999999997,-11.392414736687542,-6.322328458481621,-5.0700862782059035,1
0022500099,2025-10-24,5.772883257394142,4.906183803710519,0.8666994536836254,139.20013197817002,0,0,0,-0.20000000000000007,-3.6000000000000085,-3.799999999999997,0.19999999999998863,5.772883257394142,4.906183803710519,0.8666994536836254,1
0022500100,2025-10-25,7.57407828680482,-2.1915094277982092,9.765587714603038,-14.598203004298284,-2,1,0,0.20000000000000007,2.8000000000000114,-7.0,9.800000000000011,7.57407828680482,-2.1915094277982092,9.765587714603038,0
0022500101,2025-10-25,0.17698666501894422,4.6637184174235955,-4.48673175240464,-287.0103156280509,-1,1,0,-0.20000000000000007,1.5999999999999943,6.800000000000011,-5.200000000000017,0.17698666501894422,4.6637184174235955,-4.48673175240464,0
0022500102,2025-10-25,-14.381173627499834,0.3552168269106062,-14.73639045441046,8.44852498006162,0,0,0,-0.19999999999999996,-19.200000000000003,-3.5999999999999943,-15.600000000000009,-14.381173627499834,0.3552168269106062,-14.73639045441046,1
0022500103,2025-10-25,6.364116824812882,7.641245733411182,-1.2771289085983222,-187.34935563554018,-1,1,0,0.0,3.4000000000000057,5.400000000000006,-2.0,6.364116824812882,7.641245733411182,-1.2771289085983222,1
0022500104,2025-10-25,-0.7261528718179449,-5.137579706258322,4.411426834440368,145.79402802794675,1,0,1,0.0,-3.200000000000003,-7.400000000000006,4.200000000000003,-0.7261528718179449,-5.137579706258322,4.411426834440368,1
0022500105,2025-10-26,10.152515836492967,-12.616228982712528,22.76874481920549,177.2405713202852,0,0,0,0.8,8.600000000000009,-15.400000000000006,24.000000000000014,10.152515836492967,-12.616228982712528,22.76874481920549,1
0022500106,2025-10-26,0.12661225827896772,3.984280535562789,-3.857668277283821,-105.34656363257682,0,0,0,0.0,-1.5999999999999943,3.0,-4.599999999999994,0.12661225827896772,3.984280535562789,-3.857668277283821,1
0022500107,2025-10-26,-8.687618342206974,-0.19885176823572692,-8.488766573971242,24.025377070914374,0,0,0,-0.4,-6.400000000000006,3.200000000000003,-9.600000000000009,-8.687618342206974,-0.19885176823572692,-8.488766573971242,1
0022500108,2025-10-26,2.318941955309171,5.870164931041089,-3.5512229757319176,-216.3432757793255,0,0,0,-0.6000000000000001,14.799999999999997,18.0,-3.200000000000003,2.318941955309171,5.870164931041089,-3.5512229757319176,1
0022500109,2025-10-26,-9.46180299481172,-0.2649574006361206,-9.196845594175588,16.670847942392356,1,0,1,-0.19999999999999996,-12.599999999999994,-2.4000000000000057,-10.199999999999989,-9.46180299481172,-0.2649574006361206,-9.196845594175588,0
0022500110,2025-10-26,10.876390301891973,-6.293670766980711,17.170061068872677,-40.40900194301116,1,0,1,0.2,5.200000000000003,-11.800000000000011,17.000000000000014,10.876390301891973,-6.293670766980711,17.170061068872677,1
0022500111,2025-10-26,-5.838346776337929,-1.419783913646981,-4.418562862690945,-2.2199751944440322,0,0,0,-0.19999999999999996,-8.799999999999997,-3.799999999999997,-5.0,-5.838346776337929,-1.419783913646981,-4.418562862690945,1
0022500112,2025-10-26,1.803924378063627,-0.9468551777823251,2.7507795558459294,142.71323053896572,0,0,0,0.19999999999999996,-14.200000000000003,-16.599999999999994,2.3999999999999915,1.803924378063627,-0.9468551777823251,2.7507795558459294,1
0022500113,2025-10-26,-3.777483554852921,-5.0229639803283845,1.2454804254754883,-48.68640222911063,0,0,0,0.2,0.20000000000000284,-1.4000000000000057,1.6000000000000085,-3.777483554852921,-5.0229639803283845,1.2454804254754883,0
0022500007,2025-10-27,0.12597184526286753,-2.8931714258821444,3.0191432711449977,-84.11338567332086,0,1,1,0.0,-4.200000000000003,-7.799999999999997,3.5999999999999943,0.12597184526286753,-2.8931714258821444,3.0191432711449977,0
0022500008,2025-10-27,-2.9368211108770623,8.661458461420452,-11.598279572297495,-2.676564069799042,-1,1,0,-0.19999999999999996,-1.7999999999999972,10.200000000000003,-12.0,-2.9368211108770623,8.661458461420452,-11.598279572297495,0
0022500114,2025-10-27,-2.1833937456618457,3.3514214570458023,-5.534815202707639,-168.89564448849637,0,0,0,0.0,-2.4000000000000057,3.3999999999999915,-5.799999999999997,-2.1833937456618457,3.3514214570458023,-5.534815202707639,1
0022500115,2025-10-27,7.176124688909297,-3.883383285909602,11.05950797481888,74.62221007664493,0,0,0,0.19999999999999996,5.200000000000003,-6.599999999999994,11.799999999999997,7.176124688909297,-3.883383285909602,11.05950797481888,1
0022500116,2025-10-27,7.263904742739584,-5.532497841017559,12.79640258375715,255.00358695344585,2,0,1,0.39999999999999997,13.0,-0.5999999999999943,13.599999999999994,7.263904742739584,-5.532497841017559,12.79640258375715,1
0022500117,2025-10-27,-0.44811335307380773,8.627879137022006,-9.075992490095796,-311.2323351389316,2,0,1,-0.4,3.799999999999997,13.799999999999997,-10.0,-0.44811335307380773,8.627879137022006,-9.075992490095796,0
0022500118,2025-10-27,7.594391110199936,-9.410962371147889,17.00535348134783,64.28482904254611,0,1,1,0.6,2.0,-15.199999999999989,17.19999999999999,7.594391110199936,-9.410962371147889,17.00535348134783,1
0022500119,2025-10-27,-2.181696587526119,2.536684657473046,-4.7183812449991365,-305.00550280776633,-1,1,0,-0.4,-4.0,0.7999999999999972,-4.799999999999997,-2.181696587526119,2.536684657473046,-4.7183812449991365,0
0022500120,2025-10-27,8.592093367863171,-0.3702386412918912,8.962332009155068,-164.17738089788054,1,0,0,0.0,8.200000000000003,-0.5999999999999943,8.799999999999997,8.592093367863171,-0.3702386412918912,8.962332009155068,1
0022500121,2025-10-27,-5.881385030297437,-8.153695087885694,2.272310057588271,104.84253344216563,1,0,0,0.0,-6.200000000000003,-8.999999999999986,2.799999999999983,-5.881385030297437,-8.153695087885694,2.272310057588271,1
0022500122,2025-10-27,6.6996054857869325,8.800598452495095,-2.1009929667081737,50.334868050057366,0,1,1,0.2,-5.200000000000003,-2.799999999999997,-2.4000000000000057,6.6996054857869325,8.800598452495095,-2.1009929667081737,0
0022500123,2025-10-28,-5.665717985497778,0.8202891083138582,-6.486007093811673,-30.924688992952497,1,0,1,-0.4,-6.800000000000011,0.4000000000000057,-7.200000000000017,-5.665717985497778,0.8202891083138582,-6.486007093811673,0
0022500124,2025-10-28,-9.347572268719972,-0.5921849400437225,-8.755387328676266,92.57090913205707,0,0,0,-0.19999999999999996,-4.800000000000011,4.400000000000006,-9.200000000000017,-9.347572268719972,-0.5921849400437225,-8.755387328676266,1
0022500125,2025-10-28,7.20117159780682,4.08733490627688,3.1138366915299516,-21.201490093970733,0,0,0,0.0,12.0,8.400000000000006,3.5999999999999943,7.20117159780682,4.08733490627688,3.1138366915299516,1
0022500126,2025-10-28,0.7875321967061382,-11.120157564230993,11.907689760937131,324.77379608512547,-1,1,0,0.6,5.799999999999997,-6.400000000000006,12.200000000000003,0.7875321967061382,-11.120157564230993,11.907689760937131,1
0022500127,2025-10-28,0.22651074506343605,5.977831411025548,-5.7513206659621,-24.969078030848095,-1,1,0,-0.20000000000000007,8.599999999999994,14.199999999999989,-5.599999999999994,0.22651074506343605,5.977831411025548,-5.7513206659621,1
0022500128,2025-10-29,-2.921955716789128,1.701124089318526,-4.623079806107663,-4.9585103438585065,0,0,0,-0.4,-7.599999999999994,-2.4000000000000057,-5.199999999999989,-2.921955716789128,1.701124089318526,-4.623079806107663,1
0022500129,2025-10-29,-5.2011080735289426,-10.055970419693665,4.854862346164711,37.75731650505918,0,0,0,0.19999999999999996,-5.400000000000006,-10.0,4.599999999999994,-5.2011080735289426,-10.055970419693665,4.854862346164711,1
0022500130,2025-10-29,5.033611559786095,8.669326200777789,-3.635714640991729,-136.75748677971637,0,0,0,-0.2,0.7999999999999972,3.5999999999999943,-2.799999999999997,5.033611559786095,8.669326200777789,-3.635714640991729,0
0022500131,2025-10-29,-6.402897741781658,4.0345523194475845,-10.43745006122924,-143.19486258612574,0,0,0,-0.19999999999999996,-6.0,4.3999999999999915,-10.399999999999991,-6.402897741781658,4.0345523194475845,-10.43745006122924,0
0022500132,2025-10-29,4.8652391931986045,-1.6036971559325792,6.468936349131212,104.47260269522576,1,0,1,0.4,7.400000000000006,0.4000000000000057,7.0,4.8652391931986045,-1.6036971559325792,6.468936349131212,1
0022500133,2025-10-29,0.9898797425572639,-11.735688753024732,12.72556849558198,-181.16832358399847,-1,0,0,0.4,-1.4000000000000057,-14.799999999999997,13.399999999999991,0.9898797425572639,-11.735688753024732,12.72556849558198,1
0022500134,2025-10-29,7.7102663850146484,-8.577677588922512,16.287943973937143,319.54481824049935,0,0,0,0.6,5.0,-11.800000000000011,16.80000000000001,7.7102663850146484,-8.577677588922512,16.287943973937143,1
0022500135,2025-10-29,5.209387960841994,5.849230873752802,-0.639842912910785,-170.91748977127145,0,0,0,0.19999999999999996,-1.4000000000000057,-0.20000000000000284,-1.2000000000000028,5.209387960841994,5.849230873752802,-0.639842912910785,0
0022500136,2025-10-29,-5.546289024557225,2.5852514330696295,-8.131540457626855,97.45583258521651,0,0,0,0.0,-4.3999999999999915,3.4000000000000057,-7.799999999999997,-5.546289024557225,2.5852514330696295,-8.131540457626855,0
0022500137,2025-10-29,-7.041041949231271,1.7098447357866178,-8.750886685017889,-27.74143754696297,0,0,0,-0.19999999999999996,-9.799999999999997,-1.4000000000000057,-8.399999999999991,-7.041041949231271,1.7098447357866178,-8.750886685017889,0
0022500138,2025-10-30,7.6680218099531885,-2.46892015428125,10.136941964234461,-164.83424374595097,1,0,1,0.2,10.200000000000003,-0.19999999999998863,10.399999999999991,7.6680218099531885,-2.46892015428125,10.136941964234461,0
0022500139,2025-10-30,-1.1305436260109332,1.2018691301405795,-2.3324127561515073,-5.76561709288535,0,0,0,-0.20000000000000007,-0.5999999999999943,1.0,-1.5999999999999943,-1.1305436260109332,1.2018691301405795,-2.3324127561515073,1
0022500140,2025-10-30,3.5196010380286538,-13.892487919376563,17.41208895740521,468.09415699601004,0,0,0,0.8,1.7999999999999972,-16.60000000000001,18.400000000000006,3.5196010380286538,-13.892487919376563,17.41208895740521,1
0022500141,2025-10-30,2.69373823684775,-7.801902831123925,10.495641067971674,95.07673377476976,1,0,0,0.4,-6.799999999999983,-16.39999999999999,9.600000000000009,2.69373823684775,-7.801902831123925,10.495641067971674,1
0022500020,2025-10-31,-8.540045077277625,-2.2227266179550043,-6.317318459322637,152.75689633314232,0,0,0,-0.4,-2.3999999999999915,4.199999999999989,-6.59999999999998,-8.540045077277625,-2.2227266179550043,-6.317318459322637,0
0022500021,2025-10-31,5.861563108401498,6.0877685416339915,-0.2262054332324963,-278.1753099164391,1,0,0,0.6,14.399999999999991,13.799999999999997,0.5999999999999943,5.861563108401498,6.0877685416339915,-0.2262054332324963,0
0022500022,2025-10-31,-3.5245315654188403,-10.762923704780704,7.238392139361892,193.18310120555316,0,0,0,0.39999999999999997,-5.200000000000003,-12.599999999999994,7.3999999999999915,-3.5245315654188403,-10.762923704780704,7.238392139361892,0
0022500023,2025-10-31,3.9377897052573445,-2.5404074489149906,6.478197154172349,-47.13944473932111,-1,0,0,0.4,10.0,3.0,7.0,3.9377897052573445,-2.5404074489149906,6.478197154172349,1
0022500024,2025-10-31,-4.913145416962763,-2.1375630846268194,-2.775582332335952,-27.925931772154172,0,0,0,0.0,2.8000000000000114,5.799999999999997,-2.999999999999986,-4.913145416962763,-2.1375630846268194,-2.775582332335952,0
0022500025,2025-10-31,-11.59119605398081,3.283727275689259,-14.874923329670072,136.46090729900016,0,0,0,-0.39999999999999997,-11.400000000000006,3.5999999999999943,-15.0,-11.59119605398081,3.283727275689259,-14.874923329670072,1
0022500026,2025-10-31,-5.983508420687102,1.4606520326543944,-7.444160453341468,-141.42995962585155,0,0,0,0.0,2.799999999999997,9.799999999999997,-7.0,-5.983508420687102,1.4606520326543944,-7.444160453341468,1
0022500027,2025-10-31,5.666365317092371,-10.091543430880236,15.75790874797258,302.1040230232818,1,0,0,0.6,-1.0,-17.0,16.0,5.666365317092371,-10.091543430880236,15.75790874797258,1
0022500142,2025-11-01,10.256128386937505,-1.7946585166897648,12.050786903627277,162.72648429077435,-1,0,0,0.6000000000000001,10.799999999999997,-1.7999999999999972,12.599999999999994,10.256128386937505,-1.7946585166897648,12.050786903627277,0
0022500143,2025-11-01,5.036226460698174,0.7008264974620175,4.335399963236142,-272.9344555149569,-1,0,0,0.0,9.799999999999997,5.400000000000006,4.3999999999999915,5.036226460698174,0.7008264974620175,4.335399963236142,0
0022500144,2025-11-01,-11.937981571650269,1.0786057757187422,-13.016587347369,15.545450468235003,-1,1,0,-0.6,-6.799999999999997,6.199999999999989,-12.999999999999986,-11.937981571650269,1.0786057757187422,-13.016587347369,1
0022500145,2025-11-01,-3.6951857411247175,0.3485891964982386,-4.043774937622959,-190.5248294552257,0,0,0,0.0,4.800000000000011,9.200000000000003,-4.3999999999999915,-3.6951857411247175,0.3485891964982386,-4.043774937622959,0
0022500146,2025-11-01,-9.26979731387327,-5.285339721721002,-3.9844575921522907,47.44349512931808,-2,1,0,0.0,-16.000000000000014,-11.599999999999994,-4.40000000000002,-9.26979731387327,-5.285339721721002,-3.9844575921522907,0
0022500147,2025-11-01,7.41742839229714,-0.9248093532854256,8.342237745582551,67.46961872308361,0,0,0,0.19999999999999996,7.200000000000003,-1.2000000000000028,8.400000000000006,7.41742839229714,-0.9248093532854256,8.342237745582551,1
0022500148,2025-11-02,7.394477979397877,-19.067584985728303,26.46206296512618,466.94948795790833,1,0,0,1.0,10.599999999999994,-16.0,26.599999999999994,7.394477979397877,-19.067584985728303,26.46206296512618,1
0022500149,2025-11-02,-6.748843411301095,11.447333276708079,-18.196176688009164,-36.0119650530753,2,0,0,-0.8,-11.200000000000003,7.0,-18.200000000000003,-6.748843411301095,11.447333276708079,-18.196176688009164,0
0022500150,2025-11-02,-1.887191374559123,5.9405810390938285,-7.827772413652977,9.15209583854653,-1,1,0,-0.2,-2.4000000000000057,5.200000000000003,-7.6000000000000085,-1.887191374559123,5.9405810390938285,-7.827772413652977,1
0022500151,2025-11-02,-5.405652996088918,-4.1124237003482875,-1.293229295740656,122.01971216916604,0,0,0,0.0,-1.5999999999999943,-0.6000000000000085,-0.9999999999999858,-5.405652996088918,-4.1124237003482875,-1.293229295740656,1
0022500152,2025-11-02,2.23483390759435,6.011939606395842,-3.777105698801501,-27.420823556902178,0,0,0,-0.2,-1.0,2.4000000000000057,-3.4000000000000057,2.23483390759435,6.011939606395842,-3.777105698801501,1
0022500153,2025-11-02,-6.041201096270754,4.328241183510457,-10.369442279781214,30.159079206898923,0,0,0,-0.6,-9.399999999999991,1.4000000000000057,-10.799999999999997,-6.041201096270754,4.328241183510457,-10.369442279781214,1
0022500154,2025-11-02,-8.806114239906833,11.79064993821639,-20.596764178123237,-80.56384428836463,-1,0,0,-0.8,-2.6000000000000085,18.200000000000003,-20.80000000000001,-8.806114239906833,11.79064993821639,-20.596764178123237,1
0022500155,2025-11-02,2.278078011461048,8.73003099285738,-6.451952981396326,112.06363627584597,-1,0,0,0.20000000000000007,-6.200000000000003,1.7999999999999972,-8.0,2.278078011461048,8.73003099285738,-6.451952981396326,1
0022500156,2025-11-03,-4.463184378857619,8.423467344585447,-12.886651723443048,-285.2411712897938,-1,1,0,-0.4,-3.5999999999999943,9.200000000000003,-12.799999999999997,-4.463184378857619,8.423467344585447,-12.886651723443048,0
0022500157,2025-11-03,-17.285261381133438,-4.831173456802503,-12.454087924330905,29.786425179790513,0,0,0,-0.39999999999999997,-13.799999999999997,-0.7999999999999972,-13.0,-17.285261381133438,-4.831173456802503,-12.454087924330905,0
0022500158,2025-11-03,6.457955326620095,-6.763590894035673,13.221546220655757,337.1557254848128,1,0,1,0.39999999999999997,-1.0,-13.799999999999997,12.799999999999997,6.457955326620095,-6.763590894035673,13.221546220655757,0
0022500159,2025-11-03,12.536164216396926,0.43280765796114906,12.103356558435753,302.5660026310459,-1,1,0,0.2,2.0,-11.0,13.0,12.536164216396926,0.43280765796114906,12.103356558435753,1
0022500160,2025-11-03,20.666268406012932,3.3615778808235035,17.30469052518943,146.0011558886781,0,0,0,0.19999999999999996,16.39999999999999,-0.5999999999999943,16.999999999999986,20.666268406012932,3.3615778808235035,17.30469052518943,1
0022500161,2025-11-03,-0.34093272229867466,4.881174534858104,-5.222107257156793,-70.88015548965609,-1,1,0,-0.4,-2.0,3.0,-5.0,-0.34093272229867466,4.881174534858104,-5.222107257156793,0
0022500162,2025-11-03,8.970015269579548,-7.653757174243125,16.623772443822645,163.50892915015606,1,0,0,0.19999999999999996,9.200000000000003,-7.6000000000000085,16.80000000000001,8.970015269579548,-7.653757174243125,16.623772443822645,1
0022500163,2025-11-03,-0.5838325150020154,-4.372307370128851,3.788474855126833,-34.752456172175016,2,0,1,0.0,3.0,-1.3999999999999915,4.3999999999999915,-0.5838325150020154,-4.372307370128851,3.788474855126833,0
0022500164,2025-11-03,-1.6494407021524466,8.539693475500712,-10.189134177653163,197.74289449009711,2,0,1,0.0,-14.0,-3.0,-11.0,-1.6494407021524466,8.539693475500712,-10.189134177653163,0
0022500165,2025-11-04,-4.6527484558079095,2.2415833974391006,-6.8943318532470155,-140.36828957178113,1,0,1,-0.19999999999999996,-4.3999999999999915,3.0,-7.3999999999999915,-4.6527484558079095,2.2415833974391006,-6.8943318532470155,1
0022500166,2025-11-04,-0.6386396058948236,1.006861433596697,-1.6455010394915377,-17.178604081088906,-1,0,0,0.0,-1.7999999999999972,0.0,-1.7999999999999972,-0.6386396058948236,1.006861433596697,-1.6455010394915377,1
0022500167,2025-11-04,-0.16820905874460834,2.7206688845469245,-2.888877943291525,189.99149275892432,0,0,0,0.0,-4.400000000000006,-1.1999999999999886,-3.200000000000017,-0.16820905874460834,2.7206688845469245,-2.888877943291525,1
0022500168,2025-11-04,-9.511942412287212,9.153711736372799,-18.66565414865999,-9.069073008793794,0,0,0,-0.4,-14.0,4.400000000000006,-18.400000000000006,-9.511942412287212,9.153711736372799,-18.66565414865999,1
0022500169,2025-11-04,-5.102248604697593,-3.670630316109836,-1.4316182885877824,134.24950958097293,1,0,0,0.0,-7.799999999999997,-5.799999999999997,-2.0,-5.102248604697593,-3.670630316109836,-1.4316182885877824,1
0022500170,2025-11-04,-2.5761149065681934,10.44268844646676,-13.01880335303493,-178.93269815973736,-1,1,0,-0.4,-4.3999999999999915,8.400000000000006,-12.799999999999997,-2.5761149065681934,10.44268844646676,-13.01880335303493,0
0022500171,2025-11-05,-10.952663223971442,-3.890622368044859,-7.06204085592658,252.57921032849526,2,0,1,0.0,-13.199999999999989,-6.200000000000003,-6.999999999999986,-10.952663223971442,-3.890622368044859,-7.06204085592658,1
0022500172,2025-11-05,4.336577490986045,-8.603331726106333,12.93990921709234,242.56618434249594,0,0,0,0.4,1.7999999999999972,-11.200000000000003,13.0,4.336577490986045,-8.603331726106333,12.93990921709234,1
0022500173,2025-11-05,-4.727868374625871,-17.544528376269227,12.816660001643342,301.3549907799834,0,0,0,0.2,2.0,-10.200000000000003,12.200000000000003,-4.727868374625871,-17.544528376269227,12.816660001643342,0
0022500174,2025-11-05,12.347440976173615,-11.171438102669569,23.51887907884318,315.7693169470174,0,0,0,0.6,1.7999999999999972,-22.60000000000001,24.400000000000006,12.347440976173615,-11.171438102669569,23.51887907884318,1
0022500175,2025-11-05,-2.1123765360672877,2.6345534588616317,-4.746929994928936,4.074957950198495,0,0,0,-0.19999999999999996,0.0,4.3999999999999915,-4.3999999999999915,-2.1123765360672877,2.6345534588616317,-4.746929994928936,1
0022500176,2025-11-05,-16.50782608274787,6.7030761677244755,-23.210902250472337,-153.11049633943867,0,0,0,-0.6000000000000001,-14.200000000000003,8.800000000000011,-23.000000000000014,-16.50782608274787,6.7030761677244755,-23.210902250472337,0
0022500177,2025-11-05,-1.1416380191840858,-17.36347985444452,16.221841835260438,146.37825190580998,1,0,1,0.2,5.6000000000000085,-10.399999999999991,16.0,-1.1416380191840858,-17.36347985444452,16.221841835260438,0
0022500178,2025-11-05,7.1092403843683485,-3.617801027127072,10.727041411495431,192.13123738943318,0,0,0,0.20000000000000007,3.799999999999997,-6.799999999999997,10.599999999999994,7.1092403843683485,-3.617801027127072,10.727041411495431,1
0022500179,2025-11-05,-1.1824868340457613,2.5325540246762017,-3.7150408587219803,33.021844803535714,-1,0,0,0.0,2.0,5.3999999999999915,-3.3999999999999915,-1.1824868340457613,2.5325540246762017,-3.7150408587219803,1
0022500180,2025-11-05,-7.818667626500769,8.246151386588679,-16.064819013089465,-292.927824967024,1,0,1,-0.4,-1.7999999999999972,14.0,-15.799999999999997,-7.818667626500769,8.246151386588679,-16.064819013089465,1
0022500181,2025-11-05,1.9473165647327306,13.805471045301786,-11.858154480569032,-138.32835470447435,1,0,1,-0.39999999999999997,5.3999999999999915,17.0,-11.600000000000009,1.9473165647327306,13.805471045301786,-11.858154480569032,1
0022500182,2025-11-06,5.776737369078958,-4.286290842549036,10.063028211627998,-138.82324109214642,0,0,0,0.0,11.400000000000006,1.7999999999999972,9.600000000000009,5.776737369078958,-4.286290842549036,10.063028211627998,1
0022500028,2025-11-07,2.3519225275638718,7.086942505662066,-4.735019978098186,-117.88076357591581,1,0,0,-0.19999999999999996,5.200000000000003,9.200000000000003,-4.0,2.3519225275638718,7.086942505662066,-4.735019978098186,1
0022500029,2025-11-07,-7.962175777785774,12.66183859734744,-20.62401437513323,-324.7751217248733,0,0,0,-0.6,-5.200000000000003,16.799999999999983,-21.999999999999986,-7.962175777785774,12.66183859734744,-20.62401437513323,0
0022500030,2025-11-07,2.201253426105083,-0.03424007825330477,2.235493504358405,21.611687096228252,0,0,0,0.0,4.599999999999994,2.4000000000000057,2.1999999999999886,2.201253426105083,-0.03424007825330477,2.235493504358405,0
0022500031,2025-11-07,-4.227929833860742,14.76493030101605,-18.992860134876793,-235.84652864539908,0,0,0,-0.6000000000000001,-6.599999999999994,12.0,-18.599999999999994,-4.227929833860742,14.76493030101605,-18.992860134876793,0
0022500032,2025-11-07,-9.751466392548167,4.838348222535515,-14.589814615083704,-113.75780971772019,0,0,0,-0.4,-11.599999999999994,3.3999999999999915,-14.999999999999986,-9.751466392548167,4.838348222535515,-14.589814615083704,1
0022500033,2025-11-07,1.651628074946288,-6.489029158685568,8.140657233631847,120.87573419848309,-1,0,0,0.2,6.0,-2.5999999999999943,8.599999999999994,1.651628074946288,-6.489029158685568,8.140657233631847,1
0022500034,2025-11-07,7.559863160955004,10.15976293217065,-2.5998997712156644,8.319808913992347,0,0,0,0.0,6.599999999999994,9.200000000000003,-2.6000000000000085,7.559863160955004,10.15976293217065,-2.5998997712156644,1
0022500035,2025-11-07,-4.845790032859554,0.4791463869632082,-5.324936419822754,29.615708741769367,0,0,0,-0.20000000000000007,-5.3999999999999915,-0.20000000000000284,-5.199999999999989,-4.845790032859554,0.4791463869632082,-5.324936419822754,1
0022500036,2025-11-07,13.786300106360912,3.426337070723676,10.35996303563725,281.8063175502907,0,0,0,0.2,9.799999999999997,-0.6000000000000085,10.400000000000006,13.786300106360912,3.426337070723676,10.35996303563725,1
0022500037,2025-11-07,10.444788419114033,0.9595827776590085,9.48520564145501,46.61372188796145,0,0,0,0.4,11.399999999999991,1.2000000000000028,10.199999999999989,10.444788419114033,0.9595827776590085,9.48520564145501,1
0022500038,2025-11-07,-7.162328319296634,11.13327635470985,-18.295604674006487,-302.97920351650964,0,0,0,-0.4,-4.400000000000006,13.800000000000011,-18.200000000000017,-7.162328319296634,11.13327635470985,-18.295604674006487,0
0022500183,2025-11-08,0.4362580562911944,18.515775811315336,-18.079517755024128,-147.8337401740357,0,1,1,-0.2,0.7999999999999972,19.799999999999997,-19.0,0.4362580562911944,18.515775811315336,-18.079517755024128,0
0022500184,2025-11-08,-3.6279946436501547,2.707260128989219,-6.335254772639408,-123.57943516089745,2,0,1,-0.4,4.199999999999989,10.399999999999991,-6.200000000000003,-3.6279946436501547,2.707260128989219,-6.335254772639408,1
0022500185,2025-11-08,-4.85212695743526,-3.8778269263986687,-0.9743000310366083,-74.8522967147992,-2,1,0,-0.4,-5.200000000000003,-4.0,-1.2000000000000028,-4.85212695743526,-3.8778269263986687,-0.9743000310366083,1
0022500186,2025-11-08,-2.0675105464326435,-6.112365653221929,4.044855106789285,69.30687936515392,0,1,1,0.0,0.5999999999999943,-4.199999999999989,4.799999999999983,-2.0675105464326435,-6.112365653221929,4.044855106789285,1
0022500187,2025-11-08,-4.471634862873543,-0.956355984868793,-3.515278878004767,-71.42247733798195,-2,1,0,-0.4,-4.799999999999997,-1.0,-3.799999999999997,-4.471634862873543,-0.956355984868793,-3.515278878004767,1
0022500188,2025-11-08,6.031743234024177,-10.880286477039263,16.912029711063425,189.2101643401661,-2,1,0,0.19999999999999996,9.599999999999994,-6.799999999999997,16.39999999999999,6.031743234024177,-10.880286477039263,16.912029711063425,1
0022500189,2025-11-08,18.09687953042146,-1.994786122904074,20.09166565332554,48.288134717273806,-2,1,0,0.6000000000000001,13.0,-7.199999999999989,20.19999999999999,18.09687953042146,-1.994786122904074,20.09166565332554,1
0022500190,2025-11-08,-6.753986212256066,10.67217317769635,-17.42615938995239,116.59765113931508,0,0,0,-0.39999999999999997,-10.0,7.0,-17.0,-6.753986212256066,10.67217317769635,-17.42615938995239,0
0022500191,2025-11-09,-4.707483587978075,7.4241924260381325,-12.131676014016216,-16.255871721960375,0,0,0,-0.20000000000000007,-3.0,8.799999999999997,-11.799999999999997,-4.707483587978075,7.4241924260381325,-12.131676014016216,0
0022500192,2025-11-09,17.199865545328493,0.4586405078312197,16.74122503749728,294.7342711087181,2,0,0,0.39999999999999997,15.0,-2.200000000000003,17.200000000000003,17.199865545328493,0.4586405078312197,16.74122503749728,1
0022500193,2025-11-09,6.664171337810345,-0.28286171872980503,6.9470330565401275,-96.85237187180746,0,0,0,0.19999999999999996,8.0,0.3999999999999915,7.6000000000000085,6.664171337810345,-0.28286171872980503,6.9470330565401275,0
0022500194,2025-11-09,-17.448264849665904,7.434996530251965,-24.88326137991786,-312.8702871601256,0,0,0,-0.6000000000000001,-18.39999999999999,6.6000000000000085,-25.0,-17.448264849665904,7.434996530251965,-24.88326137991786,0
0022500195,2025-11-09,-7.244978504641395,2.399092079722223,-9.644070584363654,-190.35789020337984,-1,1,0,-0.6,-2.200000000000003,7.3999999999999915,-9.599999999999994,-7.244978504641395,2.399092079722223,-9.644070584363654,0
0022500196,2025-11-09,4.916838214885686,3.5069554318076825,1.4098827830780118,-4.3800046658464,1,0,1,0.0,3.4000000000000057,1.6000000000000085,1.7999999999999972,4.916838214885686,3.5069554318076825,1.4098827830780118,1
0022500197,2025-11-09,-7.907575013057183,9.707498064655411,-17.6150730777126,-132.4459620908442,0,0,0,-0.19999999999999996,-3.799999999999997,14.600000000000009,-18.400000000000006,-7.907575013057183,9.707498064655411,-17.6150730777126,0
0022500198,2025-11-10,-6.8323115193619515,0.08491967431780267,-6.917231193679766,-241.54919829900268,1,0,0,-0.6000000000000001,-6.400000000000006,1.0,-7.400000000000006,-6.8323115193619515,0.08491967431780267,-6.917231193679766,0
0022500199,2025-11-10,17.49365467558458,-15.09872669275913,32.59238136834369,288.97835571451014,-1,1,0,1.0,12.600000000000009,-21.0,33.60000000000001,17.49365467558458,-15.09872669275913,32.59238136834369,1
0022500200,2025-11-10,3.286891773942031,-5.844241204696942,9.131132978638991,-0.2593305507352852,-1,1,0,0.0,-4.400000000000006,-14.0,9.599999999999994,3.286891773942031,-5.844241204696942,9.131132978638991,1
0022500201,2025-11-10,-5.147367487409568,2.78859403762182,-7.9359615250313995,-185.70334465071073,0,0,0,-0.20000000000000007,-2.4000000000000057,6.200000000000003,-8.600000000000009,-5.147367487409568,2.78859403762182,-7.9359615250313995,1
0022500202,2025-11-10,1.602946895765598,8.010437209363502,-6.407490313597899,25.566499557477528,0,0,0,-0.19999999999999996,1.6000000000000085,8.0,-6.3999999999999915,1.602946895765598,8.010437209363502,-6.407490313597899,0
0022500203,2025-11-10,-14.309404643411995,-12.656302539337275,-1.6531021040747307,-137.72790757604253,1,0,1,-0.2,-13.0,-10.799999999999997,-2.200000000000003,-14.309404643411995,-12.656302539337275,-1.6531021040747307,0
0022500204,2025-11-10,3.3854912448214236,-12.985499322593228,16.370990567414673,149.18857077062216,0,0,0,0.4,3.5999999999999943,-12.599999999999994,16.19999999999999,3.3854912448214236,-12.985499322593228,16.370990567414673,1
0022500205,2025-11-10,-27.04365580642856,5.572049858500421,-32.61570566492898,-294.87288828676424,2,0,1,-0.6000000000000001,-27.60000000000001,6.599999999999994,-34.2,-27.04365580642856,5.572049858500421,-32.61570566492898,0
0022500206,2025-11-10,-0.8219730892667201,14.827522562574103,-15.64949565184083,72.57636752437475,0,0,0,-0.39999999999999997,-5.199999999999989,10.200000000000003,-15.399999999999991,-0.8219730892667201,14.827522562574103,-15.64949565184083,0
0022500207,2025-11-11,-12.34706894011073,15.321276038627275,-27.66834497873803,-162.1373206836147,-1,0,0,-0.6000000000000001,-11.0,16.799999999999997,-27.799999999999997,-12.34706894011073,15.321276038627275,-27.66834497873803,0
0022500208,2025-11-11,21.82524561990097,-0.9242972804246676,22.74954290032564,155.51835197568312,0,0,0,0.6000000000000001,21.19999999999999,-1.5999999999999943,22.799999999999983,21.82524561990097,-0.9242972804246676,22.74954290032564,1
0022500209,2025-11-11,0.15871999184250285,-4.614531645350638,4.773251637193136,-247.92093118561115,0,0,0,0.0,7.599999999999994,2.200000000000003,5.3999999999999915,0.15871999184250285,-4.614531645350638,4.773251637193136,1
0022500210,2025-11-11,13.671602372478219,-3.6007025598632936,17.2723049323415,194.8295341199664,0,0,0,0.4,13.399999999999991,-3.799999999999997,17.19999999999999,13.671602372478219,-3.6007025598632936,17.2723049323415,1
0022500211,2025-11-11,2.634728808213069,7.507435021948169,-4.872706213735096,-270.1961252806793,-1,1,0,0.0,1.2000000000000028,6.200000000000003,-5.0,2.634728808213069,7.507435021948169,-4.872706213735096,1
0022500212,2025-11-11,-5.460466654602655,16.352631874526153,-21.813098529128826,-188.5436556362954,-1,0,0,-0.4,-1.4000000000000057,21.200000000000003,-22.60000000000001,-5.460466654602655,16.352631874526153,-21.813098529128826,0
0022500213,2025-11-12,0.2628585366353917,1.9543890203201926,-1.691530483684804,-294.90577031310295,0,0,0,-0.39999999999999997,-2.3999999999999915,-0.20000000000000284,-2.1999999999999886,0.2628585366353917,1.9543890203201926,-1.691530483684804,1
0022500214,2025-11-12,3.961702854674428,-11.4529854957877,15.414688350462121,37.14018737058473,0,0,0,0.8,4.6000000000000085,-11.0,15.600000000000009,3.961702854674428,-11.4529854957877,15.414688350462121,1
0022500215,2025-11-12,12.830992931185179,-1.9893894357401933,14.820382366925385,111.65854466622159,-1,1,0,0.4,13.799999999999983,-0.7999999999999972,14.59999999999998,12.830992931185179,-1.9893894357401933,14.820382366925385,0
0022500216,2025-11-12,7.75551379843823,-2.5059752363348196,10.261489034773053,147.14249115358757,0,1,1,0.2,1.4000000000000057,-9.0,10.400000000000006,7.75551379843823,-2.5059752363348196,10.261489034773053,1
0022500217,2025-11-12,-7.96603970038916,-0.37079724696977223,-7.595242453419396,-160.8675509064119,0,0,0,0.0,-5.799999999999997,2.1999999999999886,-7.999999999999986,-7.96603970038916,-0.37079724696977223,-7.595242453419396,0
0022500218,2025-11-12,11.023956199207618,-14.960327442083923,25.98428364129151,345.73652458071274,1,0,0,0.8,6.0,-20.599999999999994,26.599999999999994,11.023956199207618,-14.960327442083923,25.98428364129151,1
0022500219,2025-11-12,-2.703050619360212,6.167074281187226,-8.870124900547445,-165.40970679973407,0,0,0,0.0,-9.599999999999994,-1.0,-8.599999999999994,-2.703050619360212,6.167074281187226,-8.870124900547445,0
0022500220,2025-11-12,7.463769150903005,3.164568695972136,4.29920045493086,-43.101805423122414,1,0,1,0.19999999999999996,9.600000000000009,5.599999999999994,4.000000000000014,7.463769150903005,3.164568695972136,4.29920045493086,0
0022500221,2025-11-12,-16.17169740383656,-2.5521268942125346,-13.619570509624005,-42.94484946185935,0,0,0,-0.6000000000000001,-11.400000000000006,2.200000000000003,-13.600000000000009,-16.17169740383656,-2.5521268942125346,-13.619570509624005,0
0022500222,2025-11-12,1.9841267920045738,-13.013979215212544,14.998106007217142,228.58958345141355,-1,1,0,0.0,4.6000000000000085,-10.599999999999994,15.200000000000003,1.9841267920045738,-13.013979215212544,14.998106007217142,1
0022500223,2025-11-12,-0.6878380552591494,16.897574617476764,-17.58541267273591,-60.24634849430913,-1,1,0,-0.39999999999999997,2.200000000000003,20.400000000000006,-18.200000000000003,-0.6878380552591494,16.897574617476764,-17.58541267273591,0
0022500224,2025-11-12,-12.961693518037606,11.270772379657686,-24.232465897695267,-99.92210084705926,1,0,1,-1.0,-17.400000000000006,6.400000000000006,-23.80000000000001,-12.961693518037606,11.270772379657686,-24.232465897695267,0
0022500225,2025-11-13,5.985381241051684,5.138720381806294,0.8466608592453824,141.72318853302613,-1,1,0,0.0,16.599999999999994,14.799999999999997,1.7999999999999972,5.985381241051684,5.138720381806294,0.8466608592453824,0
0022500226,2025-11-13,15.776987776274822,-9.198022635375978,24.975010411650793,-65.78188572660497,-1,1,0,0.8,10.200000000000003,-15.400000000000006,25.60000000000001,15.776987776274822,-9.198022635375978,24.975010411650793,1
0022500227,2025-11-13,-4.93449824992004,12.56783437007742,-17.502332619997453,-198.54210042235786,1,0,1,-0.4,-2.799999999999997,15.400000000000006,-18.200000000000003,-4.93449824992004,12.56783437007742,-17.502332619997453,0
0022500039,2025-11-14,9.725119320795429,-4.304619117693278,14.029738438488716,152.08087276009928,0,0,0,0.20000000000000007,0.0,-14.200000000000003,14.200000000000003,9.725119320795429,-4.304619117693278,14.029738438488716,1
0022500040,2025-11-14,8.601529336309525,-8.498185729839562,17.099715066149063,214.2157422077007,-1,0,0,0.39999999999999997,9.200000000000003,-7.799999999999997,17.0,8.601529336309525,-8.498185729839562,17.099715066149063,1
0022500041,2025-11-14,6.589247080181167,-2.955246640379457,9.544493720560629,199.42458965481478,-1,0,0,0.6,7.799999999999997,-2.0,9.799999999999997,6.589247080181167,-2.955246640379457,9.544493720560629,1
0022500042,2025-11-14,2.5725864729787276,-6.788213941034911,9.36080041401361,129.44995837414285,0,0,0,0.4,-0.5999999999999943,-10.200000000000003,9.600000000000009,2.5725864729787276,-6.788213941034911,9.36080041401361,1
0022500043,2025-11-14,-3.1687546023800337,3.5191975174893173,-6.687952119869354,264.7316286622513,0,0,0,0.0,-2.1999999999999886,3.799999999999997,-5.999999999999986,-3.1687546023800337,3.5191975174893173,-6.687952119869354,1
0022500044,2025-11-14,19.655224084048925,-11.672719266691018,31.327943350739957,174.14178388889513,2,0,0,0.6000000000000001,18.599999999999994,-14.800000000000011,33.400000000000006,19.655224084048925,-11.672719266691018,31.327943350739957,1
0022500045,2025-11-14,0.7955354810559214,1.3565215708656524,-0.5609860898097425,-233.94044374779605,0,0,0,-0.19999999999999996,-1.0,-0.4000000000000057,-0.5999999999999943,0.7955354810559214,1.3565215708656524,-0.5609860898097425,0
0022500046,2025-11-14,-6.655901552167961,-15.052607107238615,8.396705555070675,-111.65432706990555,0,0,0,0.2,2.4000000000000057,-5.400000000000006,7.800000000000011,-6.655901552167961,-15.052607107238615,8.396705555070675,0
0022500047,2025-11-14,8.142936316577476,1.2083073824093873,6.934628934168085,-66.34815884205932,0,0,0,0.19999999999999996,8.599999999999994,2.0,6.599999999999994,8.142936316577476,1.2083073824093873,6.934628934168085,0
0022500228,2025-11-15,18.192080257579434,-0.8166257636364662,19.008706021215893,160.74165503048562,-1,0,0,0.39999999999999997,23.0,2.5999999999999943,20.400000000000006,18.192080257579434,-0.8166257636364662,19.008706021215893,1
0022500229,2025-11-15,-3.9271720257613225,20.775541840118407,-24.70271386587973,-472.13048505125766,-2,1,0,-0.6000000000000001,-7.200000000000003,18.799999999999997,-26.0,-3.9271720257613225,20.775541840118407,-24.70271386587973,0
0022500230,2025-11-15,-20.903502775263348,12.416170766080441,-33.31967354134377,49.87997062307977,0,0,0,-0.8,-18.0,15.799999999999997,-33.8,-20.903502775263348,12.416170766080441,-33.31967354134377,0
0022500231,2025-11-15,6.523250814077215,-0.09382713700550482,6.617077951082724,24.474017891831863,0,1,1,0.0,10.599999999999994,3.4000000000000057,7.199999999999989,6.523250814077215,-0.09382713700550482,6.617077951082724,0
0022500232,2025-11-15,-3.186292172629564,1.3495876518099834,-4.535879824439522,-47.13258752370234,-2,1,0,-0.19999999999999996,3.799999999999997,6.799999999999997,-3.0,-3.186292172629564,1.3495876518099834,-4.535879824439522,0
0022500233,2025-11-16,8.152180307678947,-10.940312004438852,19.09249231211782,55.62530892367113,2,0,0,0.39999999999999997,6.3999999999999915,-11.400000000000006,17.799999999999997,8.152180307678947,-10.940312004438852,19.09249231211782,1
0022500234,2025-11-16,13.041659066335853,-12.624745187096565,25.666404253432418,84.5224117211751,0,0,0,0.6,12.0,-15.0,27.0,13.041659066335853,-12.624745187096565,25.666404253432418,1
0022500235,2025-11-16,3.5143098468308835,8.954296207618086,-5.439986360787195,-23.557996024455633,2,0,0,-0.2,10.0,16.200000000000003,-6.200000000000003,3.5143098468308835,8.954296207618086,-5.439986360787195,0
0022500236,2025-11-16,12.389192696553152,7.833390502321052,4.55580219423208,109.39966853660962,0,0,0,0.0,11.400000000000006,7.0,4.400000000000006,12.389192696553152,7.833390502321052,4.55580219423208,1
0022500237,2025-11-16,-0.9556030401948874,6.230316788415237,-7.185919828610113,-293.0424436078665,0,0,0,-0.39999999999999997,-3.0,4.599999999999994,-7.599999999999994,-0.9556030401948874,6.230316788415237,-7.185919828610113,0
0022500238,2025-11-16,-11.050954847551395,-10.388567317781082,-0.6623875297703368,-76.68761540290939,0,0,0,-0.2,-7.0,-6.400000000000006,-0.5999999999999943,-11.050954847551395,-10.388567317781082,-0.6623875297703368,1
0022500239,2025-11-16,8.368995508379072,0.15061324758573846,8.218382260793334,-21.429146382806493,0,0,0,0.19999999999999996,3.4000000000000057,-4.0,7.400000000000006,8.368995508379072,0.15061324758573846,8.218382260793334,0
0022500240,2025-11-16,-0.44051490377285063,1.2509969919782549,-1.691511895751102,-219.33614677811488,-1,0,0,0.0,2.4000000000000057,4.200000000000003,-1.7999999999999972,-0.44051490377285063,1.2509969919782549,-1.691511895751102,1
0022500241,2025-11-17,1.2324495234101533,-7.102189215351245,8.334638738761393,45.5683599744159,0,0,0,0.19999999999999996,8.800000000000011,0.7999999999999972,8.000000000000014,1.2324495234101533,-7.102189215351245,8.334638738761393,1
0022500242,2025-11-17,16.673619558383848,-16.14481524713979,32.818434805523644,46.72770311568661,1,0,0,1.0,18.200000000000003,-15.400000000000006,33.60000000000001,16.673619558383848,-16.14481524713979,32.818434805523644,1
0022500243,2025-11-17,-3.384119059838966,-6.865244941370662,3.4811258815317134,-165.3752374239491,2,0,1,0.2,-1.2000000000000028,-4.0,2.799999999999997,-3.384119059838966,-6.865244941370662,3.4811258815317134,1
0022500244,2025-11-17,-9.518140218596756,2.35471704233494,-11.872857260931676,-159.67420205770168,0,0,0,-0.20000000000000007,-0.19999999999998863,11.800000000000011,-12.0,-9.518140218596756,2.35471704233494,-11.872857260931676,1
0022500245,2025-11-17,9.182938260502283,-7.343077782295822,16.5260160427981,204.05906431551398,0,0,0,0.6000000000000001,8.599999999999994,-8.599999999999994,17.19999999999999,9.182938260502283,-7.343077782295822,16.5260160427981,1
0022500246,2025-11-17,10.32445720741346,-4.883738254414084,15.208195461827515,173.2729809922082,1,0,1,0.4,6.6000000000000085,-10.0,16.60000000000001,10.32445720741346,-4.883738254414084,15.208195461827515,1
0022500247,2025-11-17,-8.908315024140421,26.624655947147744,-35.53297097128817,-481.1521834169107,-1,1,0,-1.0,-11.600000000000009,24.599999999999994,-36.2,-8.908315024140421,26.624655947147744,-35.53297097128817,0
0022500248,2025-11-17,14.233821639715671,-9.844470644331679,24.078292284047322,153.43004304927445,1,0,1,1.0,2.4000000000000057,-21.80000000000001,24.200000000000017,14.233821639715671,-9.844470644331679,24.078292284047322,0
0022500249,2025-11-18,-0.4709416143183347,1.596935388568042,-2.0678770028863687,-90.32817972318458,0,0,0,-0.20000000000000007,-2.0,0.4000000000000057,-2.4000000000000057,-0.4709416143183347,1.596935388568042,-2.0678770028863687,1
0022500250,2025-11-18,-7.6127513857176154,8.32358117277333,-15.93633255849097,-294.92376652925964,0,0,0,-0.39999999999999997,-6.3999999999999915,8.799999999999997,-15.199999999999989,-7.6127513857176154,8.32358117277333,-15.93633255849097,0
0022500251,2025-11-18,2.410313443827846,-2.8212170497420175,5.231530493569863,-52.76656281955957,1,0,1,0.0,0.6000000000000085,-5.0,5.6000000000000085,2.410313443827846,-2.8212170497420175,5.231530493569863,0
0022500252,2025-11-18,15.156348046026991,0.5514073250588325,14.604940720968164,74.73769033467056,-1,0,0,0.39999999999999997,13.0,-2.0,15.0,15.156348046026991,0.5514073250588325,14.604940720968164,1
0022500253,2025-11-18,-1.3629037795648884,-6.989406682038862,5.62650290247399,246.3144376268899,1,0,0,0.19999999999999996,-16.39999999999999,-22.200000000000017,5.800000000000026,-1.3629037795648884,-6.989406682038862,5.62650290247399,1
0022500254,2025-11-18,-6.102795815299714,14.615699418780721,-20.718495234080432,-5.301715331508376,0,0,0,-0.6000000000000001,0.8000000000000114,21.799999999999983,-20.99999999999997,-6.102795815299714,14.615699418780721,-20.718495234080432,0
0022500255,2025-11-19,-11.089712306073707,-4.960782568214242,-6.1289297378595,-17.05176923789736,-1,0,0,-0.20000000000000007,-3.3999999999999915,2.1999999999999886,-5.59999999999998,-11.089712306073707,-4.960782568214242,-6.1289297378595,0
0022500256,2025-11-19,-8.251547369931018,10.56794328028009,-18.81949065021111,222.7583770410106,0,0,0,-0.2,-5.599999999999994,13.599999999999994,-19.19999999999999,-8.251547369931018,10.56794328028009,-18.81949065021111,1
0022500257,2025-11-19,2.582674993770624,3.2106676900759368,-0.6279926963053213,-142.20133435857178,1,0,1,0.0,13.200000000000003,14.200000000000003,-1.0,2.582674993770624,3.2106676900759368,-0.6279926963053213,1
0022500258,2025-11-19,-7.411805915633238,-1.2794565523801253,-6.132349363253107,-128.1031566966442,0,0,0,-0.20000000000000007,-9.799999999999997,-3.6000000000000085,-6.199999999999989,-7.411805915633238,-1.2794565523801253,-6.132349363253107,0
0022500259,2025-11-19,7.501855837139715,-20.565828928537172,28.067684765676916,336.44391661303507,-1,0,0,0.8,9.400000000000006,-20.200000000000003,29.60000000000001,7.501855837139715,-20.565828928537172,28.067684765676916,1
0022500260,2025-11-19,-16.177115846257678,10.410751778257534,-26.587867624515205,-350.5990724732187,0,0,0,-0.8,-17.0,9.599999999999994,-26.599999999999994,-16.177115846257678,10.410751778257534,-26.587867624515205,0
0022500261,2025-11-19,12.709895506845697,-25.359099610618017,38.06899511746372,363.10209254087135,-1,0,0,1.0,10.200000000000003,-29.39999999999999,39.599999999999994,12.709895506845697,-25.359099610618017,38.06899511746372,1
0022500262,2025-11-19,-13.918233001693324,0.08688397729041242,-14.005116978983718,-169.33799839948483,0,0,0,-0.39999999999999997,-7.6000000000000085,7.200000000000003,-14.800000000000011,-13.918233001693324,0.08688397729041242,-14.005116978983718,0
0022500263,2025-11-19,-0.551291109322193,3.0062390294837797,-3.557530138805973,-60.85522502965091,-1,1,0,0.0,-6.599999999999994,-2.5999999999999943,-4.0,-0.551291109322193,3.0062390294837797,-3.557530138805973,0
0022500264,2025-11-20,-0.8801864714100276,-10.588779731906328,9.708593260496304,-3.0493119816960643,-1,0,0,0.6000000000000001,0.19999999999998863,-9.199999999999989,9.399999999999977,-0.8801864714100276,-10.588779731906328,9.708593260496304,1
0022500265,2025-11-20,-3.5640435723443744,-4.762310599652949,1.1982670273085638,16.00494599675676,1,0,1,0.0,-2.200000000000003,-3.5999999999999943,1.3999999999999915,-3.5640435723443744,-4.762310599652949,1.1982670273085638,1
0022500266,2025-11-20,0.24132619012189593,3.8188312092888452,-3.577505019166932,181.9991844810038,2,0,1,0.0,5.3999999999999915,8.400000000000006,-3.000000000000014,0.24132619012189593,3.8188312092888452,-3.577505019166932,0
0022500267,2025-11-20,-3.863170473918103,-0.699912665829217,-3.1632578080889004,0.9599218025118716,0,0,0,-0.20000000000000007,-4.6000000000000085,-0.7999999999999972,-3.8000000000000114,-3.863170473918103,-0.699912665829217,-3.1632578080889004,1
0022500048,2025-11-21,-1.4393033869963432,-19.4038316295851,17.96452824258876,74.52919043942097,0,0,0,0.39999999999999997,-0.6000000000000085,-19.400000000000006,18.799999999999997,-1.4393033869963432,-19.4038316295851,17.96452824258876,1
0022500049,2025-11-21,10.168648830407847,-10.637346821084265,20.80599565149212,304.74885703813493,0,0,0,0.6000000000000001,8.600000000000009,-11.200000000000003,19.80000000000001,10.168648830407847,-10.637346821084265,20.80599565149212,0
0022500050,2025-11-21,10.240507724882875,-12.83026297523405,23.07077070011691,260.87146607967225,0,0,0,1.0,7.599999999999994,-15.800000000000011,23.400000000000006,10.240507724882875,-12.83026297523405,23.07077070011691,1
0022500051,2025-11-21,2.5974766345466236,4.430608218235051,-1.8331315836884328,76.50593727331375,0,0,0,-0.19999999999999996,3.200000000000003,5.199999999999989,-1.9999999999999858,2.5974766345466236,4.430608218235051,-1.8331315836884328,0
0022500052,2025-11-21,-4.296709815377113,-10.322776364465582,6.026066549088486,115.7577114576543,0,0,0,0.2,6.400000000000006,0.8000000000000114,5.599999999999994,-4.296709815377113,-10.322776364465582,6.026066549088486,1
0022500053,2025-11-21,7.935023414399353,0.005266188987732789,7.929757225411624,-102.21905069978015,1,0,0,0.0,6.0,-1.4000000000000057,7.400000000000006,7.935023414399353,0.005266188987732789,7.929757225411624,1
0022500054,2025-11-21,1.664622336503669,-3.4321830909854327,5.096805427489125,-8.83315823141038,0,0,0,0.19999999999999996,0.19999999999998863,-4.799999999999997,4.999999999999986,1.664622336503669,-3.4321830909854327,5.096805427489125,0
0022500055,2025-11-21,1.7774718250762191,21.46657079004808,-19.689098964971873,-468.18992269779847,1,0,0,-0.6,13.599999999999994,33.80000000000001,-20.200000000000017,1.7774718250762191,21.46657079004808,-19.689098964971873,0
0022500056,2025-11-21,-4.142609593432553,-11.444583266195465,7.3019736727629185,126.37706293847168,0,0,0,0.39999999999999997,-7.599999999999994,-15.800000000000011,8.200000000000017,-4.142609593432553,-11.444583266195465,7.3019736727629185,0
0022500268,2025-11-22,-0.7933107069119529,-4.248514227336074,3.4552035204240985,-218.9510645563039,1,0,0,0.0,-1.7999999999999972,-4.800000000000011,3.000000000000014,-0.7933107069119529,-4.248514227336074,3.4552035204240985,0
0022500269,2025-11-22,0.7903440317567032,-9.604645272013599,10.394989303770288,-65.70651588353257,-1,0,0,0.20000000000000007,-2.799999999999997,-13.200000000000003,10.400000000000006,0.7903440317567032,-9.604645272013599,10.394989303770288,1
0022500270,2025-11-22,-14.815354237789975,1.7600044167409834,-16.57535865453095,-222.386726038495,-1,1,0,-0.6,-15.0,2.4000000000000057,-17.400000000000006,-14.815354237789975,1.7600044167409834,-16.57535865453095,0
0022500271,2025-11-22,0.049474073110616246,-9.130288462885133,9.179762535995746,266.122271296716,0,1,1,0.4,9.399999999999991,0.8000000000000114,8.59999999999998,0.049474073110616246,-9.130288462885133,9.179762535995746,1
0022500272,2025-11-22,-10.456213333547709,7.307566326238316,-17.76377965978602,-54.882140613189904,-2,0,0,-0.8,-12.0,5.599999999999994,-17.599999999999994,-10.456213333547709,7.307566326238316,-17.76377965978602,0
0022500273,2025-11-22,0.9427187546931748,0.04572775588272293,0.8969909988104314,-27.129335126349588,-1,1,0,0.2,7.400000000000006,7.0,0.4000000000000057,0.9427187546931748,0.04572775588272293,0.8969909988104314,0
0022500274,2025-11-22,24.23405400099422,-4.390857913335225,28.624911914329452,253.00632218134183,-1,1,0,0.8,20.400000000000006,-9.0,29.400000000000006,24.23405400099422,-4.390857913335225,28.624911914329452,0
0022500275,2025-11-23,-1.4783227129972119,4.937267555347944,-6.415590268345148,-85.67047933214076,1,0,0,0.0,-12.799999999999997,-5.799999999999997,-7.0,-1.4783227129972119,4.937267555347944,-6.415590268345148,0
0022500276,2025-11-23,9.333795539293845,-3.2655638399986486,12.59935937929249,226.2366731683412,0,1,1,0.6,7.3999999999999915,-5.3999999999999915,12.799999999999983,9.333795539293845,-3.2655638399986486,12.59935937929249,1
0022500277,2025-11-23,0.4082346308428413,1.5428815504095894,-1.134646919566734,52.520648020385806,1,0,1,-0.20000000000000007,-6.200000000000003,-4.599999999999994,-1.6000000000000085,0.4082346308428413,1.5428815504095894,-1.134646919566734,1
0022500278,2025-11-23,-0.7882567488701682,-4.379583544960738,3.59132679609057,82.39059174329782,1,0,1,0.19999999999999996,-5.6000000000000085,-9.599999999999994,3.999999999999986,-0.7882567488701682,-4.379583544960738,3.59132679609057,1
0022500279,2025-11-23,10.12879159475267,-4.188658810491489,14.31745040524417,200.39527933085378,0,0,0,0.6,15.600000000000009,1.2000000000000028,14.400000000000006,10.12879159475267,-4.188658810491489,14.31745040524417,1
0022500280,2025-11-23,8.196385537355852,-20.247650859014044,28.44403639636988,315.2348275097422,0,0,0,0.8,1.1999999999999886,-28.400000000000006,29.599999999999994,8.196385537355852,-20.247650859014044,28.44403639636988,1
0022500281,2025-11-23,2.705202032034933,-3.959343394382401,6.664545426417353,-19.93454312795643,-1,0,0,0.20000000000000007,4.3999999999999915,-2.4000000000000057,6.799999999999997,2.705202032034933,-3.959343394382401,6.664545426417353,1
0022500282,2025-11-23,1.0675618680513992,13.253741301193955,-12.186179433142579,-253.2540985458022,-3,0,0,-0.4,14.400000000000006,26.799999999999983,-12.399999999999977,1.0675618680513992,13.253741301193955,-12.186179433142579,0
0022500283,2025-11-24,-11.760594121707044,13.08201513237563,-24.84260925408268,-84.05425306563257,1,0,0,-0.8,-11.399999999999991,13.800000000000011,-25.200000000000003,-11.760594121707044,13.08201513237563,-24.84260925408268,0
0022500284,2025-11-24,6.886658686205209,0.5361521811189647,6.350506505086256,-86.11925826178594,0,1,1,0.19999999999999996,9.799999999999997,3.200000000000003,6.599999999999994,6.886658686205209,0.5361521811189647,6.350506505086256,1
0022500285,2025-11-24,-2.4323061452105748,-6.318573673753946,3.8862675285433395,-266.46319239946956,-1,1,0,0.0,-9.200000000000003,-13.400000000000006,4.200000000000003,-2.4323061452105748,-6.318573673753946,3.8862675285433395,0
0022500286,2025-11-24,9.639631390318542,-4.57877504485289,14.218406435171438,84.9862783400406,-1,1,0,0.4,13.600000000000009,-2.0,15.600000000000009,9.639631390318542,-4.57877504485289,14.218406435171438,1
0022500287,2025-11-24,-15.382094189452872,-11.228509519919385,-4.153584669533464,-193.6919701782724,0,0,0,-0.19999999999999996,-15.0,-11.0,-4.0,-15.382094189452872,-11.228509519919385,-4.153584669533464,0
0022500288,2025-11-24,1.8411976918458777,2.406570688770259,-0.5653729969243724,58.85557926837578,1,0,1,0.0,-1.6000000000000085,-1.8000000000000114,0.20000000000000284,1.8411976918458777,2.406570688770259,-0.5653729969243724,0
0022500289,2025-11-24,-4.848434186196187,1.5771855353380033,-6.425619721534186,-243.14948342901903,0,0,0,-0.6,-16.200000000000003,-10.599999999999994,-5.6000000000000085,-4.848434186196187,1.5771855353380033,-6.425619721534186,1
0022500290,2025-11-24,-4.576283373697038,-4.907228547307923,0.33094517361088016,-115.83413232222347,-2,1,0,0.0,-1.5999999999999943,-2.0,0.4000000000000057,-4.576283373697038,-4.907228547307923,0.33094517361088016,0
0022500291,2025-11-24,0.6421138526764736,-8.278991164728197,8.921105017404672,258.02088045847586,2,0,1,0.2,-10.200000000000003,-19.799999999999983,9.59999999999998,0.6421138526764736,-8.278991164728197,8.921105017404672,1
0022500292,2025-11-24,-5.721295175947986,16.331282897826284,-22.052578073774264,-159.88164196269463,-1,0,0,-0.39999999999999997,-9.200000000000003,13.599999999999994,-22.799999999999997,-5.721295175947986,16.331282897826284,-22.052578073774264,1
0022500057,2025-11-25,-9.764334865968635,8.67230510605738,-18.436639972026004,-265.57897381480484,1,0,0,-0.6,-6.599999999999994,12.0,-18.599999999999994,-9.764334865968635,8.67230510605738,-18.436639972026004,1
0022500058,2025-11-25,-12.296313006191028,-1.940197113263693,-10.356115892927367,-151.9304537955859,0,0,0,-0.19999999999999996,-11.599999999999994,-1.2000000000000028,-10.399999999999991,-12.296313006191028,-1.940197113263693,-10.356115892927367,0
0022500059,2025-11-25,-0.8972705211255061,-12.13402886749543,11.236758346369921,53.602096825874696,0,0,0,0.6000000000000001,2.8000000000000114,-8.799999999999997,11.600000000000009,-0.8972705211255061,-12.13402886749543,11.236758346369921,1
0022500060,2025-11-26,5.612628244307757,4.258095829248504,1.3545324150592286,-19.4384513931127,1,0,0,-0.19999999999999996,-0.8000000000000114,-1.6000000000000085,0.7999999999999972,5.612628244307757,4.258095829248504,1.3545324150592286,1
0022500061,2025-11-26,-9.68932627991309,0.6798521925679779,-10.36917847248109,-302.0528333058862,1,0,0,-0.6,-10.400000000000006,-0.20000000000000284,-10.200000000000003,-9.68932627991309,0.6798521925679779,-10.36917847248109,0
0022500062,2025-11-26,5.288372649129187,-20.629180993461404,25.91755364259057,-21.809275553249336,0,0,0,1.0,13.400000000000006,-13.799999999999997,27.200000000000003,5.288372649129187,-20.629180993461404,25.91755364259057,1
0022500063,2025-11-26,6.823651638861392,-12.978914167969904,19.8025658068313,24.37501296274104,0,0,0,0.8,4.799999999999997,-15.600000000000009,20.400000000000006,6.823651638861392,-12.978914167969904,19.8025658068313,1
0022500064,2025-11-26,11.806555764956613,-5.293139138121205,17.099694903077804,210.44805161880367,1,0,0,0.6,7.3999999999999915,-9.599999999999994,16.999999999999986,11.806555764956613,-5.293139138121205,17.099694903077804,1
0022500065,2025-11-26,1.6774952414790079,11.663712642594277,-9.986217401115297,-149.26527266846233,0,0,0,-0.2,5.599999999999994,15.599999999999994,-10.0,1.6774952414790079,11.663712642594277,-9.986217401115297,0
0022500066,2025-11-26,-4.67880307997153,5.191389561794125,-9.870192641765637,-72.01299310904005,0,0,0,-0.4,-0.7999999999999972,8.799999999999997,-9.599999999999994,-4.67880307997153,5.191389561794125,-9.870192641765637,0
0022500067,2025-11-26,-5.395905518129737,4.236533048441331,-9.632438566571086,-35.67967741130724,-1,0,0,-0.19999999999999996,-2.200000000000003,8.0,-10.200000000000003,-5.395905518129737,4.236533048441331,-9.632438566571086,0
0022500068,2025-11-26,-2.891640704262201,9.061021024262047,-11.952661728524264,-64.27456580967919,0,0,0,-0.19999999999999996,-3.200000000000003,9.0,-12.200000000000003,-2.891640704262201,9.061021024262047,-11.952661728524264,0
0022500069,2025-11-28,3.7676495075157845,9.849860554251677,-6.082211046735895,-95.87978890048271,-1,0,0,-0.19999999999999996,3.5999999999999943,10.200000000000003,-6.6000000000000085,3.7676495075157845,9.849860554251677,-6.082211046735895,1
0022500070,2025-11-28,3.629824438598348,-4.359655803333908,7.989480241932262,-58.01484793566942,1,0,0,0.0,-3.0,-11.599999999999994,8.599999999999994,3.629824438598348,-4.359655803333908,7.989480241932262,0
0022500071,2025-11-28,-3.174511891236989,0.1887725949246999,-3.36328448616168,-227.2796070541251,-2,0,0,-0.6,-11.400000000000006,-8.800000000000011,-2.5999999999999943,-3.174511891236989,0.1887725949246999,-3.36328448616168,1
0022500072,2025-11-28,-6.674599608720186,0.9633389980606921,-7.637938606780866,67.46467848600855,-1,0,0,0.0,-8.799999999999983,-0.4000000000000057,-8.399999999999977,-6.674599608720186,0.9633389980606921,-7.637938606780866,0
0022500073,2025-11-28,-3.8564997535482917,-8.165182757868806,4.308683004320509,234.73028983466133,-1,0,0,0.0,-3.4000000000000057,-7.799999999999997,4.3999999999999915,-3.8564997535482917,-8.165182757868806,4.308683004320509,1
0022500074,2025-11-28,11.786301545714906,-3.6690497631115875,15.455351308826494,90.13823910091264,0,0,0,0.6,9.399999999999991,-6.200000000000003,15.599999999999994,11.786301545714906,-3.6690497631115875,15.455351308826494,1
0022500075,2025-11-28,11.363340202675744,-4.790236746341947,16.15357694901772,274.48575857355695,0,0,0,0.19999999999999996,12.399999999999991,-3.799999999999997,16.19999999999999,11.363340202675744,-4.790236746341947,16.15357694901772,1
0022500076,2025-11-28,5.215800511782902,9.811846513658622,-4.596046001875729,123.18842821669796,2,0,0,-0.20000000000000007,5.200000000000003,10.0,-4.799999999999997,5.215800511782902,9.811846513658622,-4.596046001875729,0
0022500077,2025-11-28,3.968052361182913,4.19467238841078,-0.22662002722786667,-124.32946809510076,2,0,0,-0.2,14.200000000000003,15.199999999999989,-0.9999999999999858,3.968052361182913,4.19467238841078,-0.22662002722786667,1
0022500078,2025-11-28,21.504930794560153,1.0536731126468624,20.45125768191332,181.86254848584053,-1,0,0,0.8,19.400000000000006,-1.4000000000000057,20.80000000000001,21.504930794560153,1.0536731126468624,20.45125768191332,1
0022500079,2025-11-28,-2.6266051288762213,12.439157115806921,-15.065762244683125,58.95228095778657,1,0,0,-0.39999999999999997,-5.0,10.799999999999997,-15.799999999999997,-2.6266051288762213,12.439157115806921,-15.065762244683125,0
0022500293,2025-11-29,-13.786565235687789,-13.276482508559283,-0.5100827271285198,-29.787702477167386,0,0,0,-0.4,-4.799999999999997,-4.799999999999997,0.0,-13.786565235687789,-13.276482508559283,-0.5100827271285198,1
0022500294,2025-11-29,-5.6190147677949085,16.18887401725098,-21.807888785045897,-243.88837479033918,-2,1,0,-0.8,-3.8000000000000114,18.200000000000003,-22.000000000000014,-5.6190147677949085,16.18887401725098,-21.807888785045897,1
0022500295,2025-11-29,2.1339002098149535,-12.588941296741865,14.722841506556838,8.660118656744544,0,1,1,0.0,-5.799999999999997,-21.400000000000006,15.600000000000009,2.1339002098149535,-12.588941296741865,14.722841506556838,1
0022500296,2025-11-29,-5.377607169914043,-13.524260393078407,8.146653223164371,-94.02380341926937,2,0,1,0.4,-0.3999999999999915,-9.799999999999997,9.400000000000006,-5.377607169914043,-13.524260393078407,8.146653223164371,0
0022500297,2025-11-29,1.3561457336071783,2.178777669039036,-0.8226319354318399,198.36347665338985,0,1,1,-0.2,4.200000000000003,5.200000000000003,-1.0,1.3561457336071783,2.178777669039036,-0.8226319354318399,1
0022500298,2025-11-29,-1.6346057843342692,-2.9438879041000376,1.3092821197657796,269.3618750266769,0,0,0,0.0,-7.200000000000003,-8.400000000000006,1.2000000000000028,-1.6346057843342692,-2.9438879041000376,1.3092821197657796,1
0022500299,2025-11-29,-14.892742222657645,-11.553133889646489,-3.3396083330111566,-124.4131016806914,0,1,1,0.0,-14.600000000000009,-11.399999999999991,-3.200000000000017,-14.892742222657645,-11.553133889646489,-3.3396083330111566,0
0022500300,2025-11-29,5.102212802416858,10.915183365812595,-5.81297056339574,105.58482842934791,0,1,1,0.0,3.200000000000003,9.400000000000006,-6.200000000000003,5.102212802416858,10.915183365812595,-5.81297056339574,0
0022500301,2025-11-30,-1.4896692637631759,16.509982173612812,-17.99965143737601,-334.65663973588494,-2,0,0,-0.6000000000000001,6.200000000000003,24.799999999999997,-18.599999999999994,-1.4896692637631759,16.509982173612812,-17.99965143737601,0
0022500302,2025-11-30,-9.949326524570893,-6.643536520888048,-3.305790003682807,-3.837337191180495,1,0,1,-0.19999999999999996,-4.3999999999999915,-1.2000000000000028,-3.1999999999999886,-9.949326524570893,-6.643536520888048,-3.305790003682807,0
0022500303,2025-11-30,7.660842412365355,8.654920842976509,-0.9940784306111379,73.1159080685245,1,0,1,0.0,3.3999999999999915,4.599999999999994,-1.2000000000000028,7.660842412365355,8.654920842976509,-0.9940784306111379,1
0022500304,2025-11-30,-8.059869173422982,-0.4192500776727286,-7.640619095750244,-133.27018508864057,0,0,0,-0.19999999999999996,-5.400000000000006,2.200000000000003,-7.6000000000000085,-8.059869173422982,-0.4192500776727286,-7.640619095750244,0
0022500305,2025-11-30,-11.178158649610992,10.232374791807544,-21.41053344141851,-321.0883197108931,2,0,0,-0.6,-11.0,11.0,-22.0,-11.178158649610992,10.232374791807544,-21.41053344141851,0
0022500306,2025-11-30,-7.483210895804291,-2.7052992861456744,-4.777911609658623,35.82750370496069,-1,1,0,-0.4,-6.6000000000000085,-1.6000000000000085,-5.0,-7.483210895804291,-2.7052992861456744,-4.777911609658623,1
0022500307,2025-11-30,-9.719429607373598,9.6975724974169,-19.417002104790505,-49.471596587207614,0,0,0,-0.4,-7.799999999999997,12.0,-19.799999999999997,-9.719429607373598,9.6975724974169,-19.417002104790505,0
0022500308,2025-11-30,15.302671086729447,-2.5864015626642924,17.88907264939373,296.1234700064035,1,0,1,0.8,10.200000000000003,-7.200000000000003,17.400000000000006,15.302671086729447,-2.5864015626642924,17.88907264939373,1
0022500309,2025-12-01,1.5605944734502089,1.77933320671157,-0.21873873326135573,78.60328504661197,1,0,1,-0.20000000000000007,-0.19999999999998863,0.0,-0.19999999999998863,1.5605944734502089,1.77933320671157,-0.21873873326135573,1
0022500310,2025-12-01,-7.150655178780582,-9.453392465323446,2.302737286542862,-65.76531923996981,1,0,1,0.0,-6.800000000000011,-9.0,2.1999999999999886,-7.150655178780582,-9.453392465323446,2.302737286542862,0
0022500311,2025-12-01,-4.294224947415259,2.8066639962593882,-7.1008889436746365,-236.84953523738818,1,0,0,0.0,2.0,9.199999999999989,-7.199999999999989,-4.294224947415259,2.8066639962593882,-7.1008889436746365,1
0022500312,2025-12-01,-3.694403995864036,-1.1844393348276725,-2.5099646610363653,-12.411664038078925,0,0,0,-0.2,-8.799999999999997,-6.400000000000006,-2.3999999999999915,-3.694403995864036,-1.1844393348276725,-2.5099646610363653,1
0022500313,2025-12-01,0.7489371190078629,-13.540302704340135,14.28923982334799,5.879851673830672,0,0,0,0.6000000000000001,9.200000000000003,-6.0,15.200000000000003,0.7489371190078629,-13.540302704340135,14.28923982334799,1
0022500314,2025-12-01,16.310864052788602,-8.115214642728233,24.426078695516836,63.91782227279418,1,0,0,0.6000000000000001,14.400000000000006,-12.0,26.400000000000006,16.310864052788602,-8.115214642728233,24.426078695516836,1
0022500315,2025-12-01,20.467351585680248,12.586248218266434,7.88110336741386,239.06914836110877,0,0,0,0.19999999999999996,15.400000000000006,8.199999999999989,7.200000000000017,20.467351585680248,12.586248218266434,7.88110336741386,0
0022500316,2025-12-01,-8.678936268191777,17.06013784860714,-25.73907411679891,-342.8862752045841,0,1,1,-0.6000000000000001,-1.2000000000000028,25.0,-26.200000000000003,-8.678936268191777,17.06013784860714,-25.73907411679891,1
0022500317,2025-12-01,17.020744470972346,1.301701088251633,15.719043382720706,78.94180630923279,-1,1,0,0.6,19.799999999999997,4.200000000000003,15.599999999999994,17.020744470972346,1.301701088251633,15.719043382720706,0
0022500318,2025-12-02,-3.582958902082325,-4.8346306653753714,1.2516717632930554,93.06988155259933,1,0,1,0.0,3.0,2.200000000000003,0.7999999999999972,-3.582958902082325,-4.8346306653753714,1.2516717632930554,1
0022500319,2025-12-02,-4.588250859749905,-9.339991724883433,4.751740865133547,55.36407687422229,0,0,0,0.19999999999999996,-4.599999999999994,-9.799999999999997,5.200000000000003,-4.588250859749905,-9.339991724883433,4.751740865133547,1
0022500320,2025-12-02,0.37353563599465645,12.26317131497126,-11.889635678976603,2.4188227718516373,0,0,0,-0.20000000000000007,-1.0,10.599999999999994,-11.599999999999994,0.37353563599465645,12.26317131497126,-11.889635678976603,1
0022500321,2025-12-02,0.07283862938481889,7.02031284386014,-6.94747421447533,-304.8518752993032,0,0,0,-0.2,2.4000000000000057,8.799999999999997,-6.3999999999999915,0.07283862938481889,7.02031284386014,-6.94747421447533,0
0022500322,2025-12-02,5.261870443432244,7.731527520207919,-2.4696570767756696,60.308128948203375,0,0,0,-0.20000000000000007,5.199999999999989,7.400000000000006,-2.200000000000017,5.261870443432244,7.731527520207919,-2.4696570767756696,1
0022500323,2025-12-02,-10.723874460489768,4.299872382737334,-15.023746843227082,-237.72435265445256,1,0,0,-0.6,-13.599999999999994,1.5999999999999943,-15.199999999999989,-10.723874460489768,4.299872382737334,-15.023746843227082,0
0022500324,2025-12-03,10.99436293146286,1.3323143140602127,9.662048617402647,129.23442754123016,1,0,1,0.2,9.400000000000006,-0.5999999999999943,10.0,10.99436293146286,1.3323143140602127,9.662048617402647,0
0022500325,2025-12-03,-18.04086982013945,-18.114567746320958,0.07369792618150095,-127.32473747350105,0,0,0,0.0,-16.400000000000006,-16.799999999999997,0.3999999999999915,-18.04086982013945,-18.114567746320958,0.07369792618150095,0
0022500326,2025-12-03,3.3541467601840367,-6.250251902241118,9.604398662425163,14.811447166238167,1,0,1,0.20000000000000007,9.799999999999997,-0.3999999999999915,10.199999999999989,3.3541467601840367,-6.250251902241118,9.604398662425163,0
0022500327,2025-12-03,0.6826637131389077,-10.148698474940915,10.831362188079838,43.4188863041486,0,0,0,0.6,6.6000000000000085,-4.6000000000000085,11.200000000000017,0.6826637131389077,-10.148698474940915,10.831362188079838,0
0022500328,2025-12-03,16.52105788709794,-2.82660530335788,19.347663190455805,294.95345131511317,-1,1,0,0.4,7.599999999999994,-11.599999999999994,19.19999999999999,16.52105788709794,-2.82660530335788,19.347663190455805,1
0022500329,2025-12-03,4.2503108788553305,1.0022369656927026,3.2480739131626475,178.65043044540516,0,0,0,0.0,12.199999999999989,9.599999999999994,2.5999999999999943,4.2503108788553305,1.0022369656927026,3.2480739131626475,0
0022500330,2025-12-03,5.987894044466003,-6.567851158271537,12.555745202737553,231.24652519034885,-1,0,0,0.19999999999999996,2.0,-10.400000000000006,12.400000000000006,5.987894044466003,-6.567851158271537,12.555745202737553,1
0022500331,2025-12-03,3.4551606936398827,5.853943895399723,-2.3987832017598265,-118.94751165296384,0,0,0,-0.39999999999999997,-5.0,-2.3999999999999915,-2.6000000000000085,3.4551606936398827,5.853943895399723,-2.3987832017598265,1
0022500332,2025-12-03,-5.84656332483047,1.4603580579951085,-7.30692138282559,-70.37259450085935,0,0,0,-0.4,-10.399999999999991,-3.0,-7.3999999999999915,-5.84656332483047,1.4603580579951085,-7.30692138282559,1
0022500333,2025-12-04,-5.722427913537075,0.12614841258728404,-5.848576326124345,-174.21761498308706,0,0,0,0.0,3.4000000000000057,10.0,-6.599999999999994,-5.722427913537075,0.12614841258728404,-5.848576326124345,1
0022500334,2025-12-04,-16.362304901475596,-6.642454918719125,-9.719849982756443,-340.12576232383094,0,0,0,-0.4,-8.200000000000003,1.2000000000000028,-9.400000000000006,-16.362304901475596,-6.642454918719125,-9.719849982756443,0
0022500335,2025-12-04,-4.354693305672384,-6.055195469894258,1.7005021642218878,-4.392407492110351,-2,1,0,0.0,-10.799999999999997,-13.0,2.200000000000003,-4.354693305672384,-6.055195469894258,1.7005021642218878,0
0022500336,2025-12-04,-19.353930996104893,-11.65906506408649,-7.694865932018407,-40.56294818941069,-1,0,0,-0.20000000000000007,-16.0,-8.599999999999994,-7.400000000000006,-19.353930996104893,-11.65906506408649,-7.694865932018407,0
0022500337,2025-12-04,0.5038929557789231,6.537881008436699,-6.033988052657733,-314.2595584237829,0,0,0,-0.39999999999999997,4.0,10.000000000000014,-6.000000000000014,0.5038929557789231,6.537881008436699,-6.033988052657733,0
0022500338,2025-12-05,-0.3390137803322233,-5.404008421906269,5.064994641574042,39.405747449980026,0,1,1,0.0,-2.0,-7.3999999999999915,5.3999999999999915,-0.3390137803322233,-5.404008421906269,5.064994641574042,1
0022500339,2025-12-05,3.322519035754979,-1.309687126387601,4.632206162142557,60.208090862784275,0,0,0,0.0,5.400000000000006,0.0,5.400000000000006,3.322519035754979,-1.309687126387601,4.632206162142557,1
0022500340,2025-12-05,-25.435442785966046,-13.096181644878243,-12.339261141087794,-133.34219128412337,0,0,0,-0.19999999999999996,-14.400000000000006,-2.8000000000000114,-11.599999999999994,-25.435442785966046,-13.096181644878243,-12.339261141087794,0
0022500341,2025-12-05,-4.010471832942741,1.2408737972018002,-5.251345630144547,15.66747415930081,0,0,0,-0.6000000000000001,-4.799999999999997,0.7999999999999972,-5.599999999999994,-4.010471832942741,1.2408737972018002,-5.251345630144547,1
0022500342,2025-12-05,-4.534426110128493,-3.0112545236036112,-1.5231715865248787,121.42502594255848,0,0,0,0.0,-0.6000000000000085,0.5999999999999943,-1.2000000000000028,-4.534426110128493,-3.0112545236036112,-1.5231715865248787,1
0022500343,2025-12-05,7.469253797986667,-9.033747849371181,16.50300164735787,260.44126764223483,1,0,1,0.20000000000000007,-0.6000000000000085,-17.200000000000003,16.599999999999994,7.469253797986667,-9.033747849371181,16.50300164735787,1
0022500344,2025-12-05,-0.13403496541420168,-3.0258607289285777,2.8918257635143627,214.16408828541535,-1,1,0,0.0,-1.2000000000000028,-4.200000000000003,3.0,-0.13403496541420168,-3.0258607289285777,2.8918257635143627,0
0022500345,2025-12-05,-3.542711747605054,3.857533390495732,-7.40024513810078,-24.659251946196264,0,0,0,-0.4,2.799999999999997,10.600000000000009,-7.800000000000011,-3.542711747605054,3.857533390495732,-7.40024513810078,0
0022500346,2025-12-05,6.038906031821,-11.868223294059305,17.907129325880323,122.00204242659447,-2,0,0,0.4,6.599999999999994,-10.799999999999997,17.39999999999999,6.038906031821,-11.868223294059305,17.907129325880323,1
0022500347,2025-12-05,3.1662557965004794,-0.49848467133061547,3.664740467831092,-16.188532329524833,1,0,0,0.39999999999999997,4.200000000000003,0.0,4.200000000000003,3.1662557965004794,-0.49848467133061547,3.664740467831092,1
0022500348,2025-12-05,10.204379312914625,5.921568903089849,4.282810409824765,109.77393504482143,1,0,1,-0.19999999999999996,-1.0,-5.599999999999994,4.599999999999994,10.204379312914625,5.921568903089849,4.282810409824765,0
0022500349,2025-12-05,3.8156375821766346,-6.098260611232291,9.913898193408933,367.94028944437014,1,0,0,0.4,4.200000000000003,-5.599999999999994,9.799999999999997,3.8156375821766346,-6.098260611232291,9.913898193408933,1
0022500350,2025-12-06,-5.5533356351909475,-9.459941800922664,3.906606165731705,36.374608607865866,0,0,0,0.4,-12.399999999999991,-16.80000000000001,4.40000000000002,-5.5533356351909475,-9.459941800922664,3.906606165731705,1
0022500351,2025-12-06,-1.5207371532934246,11.053934299773957,-12.57467145306737,-225.17514569265836,1,0,1,0.0,-9.0,4.0,-13.0,-1.5207371532934246,11.053934299773957,-12.57467145306737,0
0022500352,2025-12-06,10.71957560965221,10.55987355146162,0.15970205819056682,40.65622702132987,-1,1,0,0.0,13.0,13.0,0.0,10.71957560965221,10.55987355146162,0.15970205819056682,0
0022500353,2025-12-06,-9.098685475360867,-10.792509270629651,1.6938237952687842,117.62454059393099,0,1,1,0.19999999999999996,2.4000000000000057,0.5999999999999943,1.8000000000000114,-9.098685475360867,-10.792509270629651,1.6938237952687842,1
0022500354,2025-12-06,10.199985155069285,-0.863147294223495,11.063132449292775,76.66656309188761,-2,1,0,0.2,11.200000000000003,0.0,11.200000000000003,10.199985155069285,-0.863147294223495,11.063132449292775,0
0022500355,2025-12-06,11.976797769967447,5.343841688037983,6.632956081929455,115.04046422567626,1,0,1,0.6000000000000001,14.0,6.599999999999994,7.400000000000006,11.976797769967447,5.343841688037983,6.632956081929455,1
0022500356,2025-12-06,-0.03613305376052267,15.575802509546406,-15.611935563306927,-211.76239719988962,0,1,1,-0.20000000000000007,-0.6000000000000085,14.599999999999994,-15.200000000000003,-0.03613305376052267,15.575802509546406,-15.611935563306927,1
0022500357,2025-12-07,15.798844246765057,9.803192605597502,5.995651641167569,50.12489779555017,0,0,0,0.0,3.4000000000000057,-1.7999999999999972,5.200000000000003,15.798844246765057,9.803192605597502,5.995651641167569,1
0022500358,2025-12-07,-26.40074516927166,-1.694316177505769,-24.706428991765893,-126.73061066934451,0,0,0,-0.6000000000000001,-19.0,5.799999999999997,-24.799999999999997,-26.40074516927166,-1.694316177505769,-24.706428991765893,0
0022500359,2025-12-07,-23.256904099460627,-20.421905673004517,-2.834998426456124,-328.79007687761873,0,0,0,0.0,-19.39999999999999,-17.400000000000006,-1.9999999999999858,-23.256904099460627,-20.421905673004517,-2.834998426456124,0
0022500360,2025-12-07,2.4988615559602607,-4.877342827283698,7.376204383243947,9.13239490500905,0,0,0,0.6000000000000001,2.6000000000000085,-5.0,7.6000000000000085,2.4988615559602607,-4.877342827283698,7.376204383243947,1
0022500361,2025-12-07,1.5918225023133914,8.480047700717009,-6.888225198403595,-97.93016560704768,1,0,1,-0.4,6.400000000000006,13.399999999999991,-6.999999999999986,1.5918225023133914,8.480047700717009,-6.888225198403595,0
0022500362,2025-12-07,-11.494570057607547,-22.257348779579658,10.76277872197209,-168.06715123342678,0,0,0,0.20000000000000007,-2.5999999999999943,-13.0,10.400000000000006,-11.494570057607547,-22.257348779579658,10.76277872197209,0
0022500363,2025-12-07,-5.110012722000619,11.611199612176776,-16.7212123341774,-466.01403372343907,0,0,0,-0.4,-3.5999999999999943,13.399999999999991,-16.999999999999986,-5.110012722000619,11.611199612176776,-16.7212123341774,0
0022500364,2025-12-08,11.181656861770506,-0.4436458890361905,11.625302750806714,86.08419492895518,1,0,0,0.39999999999999997,6.6000000000000085,-5.0,11.600000000000009,11.181656861770506,-0.4436458890361905,11.625302750806714,1
0022500365,2025-12-08,10.798573950381183,1.4802536593052196,9.318320291075949,87.29059580766943,-1,0,0,0.6,12.200000000000003,2.6000000000000085,9.599999999999994,10.798573950381183,1.4802536593052196,9.318320291075949,0
0022500366,2025-12-08,-6.9828112383003855,0.8862524486916783,-7.8690636869920505,-284.0366110624125,-1,0,0,-0.6,-6.3999999999999915,1.5999999999999943,-7.999999999999986,-6.9828112383003855,0.8862524486916783,-7.8690636869920505,0
0022501201,2025-12-09,-9.006824225887271,-11.658000871441558,2.651176645554281,80.34658134597771,-1,0,0,0.39999999999999997,-8.799999999999997,-11.600000000000009,2.8000000000000114,-9.006824225887271,-11.658000871441558,2.651176645554281,1
0022501202,2025-12-09,-19.292225264008223,5.75546080359166,-25.04768606759985,-119.09917618250529,0,0,0,-0.6000000000000001,-14.0,11.200000000000003,-25.200000000000003,-19.292225264008223,5.75546080359166,-25.04768606759985,0
0022501203,2025-12-10,12.88761699672645,-6.226311750526449,19.113928747252896,276.6754911629332,1,0,0,0.6,14.199999999999989,-5.0,19.19999999999999,12.88761699672645,-6.226311750526449,19.113928747252896,1
0022501204,2025-12-10,1.8548282125561713,3.0064729302663267,-1.1516447177101665,24.96086890471247,1,0,0,0.0,-4.599999999999994,-3.5999999999999943,-1.0,1.8548282125561713,3.0064729302663267,-1.1516447177101665,0
0022501205,2025-12-11,10.574645406005331,-1.324803411228089,11.89944881723343,154.34993739671836,0,0,0,0.39999999999999997,9.799999999999997,-2.6000000000000085,12.400000000000006,10.574645406005331,-1.324803411228089,11.89944881723343,1
0022501206,2025-12-11,-15.354100251153469,2.837120429049051,-18.191220680202523,-154.5500316881289,1,0,0,-0.6,-13.0,5.200000000000003,-18.200000000000003,-15.354100251153469,2.837120429049051,-18.191220680202523,1
0022501207,2025-12-11,6.7890725253224105,11.14111836125555,-4.352045835933154,-202.64357702105508,-1,0,0,-0.2,9.0,13.199999999999989,-4.199999999999989,6.7890725253224105,11.14111836125555,-4.352045835933154,1
0022501208,2025-12-11,-21.472643225166692,-6.972323379605285,-14.500319845561407,-238.07721453438057,-1,0,0,-0.6000000000000001,-16.400000000000006,-2.200000000000003,-14.200000000000003,-21.472643225166692,-6.972323379605285,-14.500319845561407,0
0022501209,2025-12-12,4.056434186563706,-7.4983335535787035,11.554767740142415,-131.364113283596,0,0,0,0.4,4.400000000000006,-7.3999999999999915,11.799999999999997,4.056434186563706,-7.4983335535787035,11.554767740142415,0
0022501210,2025-12-12,1.6247682337759102,-2.732107239275834,4.35687547305177,103.81654303490427,0,0,0,0.4,-0.7999999999999972,-4.799999999999997,4.0,1.6247682337759102,-2.732107239275834,4.35687547305177,1
0022501211,2025-12-12,-7.447070375580154,-12.910087339328044,5.463016963747893,-112.62106663821032,1,0,0,0.0,0.0,-5.200000000000003,5.200000000000003,-7.447070375580154,-12.910087339328044,5.463016963747893,1
0022501212,2025-12-12,-11.825271134025314,11.765804461531673,-23.59107559555698,-302.4612890681267,0,0,0,-0.2,-10.0,13.799999999999997,-23.799999999999997,-11.825271134025314,11.765804461531673,-23.59107559555698,0
0022501213,2025-12-12,-1.051948156746164,-21.96030029112174,20.908352134375583,152.54332761128626,0,0,0,0.4,0.4000000000000057,-21.39999999999999,21.799999999999997,-1.051948156746164,-21.96030029112174,20.908352134375583,0
0022501214,2025-12-12,7.559985036614364,6.59614937154636,0.9638356650680064,129.9152856796061,0,0,0,0.20000000000000007,7.799999999999997,6.799999999999997,1.0,7.559985036614364,6.59614937154636,0.9638356650680064,1
0022501215,2025-12-12,-12.825994384288308,-13.974264178749081,1.1482697944607851,-22.595767372762566,1,0,0,-0.20000000000000007,-15.399999999999991,-16.0,0.6000000000000085,-12.825994384288308,-13.974264178749081,1.1482697944607851,0
0022501229,2025-12-13,-18.63664512946646,-6.813934623849974,-11.822710505616492,-66.20422318173291,0,0,0,-0.20000000000000007,-9.0,2.5999999999999943,-11.599999999999994,-18.63664512946646,-6.813934623849974,-11.822710505616492,0
0022501230,2025-12-13,10.088624836912615,-11.358006788266081,21.4466316251787,237.77007866097665,0,0,0,0.19999999999999996,4.799999999999997,-16.80000000000001,21.60000000000001,10.088624836912615,-11.358006788266081,21.4466316251787,0
0022501216,2025-12-14,5.047851920861774,-7.6610409471490755,12.708892868010874,239.98003254732407,0,0,0,0.2,1.2000000000000028,-11.800000000000011,13.000000000000014,5.047851920861774,-7.6610409471490755,12.708892868010874,0
0022501217,2025-12-14,0.46053851838078685,15.708061922299436,-15.247523403918649,90.20891848930137,0,0,0,-0.6000000000000001,2.0,17.60000000000001,-15.600000000000009,0.46053851838078685,15.708061922299436,-15.247523403918649,1
0022501218,2025-12-14,8.874969353411984,2.4660741585851724,6.408895194826809,266.1816487347269,0,0,0,0.39999999999999997,9.799999999999997,3.5999999999999943,6.200000000000003,8.874969353411984,2.4660741585851724,6.408895194826809,0
0022501219,2025-12-14,-2.6200029827821254,-8.855747414439463,6.235744431657286,-179.40604597228707,-1,0,0,0.19999999999999996,0.20000000000000284,-6.0,6.200000000000003,-2.6200029827821254,-8.855747414439463,6.235744431657286,1
0022501220,2025-12-14,15.136192889892413,-0.9006388663141678,16.036831756206595,191.2581153955432,-1,0,0,0.6000000000000001,15.200000000000003,-1.3999999999999915,16.599999999999994,15.136192889892413,-0.9006388663141678,16.036831756206595,1
0022501221,2025-12-14,0.11987669232289022,11.696659347050584,-11.576782654727666,-99.70990914441086,1,0,0,-0.2,4.0,16.0,-12.0,0.11987669232289022,11.696659347050584,-11.576782654727666,1
0022501223,2025-12-14,-11.703729981953757,-2.7724474274257176,-8.93128255452806,179.85308211174242,-1,0,0,0.0,-17.200000000000003,-8.199999999999989,-9.000000000000014,-11.703729981953757,-2.7724474274257176,-8.93128255452806,0
0022501228,2025-12-14,-8.497734580423355,-4.597767015151234,-3.899967565272135,-41.073152189743496,0,0,0,0.0,-7.0,-2.6000000000000085,-4.3999999999999915,-8.497734580423355,-4.597767015151234,-3.899967565272135,0
0022501222,2025-12-15,11.73158352454115,6.718365583186056,5.0132179413551,11.753878931797772,1,0,0,0.0,4.200000000000003,-0.3999999999999915,4.599999999999994,11.73158352454115,6.718365583186056,5.0132179413551,0
0022501224,2025-12-15,-5.218682298776599,6.166972652859911,-11.385654951636493,-98.81177681923418,0,0,0,-0.20000000000000007,-0.4000000000000057,11.399999999999991,-11.799999999999997,-5.218682298776599,6.166972652859911,-11.385654951636493,1
0022501225,2025-12-15,9.204374521208592,5.260280848381143,3.944093672827444,22.45941057033565,0,0,0,0.20000000000000007,10.799999999999983,6.799999999999997,3.999999999999986,9.204374521208592,5.260280848381143,3.944093672827444,1
0022501226,2025-12-15,1.1998552717041377,7.849542109910999,-6.649686838206847,1.922088917412566,1,0,0,-0.39999999999999997,-6.200000000000003,1.1999999999999886,-7.3999999999999915,1.1998552717041377,7.849542109910999,-6.649686838206847,0
0022501227,2025-12-15,4.0596009575208285,-1.8282992892675054,5.887900246788317,-19.0101789003229,0,0,0,0.0,6.200000000000003,0.20000000000000284,6.0,4.0596009575208285,-1.8282992892675054,5.887900246788317,0
0062500001,2025-12-16,12.77516329961108,-2.5870290305640964,15.362192330175203,41.29194631244195,0,0,0,0.19999999999999996,2.200000000000003,-13.0,15.200000000000003,12.77516329961108,-2.5870290305640964,15.362192330175203,1
0022500367,2025-12-17,-4.734477670251451,6.687977007235261,-11.422454677486707,-115.45561942077461,0,0,0,-0.2,-8.599999999999994,2.6000000000000085,-11.200000000000003,-4.734477670251451,6.687977007235261,-11.422454677486707,1
0022500368,2025-12-17,3.3923966616888066,5.298066201701886,-1.9056695400130907,117.27907072851099,1,0,0,0.20000000000000007,-1.8000000000000114,0.0,-1.8000000000000114,3.3923966616888066,5.298066201701886,-1.9056695400130907,0
0022500369,2025-12-18,15.608733438130415,-8.306897608531543,23.91563104666195,329.50530367685883,2,0,0,0.6000000000000001,19.799999999999997,-4.0,23.799999999999997,15.608733438130415,-8.306897608531543,23.91563104666195,1
0022500370,2025-12-18,5.94206577257799,-5.142175315326114,11.084241087904086,304.2373600007977,-2,0,0,0.39999999999999997,11.0,-0.6000000000000085,11.600000000000009,5.94206577257799,-5.142175315326114,11.084241087904086,1
0022500371,2025-12-18,-4.807470559877942,-11.87222614347209,7.064755583594135,-179.68781925675057,0,0,0,0.0,-5.0,-12.799999999999997,7.799999999999997,-4.807470559877942,-11.87222614347209,7.064755583594135,1
0022500372,2025-12-18,-14.27427799873881,5.668442892193411,-19.942720890932215,-152.8851011146694,2,0,0,-0.6,-15.0,4.3999999999999915,-19.39999999999999,-14.27427799873881,5.668442892193411,-19.942720890932215,0
0022500373,2025-12-18,12.077505651403527,-7.447564373381098,19.52507002478461,-124.20660202245972,1,0,0,0.6,10.400000000000006,-9.200000000000003,19.60000000000001,12.077505651403527,-7.447564373381098,19.52507002478461,0
0022500374,2025-12-18,2.1599141341488064,4.557100090038361,-2.3971859558895563,-12.883254270596126,1,0,0,0.2,-0.4000000000000057,1.8000000000000114,-2.200000000000017,2.1599141341488064,4.557100090038361,-2.3971859558895563,0
0022500375,2025-12-18,-1.4134608807194553,4.494378954777972,-5.907839835497427,-337.1098244900345,1,0,0,-0.19999999999999996,3.799999999999997,9.399999999999991,-5.599999999999994,-1.4134608807194553,4.494378954777972,-5.907839835497427,1
0022500376,2025-12-18,-1.9749883825564183,6.750134850808195,-8.725123233364608,-183.83865390473238,0,0,0,-0.20000000000000007,-1.2000000000000028,7.799999999999997,-9.0,-1.9749883825564183,6.750134850808195,-8.725123233364608,1
0022500377,2025-12-18,21.846027615324076,8.341970601242764,13.504057014081306,123.91240066777823,-2,0,0,0.6,18.599999999999994,4.799999999999997,13.799999999999997,21.846027615324076,8.341970601242764,13.504057014081306,1
0022500378,2025-12-18,-6.754610296937116,7.85450473291192,-14.609115029849004,-26.39844864865404,0,0,0,0.0,-7.400000000000006,7.3999999999999915,-14.799999999999997,-6.754610296937116,7.85450473291192,-14.609115029849004,1
0022500379,2025-12-18,-2.819511345027408,-0.15093450151142918,-2.6685768435159734,-218.1986555083572,-1,0,0,0.0,6.200000000000003,9.199999999999989,-2.999999999999986,-2.819511345027408,-0.15093450151142918,-2.6685768435159734,0
0022500380,2025-12-18,7.675037296805954,1.03613844030383,6.638898856502104,57.711508346496885,0,0,0,0.2,11.0,4.799999999999997,6.200000000000003,7.675037296805954,1.03613844030383,6.638898856502104,1
0022500381,2025-12-19,18.716242614875924,3.3031114317993087,15.413131183076604,151.97394854891627,3,0,1,0.39999999999999997,14.599999999999994,-0.7999999999999972,15.399999999999991,18.716242614875924,3.3031114317993087,15.413131183076604,1
0022500382,2025-12-19,10.301009045699587,4.723684886934564,5.577324158765001,240.7589347206772,-4,1,0,0.4,7.599999999999994,2.200000000000003,5.3999999999999915,10.301009045699587,4.723684886934564,5.577324158765001,0
0022500383,2025-12-19,1.731754997320877,11.082395195153424,-9.350640197832586,-92.48625970220905,0,1,1,-0.4,3.0,12.800000000000011,-9.800000000000011,1.731754997320877,11.082395195153424,-9.350640197832586,0
0022500384,2025-12-19,-0.7108068552723381,-6.595564254450437,5.884757399178096,94.56650885886779,0,0,0,0.0,4.0,-1.2000000000000028,5.200000000000003,-0.7108068552723381,-6.595564254450437,5.884757399178096,0
0022500385,2025-12-19,-9.835973673467066,10.59461643971332,-20.43059011318039,-205.54881470364762,1,0,1,-0.20000000000000007,-12.800000000000011,8.0,-20.80000000000001,-9.835973673467066,10.59461643971332,-20.43059011318039,1
0022500386,2025-12-20,9.109281094743025,-1.6469678725309933,10.756248967274006,55.939964885059,0,0,0,0.6,9.0,-2.0,11.0,9.109281094743025,-1.6469678725309933,10.756248967274006,0
0022500387,2025-12-20,0.5868850687137268,-6.028102135131604,6.614987203845309,-32.5945243726062,-1,1,0,0.0,-5.799999999999997,-12.200000000000003,6.400000000000006,0.5868850687137268,-6.028102135131604,6.614987203845309,1
0022500388,2025-12-20,-15.288671061039153,-4.656492862555325,-10.632178198483814,-109.0310701641497,1,0,1,-0.19999999999999996,-13.0,-2.4000000000000057,-10.599999999999994,-15.288671061039153,-4.656492862555325,-10.632178198483814,0
0022500389,2025-12-20,8.373007723720207,4.407395473541186,3.9656122501790123,-165.8670026922273,0,0,0,0.19999999999999996,16.0,11.799999999999997,4.200000000000003,8.373007723720207,4.407395473541186,3.9656122501790123,1
0022500390,2025-12-20,4.266518545909591,-0.49955829553850606,4.766076841448097,276.4296794772463,0,0,0,0.20000000000000007,3.799999999999997,-0.6000000000000085,4.400000000000006,4.266518545909591,-0.49955829553850606,4.766076841448097,1
0022500391,2025-12-20,4.530949928568418,-19.129367749787747,23.660317678356193,224.7616960530254,1,0,0,0.6000000000000001,8.799999999999997,-15.599999999999994,24.39999999999999,4.530949928568418,-19.129367749787747,23.660317678356193,0
0022500392,2025-12-20,10.712755853007593,-7.021902083433815,17.734657936441426,10.573032737407402,0,0,0,0.0,12.600000000000009,-5.3999999999999915,18.0,10.712755853007593,-7.021902083433815,17.734657936441426,1
0022500393,2025-12-20,5.279260400808482,13.624080310141082,-8.3448199093326,-181.50399720466658,0,0,0,0.0,12.0,20.400000000000006,-8.400000000000006,5.279260400808482,13.624080310141082,-8.3448199093326,0
0022500394,2025-12-20,-1.7765852372303215,-2.2985614723868224,0.5219762351564894,-69.20902278212543,0,0,0,-0.2,-5.800000000000011,-6.799999999999997,0.9999999999999858,-1.7765852372303215,-2.2985614723868224,0.5219762351564894,0
0022500395,2025-12-20,-11.665354740910914,-5.27877288230485,-6.386581858606044,-127.25395985440332,0,0,0,-0.6,-14.799999999999997,-8.200000000000003,-6.599999999999994,-11.665354740910914,-5.27877288230485,-6.386581858606044,1
0022500396,2025-12-21,-2.0909962806546076,3.090111737179768,-5.181108017834356,16.633755184144093,0,0,0,-0.19999999999999996,0.5999999999999943,7.0,-6.400000000000006,-2.0909962806546076,3.090111737179768,-5.181108017834356,0
0022500397,2025-12-21,4.1929785284362,-7.1223921410912965,11.315370669527487,-179.81672153566592,2,0,1,0.0,7.0,-4.0,11.0,4.1929785284362,-7.1223921410912965,11.315370669527487,1
0022500398,2025-12-21,16.992658841467318,3.4079729800037057,13.584685861463635,171.86361545919544,0,0,0,0.6000000000000001,11.399999999999991,-2.200000000000003,13.599999999999994,16.992658841467318,3.4079729800037057,13.584685861463635,1
0022500399,2025-12-21,-4.250035983404814,10.029493029956825,-14.279529013361648,-300.68215925734603,-1,1,0,-0.4,-5.400000000000006,9.400000000000006,-14.800000000000011,-4.250035983404814,10.029493029956825,-14.279529013361648,0
0022500400,2025-12-21,6.2902708483179595,-9.77873528481841,16.069006133136366,132.4603545829109,-1,0,0,0.39999999999999997,11.0,-5.0,16.0,6.2902708483179595,-9.77873528481841,16.069006133136366,1
0022500401,2025-12-21,-13.127999753061118,-1.9480196717459677,-11.179980081315128,-239.5104573545666,0,1,1,-0.4,-10.600000000000009,0.7999999999999972,-11.400000000000006,-13.127999753061118,-1.9480196717459677,-11.179980081315128,1
0022500402,2025-12-22,-1.9038366514701437,0.31327886154757323,-2.2171155130177453,194.79150992569907,1,0,0,-0.2,0.20000000000000284,2.8000000000000114,-2.6000000000000085,-1.9038366514701437,0.31327886154757323,-2.2171155130177453,1
0022500403,2025-12-22,10.497340255130894,-0.46641986179588457,10.963760116926784,161.6510264669264,0,0,0,0.39999999999999997,7.199999999999989,-3.4000000000000057,10.599999999999994,10.497340255130894,-0.46641986179588457,10.963760116926784,1
0022500404,2025-12-22,7.975124493607211,-0.015725327598829608,7.990849821206038,-125.14341607118513,0,0,0,0.20000000000000007,9.200000000000003,0.20000000000000284,9.0,7.975124493607211,-0.015725327598829608,7.990849821206038,1
0022500405,2025-12-22,4.642311321077756,-8.93317756835036,13.575488889428104,307.5445194548595,0,0,0,0.4,-5.3999999999999915,-18.999999999999986,13.599999999999994,4.642311321077756,-8.93317756835036,13.575488889428104,1
0022500406,2025-12-22,3.57804505684598,-7.869447339586372,11.44749239643234,296.1107891273589,1,0,0,0.0,0.6000000000000085,-11.0,11.600000000000009,3.57804505684598,-7.869447339586372,11.44749239643234,1
0022500407,2025-12-22,2.9379242343783147,-5.512362740599102,8.450286974977406,-3.3047985108873945,0,0,0,0.0,2.200000000000003,-6.0,8.200000000000003,2.9379242343783147,-5.512362740599102,8.450286974977406,1
0022500408,2025-12-22,-9.175102626064856,10.490026748655794,-19.665129374720664,-135.33669736082925,0,0,0,-0.20000000000000007,-4.0,17.0,-21.0,-9.175102626064856,10.490026748655794,-19.665129374720664,0
0022500409,2025-12-23,-1.2672682782315832,0.2611013829628064,-1.5283696611943922,42.43850282297626,-1,1,0,0.0,5.0,6.6000000000000085,-1.6000000000000085,-1.2672682782315832,0.2611013829628064,-1.5283696611943922,1
0022500410,2025-12-23,4.339172847054897,12.417263253435479,-8.078090406380591,101.01578838654223,1,0,0,0.0,5.800000000000011,13.799999999999997,-7.999999999999986,4.339172847054897,12.417263253435479,-8.078090406380591,0
0022500411,2025-12-23,-11.301836298650784,4.129436795071797,-15.431273093722595,-9.838888570985318,0,0,0,-0.6000000000000001,-7.799999999999997,8.799999999999997,-16.599999999999994,-11.301836298650784,4.129436795071797,-15.431273093722595,0
0022500412,2025-12-23,-3.072613656526869,12.91466238374501,-15.987276040271865,201.01279177166361,0,1,1,-0.6,-4.200000000000003,13.200000000000003,-17.400000000000006,-3.072613656526869,12.91466238374501,-15.987276040271865,1
0022500413,2025-12-23,-1.51047420688937,-0.14424837826115322,-1.3662258286281936,-4.558063186082563,-1,1,0,-0.2,-0.7999999999999972,0.3999999999999915,-1.1999999999999886,-1.51047420688937,-0.14424837826115322,-1.3662258286281936,0
0022500414,2025-12-23,5.352141015511691,4.219741585535758,1.1323994299759281,-32.00082564897798,0,0,0,-0.2,11.200000000000003,10.599999999999994,0.6000000000000085,5.352141015511691,4.219741585535758,1.1323994299759281,0
0022500415,2025-12-23,-13.27725466008144,-0.9908877511848715,-12.28636690889655,-222.43137968715564,0,1,1,-0.4,-6.200000000000003,6.599999999999994,-12.799999999999997,-13.27725466008144,-0.9908877511848715,-12.28636690889655,1
0022500416,2025-12-23,-10.746830411783819,-11.118188596617784,0.37135818483395777,-25.961237296515037,0,0,0,0.0,-8.0,-8.200000000000003,0.20000000000000284,-10.746830411783819,-11.118188596617784,0.37135818483395777,1
0022500417,2025-12-23,0.6483224430548802,5.233806370162853,-4.585483927107967,-182.59919520799917,1,0,1,0.20000000000000007,-0.4000000000000057,4.3999999999999915,-4.799999999999997,0.6483224430548802,5.233806370162853,-4.585483927107967,1
0022500418,2025-12-23,-9.686997122869911,-3.1041838276440217,-6.582813295225876,-59.38169652062311,0,0,0,-0.19999999999999996,-10.399999999999991,-3.200000000000003,-7.199999999999989,-9.686997122869911,-3.1041838276440217,-6.582813295225876,1
0022500419,2025-12-23,2.815048331717975,6.387725625637174,-3.572677293919182,-135.53913869883945,0,1,1,0.0,11.200000000000017,14.599999999999994,-3.3999999999999773,2.815048331717975,6.387725625637174,-3.572677293919182,0
0022500420,2025-12-23,-2.5715766187794884,-6.067002362000736,3.4954257432212703,-67.10657223660223,0,1,1,0.19999999999999996,2.5999999999999943,-0.5999999999999943,3.1999999999999886,-2.5715766187794884,-6.067002362000736,3.4954257432212703,0
0022500421,2025-12-23,-5.807340185792256,16.475579104113052,-22.282919289905315,-221.48729843890078,1,0,1,-0.6000000000000001,-6.200000000000003,17.0,-23.200000000000003,-5.807340185792256,16.475579104113052,-22.282919289905315,0
0022500422,2025-12-23,-7.511641117273442,-0.27172465339781127,-7.239916463875641,-143.34004322561123,1,0,0,-0.2,-16.200000000000003,-9.0,-7.200000000000003,-7.511641117273442,-0.27172465339781127,-7.239916463875641,1
0022500009,2025-12-25,-1.3787793518857967,-2.0946618673712436,0.7158825154854298,87.14174519456992,0,0,0,0.19999999999999996,-9.200000000000003,-10.0,0.7999999999999972,-1.3787793518857967,-2.0946618673712436,0.7158825154854298,1
0022500010,2025-12-25,-11.138675176870066,2.159414870942328,-13.298090047812414,157.93200383483713,0,0,0,-0.4,-9.0,3.6000000000000085,-12.600000000000009,-11.138675176870066,2.159414870942328,-13.298090047812414,0
0022500011,2025-12-25,0.13602541341359142,-5.7424468762820595,5.878472289695654,100.63255127814182,1,0,0,0.0,-3.8000000000000114,-9.799999999999997,5.999999999999986,0.13602541341359142,-5.7424468762820595,5.878472289695654,1
0022500012,2025-12-25,-2.6956125182416173,2.938879741747243,-5.634492259988843,-35.246949486536096,0,0,0,0.2,-5.200000000000003,0.20000000000000284,-5.400000000000006,-2.6956125182416173,2.938879741747243,-5.634492259988843,0
0022500013,2025-12-25,13.701618380336754,14.836529498095771,-1.1349111177590059,31.745723094620644,0,0,0,-0.20000000000000007,12.599999999999994,13.599999999999994,-1.0,13.701618380336754,14.836529498095771,-1.1349111177590059,1
0022500423,2025-12-26,8.235374481161386,7.1800497473792575,1.0553247337821574,16.02144901742986,0,0,0,0.0,16.60000000000001,16.000000000000014,0.5999999999999943,8.235374481161386,7.1800497473792575,1.0553247337821574,0
0022500424,2025-12-26,-3.822052241415477,4.423534687171269,-8.245586928586766,211.24929618803003,0,0,0,-0.19999999999999996,-5.200000000000003,2.799999999999997,-8.0,-3.822052241415477,4.423534687171269,-8.245586928586766,0
0022500425,2025-12-26,7.078730714755295,13.414927297224665,-6.336196582469407,-212.73955714492058,0,0,0,-0.19999999999999996,9.599999999999994,16.0,-6.400000000000006,7.078730714755295,13.414927297224665,-6.336196582469407,1
0022500426,2025-12-26,-11.097486701117603,4.982903649175597,-16.08039035029319,-181.59118911715018,-1,0,0,-0.6,-10.0,5.799999999999997,-15.799999999999997,-11.097486701117603,4.982903649175597,-16.08039035029319,0
0022500427,2025-12-26,6.498176005790668,5.6069281993332964,0.8912478064573892,76.50531673128944,0,0,0,0.20000000000000007,14.0,12.599999999999994,1.4000000000000057,6.498176005790668,5.6069281993332964,0.8912478064573892,1
0022500428,2025-12-26,10.680973495109626,4.3782926106500355,6.302680884459588,14.604219423125642,0,0,0,0.19999999999999996,17.0,10.799999999999997,6.200000000000003,10.680973495109626,4.3782926106500355,6.302680884459588,1
0022500429,2025-12-26,4.5023664320656565,-3.7922432490375684,8.294609681103225,-197.8558389552295,0,0,0,0.4,12.400000000000006,3.200000000000003,9.200000000000003,4.5023664320656565,-3.7922432490375684,8.294609681103225,0
0022500430,2025-12-26,5.3681166026504314,20.937150630218,-15.569034027567557,-293.18033992989285,0,0,0,-0.6000000000000001,11.600000000000009,27.999999999999986,-16.399999999999977,5.3681166026504314,20.937150630218,-15.569034027567557,1
0022500431,2025-12-26,-7.518611277082911,-7.786562892539692,0.2679516154568063,-22.552205970550176,0,0,0,0.19999999999999996,5.6000000000000085,4.6000000000000085,1.0,-7.518611277082911,-7.786562892539692,0.2679516154568063,0
0022500432,2025-12-27,-0.729859651686084,0.9896108770307563,-1.7194705287168546,-47.76755938445149,2,0,0,-0.2,-1.7999999999999972,-0.20000000000000284,-1.5999999999999943,-0.729859651686084,0.9896108770307563,-1.7194705287168546,1
0022500433,2025-12-27,-9.86200418651353,3.3731711491505365,-13.235175335664088,-118.8760992832224,-1,1,0,-0.19999999999999996,-15.799999999999997,-2.4000000000000057,-13.399999999999991,-9.86200418651353,3.3731711491505365,-13.235175335664088,1
0022500434,2025-12-27,-2.35650364801117,3.3654418526434,-5.721945500654595,-212.36717659296755,0,1,1,0.0,6.0,11.400000000000006,-5.400000000000006,-2.35650364801117,3.3654418526434,-5.721945500654595,0
0022500435,2025-12-27,-3.6671435387690963,4.490132888970223,-8.15727642773931,-185.09239938252426,-1,1,0,-0.6,5.0,14.0,-9.0,-3.6671435387690963,4.490132888970223,-8.15727642773931,0
0022500436,2025-12-27,3.136144595236104,-5.969665665035421,9.105810260271515,14.173046802217641,0,1,1,0.4,6.200000000000003,-3.4000000000000057,9.600000000000009,3.136144595236104,-5.969665665035421,9.105810260271515,1
0022500437,2025-12-27,22.282233814784618,3.1869496521959917,19.095284162588648,26.409680789456388,0,1,1,0.8,29.599999999999994,10.200000000000003,19.39999999999999,22.282233814784618,3.1869496521959917,19.095284162588648,0
0022500438,2025-12-27,-2.288904271171816,-4.293969709378317,2.005065438206529,84.71282808547039,0,0,0,0.0,-9.200000000000003,-11.200000000000003,2.0,-2.288904271171816,-4.293969709378317,2.005065438206529,1
0022500439,2025-12-27,-0.3287188278736579,7.5730144142434455,-7.901733242117086,262.42468403309726,-2,0,0,0.0,7.0,15.0,-8.0,-0.3287188278736579,7.5730144142434455,-7.901733242117086,0
0022500440,2025-12-27,6.678866792093402,-20.550638151197248,27.229504943290628,275.3317271494209,1,0,1,0.8,-3.3999999999999915,-31.0,27.60000000000001,6.678866792093402,-20.550638151197248,27.229504943290628,0
0022500441,2025-12-28,-8.091202395618893,2.6816988427908797,-10.77290123840979,-71.4311237031036,-1,0,0,-0.19999999999999996,-15.399999999999991,-4.3999999999999915,-11.0,-8.091202395618893,2.6816988427908797,-10.77290123840979,1
0022500442,2025-12-28,-0.5040221494459445,0.5379109432498694,-1.041933092695848,344.34959516203935,1,0,0,0.0,-0.4000000000000057,-0.20000000000000284,-0.20000000000000284,-0.5040221494459445,0.5379109432498694,-1.041933092695848,1
0022500443,2025-12-28,1.70312714217728,9.109351650082587,-7.406224507905332,-201.81762261762037,0,0,0,-0.19999999999999996,-3.799999999999997,3.3999999999999915,-7.199999999999989,1.70312714217728,9.109351650082587,-7.406224507905332,1
0022500444,2025-12-28,-15.102179119104505,-0.5266389662104274,-14.575540152894106,-188.16851788397776,0,0,0,-0.4,-9.200000000000003,4.799999999999997,-14.0,-15.102179119104505,-0.5266389662104274,-14.575540152894106,1
0022500445,2025-12-28,5.934697760945014,9.891229328247519,-3.9565315673025307,-121.09735540939687,0,0,0,0.0,-9.400000000000006,-4.0,-5.400000000000006,5.934697760945014,9.891229328247519,-3.9565315673025307,1
0022500446,2025-12-28,-1.009663301010491,8.633877807071386,-9.643541108081887,151.6860075127679,2,0,1,0.0,-8.0,0.7999999999999972,-8.799999999999997,-1.009663301010491,8.633877807071386,-9.643541108081887,1
0022500447,2025-12-29,9.661803957605457,7.066257820760711,2.5955461368447263,-128.39051850583382,1,0,0,0.19999999999999996,13.0,11.0,2.0,9.661803957605457,7.066257820760711,2.5955461368447263,0
0022500448,2025-12-29,-0.2607739496307744,7.080275150689047,-7.341049100319793,-231.52309759335162,-1,1,0,-0.20000000000000007,4.200000000000003,10.799999999999997,-6.599999999999994,-0.2607739496307744,7.080275150689047,-7.341049100319793,0
0022500449,2025-12-29,-0.43188259065668433,-10.638313928000656,10.206431337343961,-183.3422475016796,1,0,1,0.20000000000000007,-7.0,-17.39999999999999,10.399999999999991,-0.43188259065668433,-10.638313928000656,10.206431337343961,0
0022500450,2025-12-29,-6.54361614085613,-4.020248361425885,-2.52336777943024,-180.1880996168527,0,0,0,0.0,-6.799999999999997,-4.599999999999994,-2.200000000000003,-6.54361614085613,-4.020248361425885,-2.52336777943024,1
0022500451,2025-12-29,-3.9085926245018783,-6.825362558768674,2.9167699342667843,-50.535392300888134,-1,1,0,-0.19999999999999996,-4.0,-7.0,3.0,-3.9085926245018783,-6.825362558768674,2.9167699342667843,1
0022500452,2025-12-29,9.200811101432052,6.3068537547761565,2.893957346655887,-105.71474761783156,0,0,0,0.20000000000000007,10.200000000000003,7.200000000000003,3.0,9.200811101432052,6.3068537547761565,2.893957346655887,0
0022500453,2025-12-29,16.810896621824597,-6.665803498139212,23.476700119963798,188.2168667508438,0,0,0,0.6,9.399999999999991,-14.799999999999997,24.19999999999999,16.810896621824597,-6.665803498139212,23.476700119963798,1
0022500454,2025-12-29,-6.408632356917096,-5.222011949406053,-1.1866204075110658,-320.97271628706926,0,0,0,-0.19999999999999996,-2.0,-0.7999999999999972,-1.2000000000000028,-6.408632356917096,-5.222011949406053,-1.1866204075110658,0
0022500455,2025-12-29,2.599721767340455,-6.400899846404812,9.000621613745272,319.70101979680885,-1,1,0,0.4,-8.0,-18.39999999999999,10.399999999999991,2.599721767340455,-6.400899846404812,9.000621613745272,1
0022500456,2025-12-29,2.035582478331392,-10.58047960946756,12.616062087798932,84.75486417323441,0,0,0,0.4,-3.5999999999999943,-15.799999999999997,12.200000000000003,2.035582478331392,-10.58047960946756,12.616062087798932,0
0022500457,2025-12-29,-6.630407357126813,-8.212950013281628,1.5825426561548084,24.904970795275858,-1,1,0,0.2,-11.600000000000009,-13.799999999999997,2.1999999999999886,-6.630407357126813,-8.212950013281628,1.5825426561548084,1
0022500458,2025-12-30,1.6562118346458021,-3.4128111091677056,5.069022943813491,77.55246767734661,0,0,0,0.0,10.0,4.800000000000011,5.199999999999989,1.6562118346458021,-3.4128111091677056,5.069022943813491,0
0022500459,2025-12-30,-2.105271633357887,11.28631592063951,-13.391587553997391,-252.79545402047256,1,0,0,-0.4,6.599999999999994,20.0,-13.400000000000006,-2.105271633357887,11.28631592063951,-13.391587553997391,0
0022500460,2025-12-30,-0.09603799687869241,11.801408786865451,-11.897446783744144,-45.111491153717,0,0,0,-0.19999999999999996,-5.200000000000003,6.400000000000006,-11.600000000000009,-0.09603799687869241,11.801408786865451,-11.897446783744144,0
0022500461,2025-12-30,11.176002256869808,-5.132460408662297,16.308462665532083,104.52043667446992,0,0,0,0.4,0.7999999999999972,-14.0,14.799999999999997,11.176002256869808,-5.132460408662297,16.308462665532083,1
0022500462,2025-12-31,-1.7954006606560995,6.929325921591669,-8.724726582247788,-206.87411472345457,0,0,0,-0.4,-7.0,2.1999999999999886,-9.199999999999989,-1.7954006606560995,6.929325921591669,-8.724726582247788,0
0022500463,2025-12-31,0.9058125095765064,12.697806725307501,-11.791994215731,-164.75431306512792,0,0,0,-0.6,7.799999999999997,20.400000000000006,-12.600000000000009,0.9058125095765064,12.697806725307501,-11.791994215731,1
0022500464,2025-12-31,-2.6030757864246254,5.211924909950966,-7.815000696375599,-104.83682907005164,0,0,0,-0.4,0.20000000000000284,8.600000000000009,-8.400000000000006,-2.6030757864246254,5.211924909950966,-7.815000696375599,0
0022500465,2025-12-31,-1.819246713846269,4.620957657896739,-6.440204371742984,-6.6956574527246175,0,0,0,-0.20000000000000007,3.200000000000003,8.799999999999997,-5.599999999999994,-1.819246713846269,4.620957657896739,-6.440204371742984,1
0022500466,2025-12-31,2.02097903018489,0.9123093121551307,1.108669718029759,162.79049131675652,0,0,0,0.39999999999999997,1.4000000000000057,0.19999999999998863,1.200000000000017,2.02097903018489,0.9123093121551307,1.108669718029759,1
0022500467,2025-12-31,-3.8378776575507203,-7.315080020086654,3.4772023625359627,-44.52558559410954,0,0,0,-0.20000000000000007,-6.799999999999997,-9.799999999999997,3.0,-3.8378776575507203,-7.315080020086654,3.4772023625359627,1
0022500468,2025-12-31,-15.15177406255927,-15.125385142955196,-0.02638891960406795,-127.4722552864655,0,0,0,0.19999999999999996,-19.599999999999994,-19.400000000000006,-0.19999999999998863,-15.15177406255927,-15.125385142955196,-0.02638891960406795,0
0022500469,2025-12-31,-1.7434182171446508,-8.401583160522662,6.658164943377995,189.7878642347407,0,0,0,0.19999999999999996,-5.400000000000006,-11.200000000000003,5.799999999999997,-1.7434182171446508,-8.401583160522662,6.658164943377995,0
0022500470,2025-12-31,8.681276017785379,2.061467379061554,6.6198086387238,289.6478173107048,0,0,0,0.19999999999999996,10.0,2.799999999999997,7.200000000000003,8.681276017785379,2.061467379061554,6.6198086387238,1
0022500471,2026-01-01,-14.784678802073756,-12.447339780377206,-2.337339021696573,-269.64131196260064,0,0,0,0.0,-11.799999999999997,-9.599999999999994,-2.200000000000003,-14.784678802073756,-12.447339780377206,-2.337339021696573,0
0022500472,2026-01-01,-2.2776487012177142,-0.3005213014939727,-1.9771273997237468,144.537963094293,-1,0,0,0.0,-5.799999999999997,-3.200000000000003,-2.5999999999999943,-2.2776487012177142,-0.3005213014939727,-1.9771273997237468,0
0022500473,2026-01-01,2.9300171615312536,1.3950554035646547,1.5349617579665988,6.500019506526314,1,0,0,-0.2,3.3999999999999915,2.1999999999999886,1.2000000000000028,2.9300171615312536,1.3950554035646547,1.5349617579665988,0
0022500474,2026-01-01,-9.712476447878558,13.588490078376068,-23.300966526254644,-233.23591053777386,0,0,0,-0.4,-7.200000000000003,15.399999999999991,-22.599999999999994,-9.712476447878558,13.588490078376068,-23.300966526254644,0
0022500475,2026-01-01,11.289168348448186,-16.35459443427385,27.643762782722032,145.23214535125976,0,0,0,0.6,-4.800000000000011,-31.200000000000017,26.400000000000006,11.289168348448186,-16.35459443427385,27.643762782722032,1
0022500476,2026-01-02,-10.032425541751124,6.451421008900724,-16.48384655065185,-184.59953894701653,0,0,0,-0.6,-7.0,9.400000000000006,-16.400000000000006,-10.032425541751124,6.451421008900724,-16.48384655065185,0
0022500477,2026-01-02,3.935168821455477,5.610852231761655,-1.6756834103061948,-28.96930019615138,1,0,1,0.0,8.399999999999991,9.799999999999997,-1.4000000000000057,3.935168821455477,5.610852231761655,-1.6756834103061948,1
0022500478,2026-01-02,-4.77134318727272,-14.261457202713473,9.490114015440776,-89.47730982348867,0,0,0,0.19999999999999996,-4.0,-14.199999999999989,10.199999999999989,-4.77134318727272,-14.261457202713473,9.490114015440776,1
0022500479,2026-01-02,4.64842023135202,3.948480648049923,0.6999395833021282,186.04794237671877,0,0,0,0.39999999999999997,1.2000000000000028,0.19999999999998863,1.0000000000000142,4.64842023135202,3.948480648049923,0.6999395833021282,0
0022500480,2026-01-02,0.09723545148496271,1.574927239327451,-1.4776917878424967,-67.17807414533058,0,0,0,0.0,2.5999999999999943,4.400000000000006,-1.8000000000000114,0.09723545148496271,1.574927239327451,-1.4776917878424967,1
0022500481,2026-01-02,-9.477542262016186,-10.507937926676433,1.0303956646602586,136.9506700077054,0,0,0,0.19999999999999996,-10.600000000000009,-11.799999999999997,1.1999999999999886,-9.477542262016186,-10.507937926676433,1.0303956646602586,1
0022500482,2026-01-02,3.584207495891903,6.907405730388945,-3.3231982344970366,-158.44517912134643,0,0,0,-0.4,8.0,12.0,-4.0,3.584207495891903,6.907405730388945,-3.3231982344970366,0
0022500483,2026-01-02,11.056823355044429,-13.917838883143801,24.974662238188255,149.81424137397903,1,0,1,0.6000000000000001,12.199999999999989,-11.799999999999997,23.999999999999986,11.056823355044429,-13.917838883143801,24.974662238188255,1
0022500484,2026-01-02,2.7269326260687876,-0.6732994240200014,3.4002320500888032,-198.81612489548115,0,0,0,0.20000000000000007,4.0,2.200000000000003,1.7999999999999972,2.7269326260687876,-0.6732994240200014,3.4002320500888032,0
0022500485,2026-01-02,-5.436381249823626,8.721135275409011,-14.15751652523266,78.0858382168833,0,0,0,-0.2,-18.0,-4.6000000000000085,-13.399999999999991,-5.436381249823626,8.721135275409011,-14.15751652523266,1
0022500486,2026-01-03,2.591702303336561,-6.285768169249437,8.877470472586003,-98.09122916346269,-1,0,0,0.4,5.200000000000003,-4.400000000000006,9.600000000000009,2.591702303336561,-6.285768169249437,8.877470472586003,0
0022500487,2026-01-03,8.6467060507578,4.884847696035948,3.7618583547218467,179.32673730304987,-1,1,0,0.19999999999999996,8.200000000000003,4.599999999999994,3.6000000000000085,8.6467060507578,4.884847696035948,3.7618583547218467,0
0022500488,2026-01-03,-0.6798191835758587,-1.5112092958251822,0.8313901122493261,29.110605051590937,2,0,1,0.19999999999999996,-4.400000000000006,-5.400000000000006,1.0,-0.6798191835758587,-1.5112092958251822,0.8313901122493261,1
0022500489,2026-01-03,-10.49529943856517,-4.7991181728512515,-5.696181265713923,150.93555225304522,0,1,1,0.19999999999999996,-7.400000000000006,-1.7999999999999972,-5.6000000000000085,-10.49529943856517,-4.7991181728512515,-5.696181265713923,0
0022500490,2026-01-03,0.6621518748136737,-4.394790772210939,5.05694264702461,138.06434652798362,0,1,1,0.0,6.0,1.0,5.0,0.6621518748136737,-4.394790772210939,5.05694264702461,0
0022500491,2026-01-03,-13.801974095007324,3.133915106861565,-16.935889201868896,-213.19387407782165,0,0,0,-0.6000000000000001,-1.2000000000000028,15.600000000000009,-16.80000000000001,-13.801974095007324,3.133915106861565,-16.935889201868896,1
0022500492,2026-01-03,-2.0458932386349886,-2.284154329042593,0.23826109040761256,191.45379015881508,-1,1,0,0.19999999999999996,-1.4000000000000057,-1.4000000000000057,0.0,-2.0458932386349886,-2.284154329042593,0.23826109040761256,1
0022500493,2026-01-03,12.181161237460628,-1.805485905632949,13.98664714309357,-121.71734855796103,0,0,0,0.19999999999999996,1.5999999999999943,-11.0,12.599999999999994,12.181161237460628,-1.805485905632949,13.98664714309357,0
0022500494,2026-01-04,-3.305540986130609,-4.055370547077359,0.7498295609467447,-43.38678917003767,-1,0,0,0.19999999999999996,-5.0,-5.799999999999997,0.7999999999999972,-3.305540986130609,-4.055370547077359,0.7498295609467447,0
0022500495,2026-01-04,0.13462891974806723,-7.636815461531214,7.771444381279278,123.11234623828545,0,0,0,0.4,-3.200000000000003,-11.799999999999997,8.599999999999994,0.13462891974806723,-7.636815461531214,7.771444381279278,1
0022500496,2026-01-04,-6.767835896084264,-4.405896135336093,-2.361939760748151,-286.94343967116856,0,0,0,0.0,-13.200000000000003,-11.199999999999989,-2.000000000000014,-6.767835896084264,-4.405896135336093,-2.361939760748151,1
0022500497,2026-01-04,10.594611865080353,-10.323430384302924,20.91804224938328,180.13179266662587,-1,1,0,0.8,14.799999999999997,-7.3999999999999915,22.19999999999999,10.594611865080353,-10.323430384302924,20.91804224938328,1
0022500498,2026-01-04,-4.077661343106769,-9.81936121229137,5.741699869184589,-268.9936496587136,1,0,1,0.4,-4.0,-10.200000000000003,6.200000000000003,-4.077661343106769,-9.81936121229137,5.741699869184589,0
0022500499,2026-01-04,-2.9467919846837987,5.042798788093975,-7.989590772777776,-222.21197496525883,0,0,0,0.0,-6.200000000000003,3.0,-9.200000000000003,-2.9467919846837987,5.042798788093975,-7.989590772777776,1
0022500500,2026-01-04,-13.700533281781048,6.402148713942722,-20.102681995723774,-93.76746206668417,0,0,0,-0.39999999999999997,-12.399999999999991,7.200000000000003,-19.599999999999994,-13.700533281781048,6.402148713942722,-20.102681995723774,0
0022500501,2026-01-04,-1.0828402264135946,10.418598070531928,-11.5014382969455,88.64689934291187,0,0,0,0.0,-13.600000000000009,-2.799999999999997,-10.800000000000011,-1.0828402264135946,10.418598070531928,-11.5014382969455,1
0022500502,2026-01-05,-4.438118163366042,-8.420256860353405,3.982138696987377,14.378528008502826,-1,1,0,0.0,-5.199999999999989,-9.599999999999994,4.400000000000006,-4.438118163366042,-8.420256860353405,3.982138696987377,1
0022500503,2026-01-05,19.806245465591445,-0.7774012129527108,20.58364667854415,175.70835058813532,0,0,0,0.4,17.0,-3.200000000000003,20.200000000000003,19.806245465591445,-0.7774012129527108,20.58364667854415,1
0022500504,2026-01-05,-0.9924305021905724,-1.009178599059112,0.016748096868579365,42.00261847998354,0,0,0,0.19999999999999996,-1.1999999999999886,-1.7999999999999972,0.6000000000000085,-0.9924305021905724,-1.009178599059112,0.016748096868579365,1
0022500505,2026-01-05,5.58063707126432,-0.9821817358632785,6.5628188071276075,59.09989254464517,1,0,1,0.0,-0.3999999999999915,-6.0,5.6000000000000085,5.58063707126432,-0.9821817358632785,6.5628188071276075,1
0022500506,2026-01-05,1.2035727390705375,-15.283143936314502,16.48671667538504,401.46468140571415,-1,1,0,0.4,7.599999999999994,-10.200000000000003,17.799999999999997,1.2035727390705375,-15.283143936314502,16.48671667538504,0
0022500507,2026-01-05,-1.7144079540550763,-8.633403759255543,6.918995805200467,-160.54594284676318,1,0,1,0.39999999999999997,4.0,-3.200000000000003,7.200000000000003,-1.7144079540550763,-8.633403759255543,6.918995805200467,0
0022500508,2026-01-05,11.445833275166152,-4.171841530103848,15.617674805270005,-50.906440354362076,0,0,0,0.20000000000000007,-0.20000000000000284,-15.799999999999997,15.599999999999994,11.445833275166152,-4.171841530103848,15.617674805270005,1
0022500509,2026-01-05,-2.97639168356109,-7.216606030666668,4.240214347105561,131.44432205897442,0,0,0,0.4,-4.200000000000003,-8.0,3.799999999999997,-2.97639168356109,-7.216606030666668,4.240214347105561,1
0022500510,2026-01-06,0.8408762645445904,12.902157018964658,-12.061280754420078,-138.57010595531278,0,0,0,-0.6,4.0,17.0,-13.0,0.8408762645445904,12.902157018964658,-12.061280754420078,0
0022500511,2026-01-06,-6.351930618356619,-2.6803814005695585,-3.6715492177870854,-216.94869814260255,0,0,0,0.0,-5.799999999999997,-2.200000000000003,-3.5999999999999943,-6.351930618356619,-2.6803814005695585,-3.6715492177870854,1
0022500512,2026-01-06,-0.5509176745700017,-4.511298673673323,3.960380999103336,-135.23003400614334,-1,0,0,-0.2,5.199999999999989,1.4000000000000057,3.799999999999983,-0.5509176745700017,-4.511298673673323,3.960380999103336,1
0022500513,2026-01-06,0.7733974646326658,7.233837569433788,-6.460440104801114,120.36289126256133,0,0,0,-0.20000000000000007,-7.200000000000003,-0.4000000000000057,-6.799999999999997,0.7733974646326658,7.233837569433788,-6.460440104801114,1
0022500514,2026-01-06,-4.650469245546475,4.924601989267899,-9.575071234814372,-264.0644711389766,0,0,0,-0.6,-0.5999999999999943,10.200000000000003,-10.799999999999997,-4.650469245546475,4.924601989267899,-9.575071234814372,0
0022500515,2026-01-06,-6.266154891721641,13.449606181029836,-19.715761072751476,-53.24765852600308,-1,0,0,-0.2,-13.199999999999989,5.799999999999997,-18.999999999999986,-6.266154891721641,13.449606181029836,-19.715761072751476,0
0022500516,2026-01-07,4.345444150167978,8.419825109995102,-4.074380959827115,-134.06558069999755,0,0,0,-0.4,-1.5999999999999943,3.3999999999999915,-4.999999999999986,4.345444150167978,8.419825109995102,-4.074380959827115,0
0022500517,2026-01-07,5.136892160470396,-10.48380053844302,15.620692698913444,153.20128679570416,0,0,0,0.19999999999999996,3.5999999999999943,-11.799999999999997,15.399999999999991,5.136892160470396,-10.48380053844302,15.620692698913444,1
0022500518,2026-01-07,4.3311563192623055,1.5419455688432464,2.7892107504190675,108.45161388115139,1,0,1,0.0,10.200000000000003,7.400000000000006,2.799999999999997,4.3311563192623055,1.5419455688432464,2.7892107504190675,1
0022500519,2026-01-07,3.1527072297640046,-6.722007571614412,9.8747148013784,160.32990733556062,1,0,1,0.4,4.3999999999999915,-5.800000000000011,10.200000000000003,3.1527072297640046,-6.722007571614412,9.8747148013784,1
0022500520,2026-01-07,9.682467216973876,-10.670092847812711,20.352560064786584,27.680212228122173,0,0,0,0.4,8.199999999999989,-11.799999999999997,19.999999999999986,9.682467216973876,-10.670092847812711,20.352560064786584,0
0022500521,2026-01-07,1.8211719970339857,6.643688554561663,-4.822516557527695,-170.30047561046467,2,0,1,0.0,-5.3999999999999915,-0.7999999999999972,-4.599999999999994,1.8211719970339857,6.643688554561663,-4.822516557527695,0
0022500522,2026-01-07,-11.461888899363274,7.119158653921247,-18.581047553284535,77.94727202379636,0,0,0,-0.6000000000000001,-1.7999999999999972,16.60000000000001,-18.400000000000006,-11.461888899363274,7.119158653921247,-18.581047553284535,1
0022500523,2026-01-07,-7.210944006294227,-1.3790340977669757,-5.831909908527246,19.877118847375414,0,1,1,-0.4,-3.4000000000000057,2.3999999999999915,-5.799999999999997,-7.210944006294227,-1.3790340977669757,-5.831909908527246,1
0022500524,2026-01-07,-6.881286205971392,1.52372409932984,-8.405010305301227,-79.9379940513279,-1,1,0,-0.39999999999999997,5.3999999999999915,14.199999999999989,-8.799999999999997,-6.881286205971392,1.52372409932984,-8.405010305301227,0
0022500525,2026-01-07,-0.3854325232614002,-17.188596799846323,16.803164276584944,379.7306811218266,0,0,0,0.39999999999999997,3.8000000000000114,-14.200000000000003,18.000000000000014,-0.3854325232614002,-17.188596799846323,16.803164276584944,1
0022500526,2026-01-07,-3.750820056099016,5.158346964291582,-8.9091670203906,57.02851096667359,-1,0,0,-0.20000000000000007,-2.799999999999997,6.200000000000003,-9.0,-3.750820056099016,5.158346964291582,-8.9091670203906,1
0022500527,2026-01-07,-0.8015709893560086,6.213843448088738,-7.015414437444761,-128.2414607830367,0,0,0,0.0,5.3999999999999915,12.0,-6.6000000000000085,-0.8015709893560086,6.213843448088738,-7.015414437444761,1
0022500528,2026-01-08,3.5072109006446226,-8.966568689496881,12.473779590141508,-37.550371829002415,-1,1,0,0.4,-1.4000000000000057,-13.799999999999997,12.399999999999991,3.5072109006446226,-8.966568689496881,12.473779590141508,0
0022500530,2026-01-08,7.16535673096287,-0.5236526570938054,7.689009388056701,51.728410460438454,0,0,0,0.0,8.200000000000003,-0.20000000000000284,8.400000000000006,7.16535673096287,-0.5236526570938054,7.689009388056701,1
0022500531,2026-01-08,5.949808560081578,14.789672536133509,-8.839863976051953,-87.94812939493022,-1,1,0,-0.4,5.799999999999997,14.600000000000009,-8.800000000000011,5.949808560081578,14.789672536133509,-8.839863976051953,1
0022500532,2026-01-09,15.602955462341669,8.681855456271151,6.921100006070494,122.12384774468342,0,0,0,0.0,12.200000000000003,6.0,6.200000000000003,15.602955462341669,8.681855456271151,6.921100006070494,1
0022500533,2026-01-09,-12.290897144746381,-2.0192618692635733,-10.271635275482797,85.3822696714983,0,0,0,-0.20000000000000007,-14.0,-3.3999999999999915,-10.600000000000009,-12.290897144746381,-2.0192618692635733,-10.271635275482797,0
0022500534,2026-01-09,10.8487213409458,0.6141905235656253,10.234530817380177,45.04506758548632,0,0,0,0.6,8.399999999999991,-2.5999999999999943,10.999999999999986,10.8487213409458,0.6141905235656253,10.234530817380177,0
0022500535,2026-01-09,-11.434121828459183,0.9932636752019306,-12.427385503661117,-160.51974513815048,0,0,0,-0.39999999999999997,-9.199999999999989,3.1999999999999886,-12.399999999999977,-11.434121828459183,0.9932636752019306,-12.427385503661117,0
0022500536,2026-01-09,-3.863775483644133,9.589210110778112,-13.452985594422273,-273.92931148156276,0,0,0,-0.39999999999999997,-2.200000000000003,12.599999999999994,-14.799999999999997,-3.863775483644133,9.589210110778112,-13.452985594422273,0
0022500537,2026-01-09,7.1703758624837945,12.347245465091532,-5.176869602607707,181.1044448287082,0,0,0,0.0,-0.6000000000000085,4.800000000000011,-5.40000000000002,7.1703758624837945,12.347245465091532,-5.176869602607707,0
0022500538,2026-01-09,2.143355924760769,-12.343353487384675,14.486709412145466,-34.76422631281548,0,0,0,0.39999999999999997,0.20000000000000284,-14.600000000000009,14.800000000000011,2.143355924760769,-12.343353487384675,14.486709412145466,1
0022500539,2026-01-09,15.279714499392938,-2.4298147511022705,17.70952925049521,188.25716124429528,-1,0,0,0.6,15.400000000000006,-1.7999999999999972,17.200000000000003,15.279714499392938,-2.4298147511022705,17.70952925049521,1
0022500540,2026-01-09,0.49521153011284014,4.081430829545468,-3.586219299432622,-106.61932271009641,0,0,0,0.20000000000000007,4.0,7.400000000000006,-3.4000000000000057,0.49521153011284014,4.081430829545468,-3.586219299432622,1
0022500541,2026-01-09,-9.522218713896834,-2.351853466098291,-7.170365247798569,73.6829220057275,0,0,0,0.0,-6.0,1.3999999999999915,-7.3999999999999915,-9.522218713896834,-2.351853466098291,-7.170365247798569,0
0022500542,2026-01-10,-3.34439066617405,3.2120414660047913,-6.556432132178855,-63.51014605995738,0,0,0,-0.20000000000000007,-5.400000000000006,2.0,-7.400000000000006,-3.34439066617405,3.2120414660047913,-6.556432132178855,1
0022500543,2026-01-10,0.5991725523023774,6.980482473924326,-6.381309921621956,-67.16560156098467,-2,0,0,-0.39999999999999997,-3.799999999999997,2.8000000000000114,-6.6000000000000085,0.5991725523023774,6.980482473924326,-6.381309921621956,1
0022500544,2026-01-10,-3.068806799598022,-18.87575598440307,15.806949184805053,106.75461213242124,2,0,1,0.20000000000000007,3.0,-12.0,15.0,-3.068806799598022,-18.87575598440307,15.806949184805053,0
0022500545,2026-01-10,17.950885911188692,9.037938724855152,8.91294718633353,48.26478783570769,-2,1,0,0.20000000000000007,7.400000000000006,-0.8000000000000114,8.200000000000017,17.950885911188692,9.037938724855152,8.91294718633353,0
0022500546,2026-01-10,4.514643593539887,6.770942574513043,-2.2562989809731615,31.500368982797227,1,0,0,0.0,-1.2000000000000028,0.20000000000000284,-1.4000000000000057,4.514643593539887,6.770942574513043,-2.2562989809731615,1
0022500547,2026-01-10,-4.218608337418857,12.572046249392542,-16.790654586811417,13.112158552446772,0,0,0,-0.2,1.5999999999999943,18.400000000000006,-16.80000000000001,-4.218608337418857,12.572046249392542,-16.790654586811417,0
0022500548,2026-01-11,5.786162576107515,2.2899598683897437,3.4962027077177735,219.3092858857051,0,0,0,0.2,2.0,-1.6000000000000085,3.6000000000000085,5.786162576107515,2.2899598683897437,3.4962027077177735,1
0022500549,2026-01-11,-2.2417412653511803,-6.008932625836479,3.767191360485305,116.07994511313177,0,0,0,0.0,5.0,1.6000000000000085,3.3999999999999915,-2.2417412653511803,-6.008932625836479,3.767191360485305,1
0022500550,2026-01-11,-5.018293769220918,1.9633957932861108,-6.981689562507023,45.267499265799415,0,0,0,-0.20000000000000007,-8.400000000000006,-1.7999999999999972,-6.6000000000000085,-5.018293769220918,1.9633957932861108,-6.981689562507023,1
0022500551,2026-01-11,10.199062077316853,-8.219795653346523,18.41885773066338,-73.9047486557472,0,0,0,0.8,10.0,-8.400000000000006,18.400000000000006,10.199062077316853,-8.219795653346523,18.41885773066338,0
0022500552,2026-01-11,20.134927593166182,13.550531015902664,6.584396577263508,-1.7764979570683863,0,1,1,0.20000000000000007,21.599999999999994,14.400000000000006,7.199999999999989,20.134927593166182,13.550531015902664,6.584396577263508,1
0022500553,2026-01-11,11.319696291396639,2.6789488569100257,8.640747434486624,271.72623672893747,1,0,1,0.19999999999999996,5.599999999999994,-4.199999999999989,9.799999999999983,11.319696291396639,2.6789488569100257,8.640747434486624,1
0022500554,2026-01-11,-4.132999791399683,5.818514633067892,-9.95151442446757,118.87443784559196,0,0,0,-0.19999999999999996,-3.799999999999997,6.0,-9.799999999999997,-4.132999791399683,5.818514633067892,-9.95151442446757,1
0022500555,2026-01-11,6.531164966674041,-10.84032317914641,17.371488145820454,253.14746948917332,0,0,0,0.4,-1.6000000000000085,-19.799999999999997,18.19999999999999,6.531164966674041,-10.84032317914641,17.371488145820454,1
0022500556,2026-01-11,10.490793580003924,11.177127993003296,-0.6863344129993747,85.98320713590533,0,0,0,0.0,4.200000000000003,5.200000000000003,-1.0,10.490793580003924,11.177127993003296,-0.6863344129993747,0
0022500557,2026-01-11,-5.824225027425001,16.734365151800887,-22.558590179225863,-239.39582226678817,0,0,0,-0.4,-4.799999999999997,16.799999999999997,-21.599999999999994,-5.824225027425001,16.734365151800887,-22.558590179225863,1
0022500558,2026-01-12,11.226271185327974,-7.266151823015321,18.492423008343323,208.7834533283799,0,0,0,0.39999999999999997,8.799999999999997,-10.0,18.799999999999997,11.226271185327974,-7.266151823015321,18.492423008343323,0
0022500559,2026-01-12,-11.067371887724164,-2.2256104263301495,-8.84176146139403,-206.17793049432112,0,0,0,-0.19999999999999996,0.3999999999999915,8.399999999999991,-8.0,-11.067371887724164,-2.2256104263301495,-8.84176146139403,1
0022500560,2026-01-12,-1.898151418290695,1.1982500822774682,-3.0964015005681826,57.36070036096862,0,1,1,0.20000000000000007,-4.199999999999989,-1.6000000000000085,-2.59999999999998,-1.898151418290695,1.1982500822774682,-3.0964015005681826,0
0022500561,2026-01-12,-5.785529125549715,-6.6708572294867,0.88532810393699,89.65923668368464,1,0,1,0.2,1.3999999999999915,0.7999999999999972,0.5999999999999943,-5.785529125549715,-6.6708572294867,0.88532810393699,1
0022500562,2026-01-12,-5.418044325118743,8.101376222700608,-13.519420547819346,-168.148578516312,-2,1,0,-0.39999999999999997,-7.799999999999997,5.799999999999997,-13.599999999999994,-5.418044325118743,8.101376222700608,-13.519420547819346,1
0022500563,2026-01-12,-5.151484702308608,17.52598571738791,-22.677470419696505,169.44471153068935,0,0,0,0.0,-9.200000000000003,13.199999999999989,-22.39999999999999,-5.151484702308608,17.52598571738791,-22.677470419696505,1
0022500564,2026-01-13,-12.100472569081717,6.4932408926899825,-18.59371346177168,-106.08016505536875,0,0,0,-0.6000000000000001,-0.20000000000000284,19.400000000000006,-19.60000000000001,-12.100472569081717,6.4932408926899825,-18.59371346177168,1
0022500565,2026-01-13,-4.435994525780146,-3.5732271768025186,-0.8627673489776377,118.23296478813336,-1,0,0,-0.2,-6.0,-4.799999999999997,-1.2000000000000028,-4.435994525780146,-3.5732271768025186,-0.8627673489776377,1
0022500566,2026-01-13,-5.665071365537415,1.7922436391417307,-7.457315004679122,-116.21537505115361,0,0,0,-0.20000000000000007,-14.600000000000009,-6.400000000000006,-8.200000000000003,-5.665071365537415,1.7922436391417307,-7.457315004679122,0
0022500567,2026-01-13,-7.269291426860704,-6.174398999856663,-1.0948924270040346,-325.26622877836326,0,0,0,-0.39999999999999997,1.2000000000000028,2.5999999999999943,-1.3999999999999915,-7.269291426860704,-6.174398999856663,-1.0948924270040346,0
0022500568,2026-01-13,7.341445430460794,13.029335484174311,-5.687890053713508,144.162914700109,0,0,0,0.19999999999999996,9.400000000000006,14.799999999999997,-5.3999999999999915,7.341445430460794,13.029335484174311,-5.687890053713508,1
0022500569,2026-01-13,0.06600165320874396,7.501508405938395,-7.435506752729671,46.45953544470922,-1,1,0,-0.19999999999999996,-6.599999999999994,0.5999999999999943,-7.199999999999989,0.06600165320874396,7.501508405938395,-7.435506752729671,1
0022500570,2026-01-13,4.322248624993335,1.4238891380073113,2.8983594869860294,37.34911683081009,0,0,0,-0.20000000000000007,2.5999999999999943,0.0,2.5999999999999943,4.322248624993335,1.4238891380073113,2.8983594869860294,1
0022500571,2026-01-14,3.3185805302150158,-0.0065976523044639634,3.3251781825194766,-68.20809950851435,0,0,0,0.0,5.599999999999994,2.200000000000003,3.3999999999999915,3.3185805302150158,-0.0065976523044639634,3.3251781825194766,0
0022500572,2026-01-14,-3.163217172814541,-13.753821692501447,10.590604519686886,-69.18011060215622,0,0,0,0.19999999999999996,-4.400000000000006,-14.799999999999997,10.399999999999991,-3.163217172814541,-13.753821692501447,10.590604519686886,0
0022500573,2026-01-14,-1.2780816496934904,-7.628350531933052,6.350268882239578,98.13316233091678,-1,1,0,-0.2,-9.0,-16.200000000000003,7.200000000000003,-1.2780816496934904,-7.628350531933052,6.350268882239578,1
0022500574,2026-01-14,-1.3851005470197464,-0.7719792796711005,-0.6131212673486344,-37.145671713472666,-1,1,0,0.0,5.400000000000006,5.799999999999997,-0.3999999999999915,-1.3851005470197464,-0.7719792796711005,-0.6131212673486344,1
0022500575,2026-01-14,-6.676078518025605,-7.892839993159939,1.216761475134342,-196.99847767213123,1,0,1,-0.20000000000000007,-2.4000000000000057,-3.200000000000003,0.7999999999999972,-6.676078518025605,-7.892839993159939,1.216761475134342,0
0022500576,2026-01-14,-2.6797368350521538,-2.255597874015507,-0.4241389610366433,-212.06534627418182,-1,0,0,0.0,-5.6000000000000085,-5.199999999999989,-0.4000000000000199,-2.6797368350521538,-2.255597874015507,-0.4241389610366433,1
0022500577,2026-01-14,9.613703183803409,-9.251098885142909,18.864802068946325,220.67856738866885,-1,0,0,0.6000000000000001,1.0,-18.599999999999994,19.599999999999994,9.613703183803409,-9.251098885142909,18.864802068946325,1
0022500578,2026-01-15,4.98439036024547,1.0863994779595032,3.8979908822859697,61.892712666796115,0,0,0,0.19999999999999996,6.599999999999994,2.799999999999997,3.799999999999997,4.98439036024547,1.0863994779595032,3.8979908822859697,1
0022500579,2026-01-15,-3.9400087919799063,-5.423802894171899,1.4837941021920162,45.65935151495228,3,0,0,0.0,-2.3999999999999915,-3.200000000000003,0.8000000000000114,-3.9400087919799063,-5.423802894171899,1.4837941021920162,1
0022500580,2026-01-15,-11.809251375960656,-2.4875864411646944,-9.321664934795956,-136.0942317695533,-1,0,0,0.0,3.200000000000003,13.200000000000003,-10.0,-11.809251375960656,-2.4875864411646944,-9.321664934795956,0
0022500581,2026-01-15,-3.799043576358173,0.6628837259715112,-4.461927302329679,-154.68011950087407,0,0,0,-0.4,-12.400000000000006,-8.0,-4.400000000000006,-3.799043576358173,0.6628837259715112,-4.461927302329679,0
0022500582,2026-01-15,-10.510456931003816,-14.34993801738969,3.839481086385871,109.09487333389393,0,0,0,0.0,-6.0,-10.200000000000003,4.200000000000003,-10.510456931003816,-14.34993801738969,3.839481086385871,1
0022500583,2026-01-15,-4.148102866453698,-10.044953175027217,5.8968503085735335,60.88469313705855,0,1,1,0.0,-8.400000000000006,-14.199999999999989,5.799999999999983,-4.148102866453698,-10.044953175027217,5.8968503085735335,1
0022500584,2026-01-15,6.260789204288159,-8.960852775832947,15.221641980121106,-38.6962652125203,1,0,1,0.19999999999999996,9.0,-6.0,15.0,6.260789204288159,-8.960852775832947,15.221641980121106,1
0022500585,2026-01-15,0.6015718067479838,3.186218701161309,-2.5846468944133223,18.622698280886425,0,0,0,0.0,-1.0,1.7999999999999972,-2.799999999999997,0.6015718067479838,3.186218701161309,-2.5846468944133223,1
0022500586,2026-01-15,-6.003158666159763,7.880023700331577,-13.88318236649134,178.68006305736003,-1,0,0,0.0,-7.0,7.0,-14.0,-6.003158666159763,7.880023700331577,-13.88318236649134,0
0022500587,2026-01-16,-6.473913232175079,-3.2836122471815514,-3.1903009849935184,-147.57982789335915,0,0,0,-0.4,-7.200000000000003,-3.5999999999999943,-3.6000000000000085,-6.473913232175079,-3.2836122471815514,-3.1903009849935184,1
0022500588,2026-01-16,-3.7343650613175896,-7.23214990971681,3.497784848399212,120.46915168108171,0,0,0,0.19999999999999996,-5.199999999999989,-9.0,3.8000000000000114,-3.7343650613175896,-7.23214990971681,3.497784848399212,1
0022500589,2026-01-16,-8.31991283817402,-8.256557837518812,-0.06335500065518662,-90.94960715707293,0,0,0,0.0,-12.399999999999991,-11.799999999999997,-0.5999999999999943,-8.31991283817402,-8.256557837518812,-0.06335500065518662,0
0022500590,2026-01-16,-7.269602936665379,0.6106419947144843,-7.880244931379886,-26.56589258829308,0,0,0,-0.20000000000000007,-3.799999999999997,3.6000000000000085,-7.400000000000006,-7.269602936665379,0.6106419947144843,-7.880244931379886,0
0022500591,2026-01-16,-16.38804164235556,1.7518078607177756,-18.13984950307335,-37.26629920319169,-2,1,0,-0.6000000000000001,-23.0,-4.400000000000006,-18.599999999999994,-16.38804164235556,1.7518078607177756,-18.13984950307335,1
0022500592,2026-01-16,11.310894138571399,-1.6361768385541922,12.947070977125579,88.4686851277686,0,0,0,0.39999999999999997,2.5999999999999943,-10.800000000000011,13.400000000000006,11.310894138571399,-1.6361768385541922,12.947070977125579,1
0022500593,2026-01-17,2.0236501630951693,-10.819938036470532,12.843588199565673,72.2331401450474,0,0,0,0.0,1.0,-12.399999999999991,13.399999999999991,2.0236501630951693,-10.819938036470532,12.843588199565673,1
0022500594,2026-01-17,-3.9774074002548048,-5.8525416702570965,1.875134270002289,-149.2240339042762,0,0,0,0.19999999999999996,4.599999999999994,2.6000000000000085,1.9999999999999858,-3.9774074002548048,-5.8525416702570965,1.875134270002289,0
0022500595,2026-01-17,-2.993204097957957,-9.105010271879664,6.111806173921693,188.10602215642052,1,0,1,0.0,-4.0,-9.0,5.0,-2.993204097957957,-9.105010271879664,6.111806173921693,1
0022500596,2026-01-17,4.322843401574204,12.753776152735739,-8.430932751161533,21.75012212437855,0,0,0,-0.19999999999999996,0.0,8.400000000000006,-8.400000000000006,4.322843401574204,12.753776152735739,-8.430932751161533,0
0022500597,2026-01-17,-11.990786646568068,10.906110574597832,-22.8968972211659,-287.1054175482086,0,0,0,-0.8,-10.799999999999997,13.399999999999991,-24.19999999999999,-11.990786646568068,10.906110574597832,-22.8968972211659,1
0022500598,2026-01-17,-15.17823686910198,-13.425325773879536,-1.7529110952224585,-13.357455815575577,1,0,1,0.0,-17.19999999999999,-15.400000000000006,-1.799999999999983,-15.17823686910198,-13.425325773879536,-1.7529110952224585,1
0022500599,2026-01-17,1.2956585279131758,0.613336261130641,0.6823222667825526,180.23966383970583,0,0,0,0.4,2.1999999999999886,2.0,0.19999999999998863,1.2956585279131758,0.613336261130641,0.6823222667825526,1
0022500600,2026-01-17,11.056797724126724,-5.852402399741479,16.909200123868214,327.03875725275384,2,0,1,0.8,3.799999999999997,-13.799999999999997,17.599999999999994,11.056797724126724,-5.852402399741479,16.909200123868214,1
0022500601,2026-01-17,-8.121360602735976,-11.789754199937263,3.668393597201302,-16.50757632620457,0,0,0,0.39999999999999997,-4.0,-7.400000000000006,3.4000000000000057,-8.121360602735976,-11.789754199937263,3.668393597201302,1
0022500602,2026-01-18,-2.108681103654291,1.7936826272134994,-3.9023637308677674,-73.1940507361553,0,0,0,-0.19999999999999996,-3.799999999999997,0.0,-3.799999999999997,-2.108681103654291,1.7936826272134994,-3.9023637308677674,1
0022500603,2026-01-18,5.977848758904955,1.2559329170768905,4.721915841828055,124.85790735498927,0,0,0,0.2,7.0,2.0,5.0,5.977848758904955,1.2559329170768905,4.721915841828055,1
0022500604,2026-01-18,-12.12001704251027,-6.921223209892958,-5.198793832617333,294.7209440947704,0,0,0,0.0,-14.800000000000011,-9.200000000000003,-5.6000000000000085,-12.12001704251027,-6.921223209892958,-5.198793832617333,1
0022500605,2026-01-18,-10.44938716381371,-2.117050119896888,-8.332337043916842,263.27139830826786,0,1,1,0.4,-13.200000000000003,-5.0,-8.200000000000003,-10.44938716381371,-2.117050119896888,-8.332337043916842,0
0022500606,2026-01-18,10.156987089535434,8.563125828631456,1.5938612609040148,-106.60562534017367,1,0,1,0.20000000000000007,1.3999999999999915,-0.20000000000000284,1.5999999999999943,10.156987089535434,8.563125828631456,1.5938612609040148,0
0022500607,2026-01-18,8.218264734149557,11.146943524434718,-2.9286787902851557,13.865372232712389,-1,1,0,-0.2,4.0,7.0,-3.0,8.218264734149557,11.146943524434718,-2.9286787902851557,1
0022500014,2026-01-19,0.33235071264743965,-5.491296004569719,5.823646717217153,-16.7070755759064,-2,0,0,0.2,5.6000000000000085,0.19999999999998863,5.40000000000002,0.33235071264743965,-5.491296004569719,5.823646717217153,0
0022500015,2026-01-19,3.40101633368144,9.989004954325495,-6.587988620644029,-177.71821704494369,1,0,0,-0.20000000000000007,7.799999999999997,14.200000000000003,-6.400000000000006,3.40101633368144,9.989004954325495,-6.587988620644029,0
0022500016,2026-01-19,-6.564934122069303,3.065315741946307,-9.6302498640156,131.1582174724374,0,0,0,-0.39999999999999997,-13.600000000000009,-4.0,-9.600000000000009,-6.564934122069303,3.065315741946307,-9.6302498640156,0
0022500017,2026-01-19,-7.297099651457103,-17.84379846808841,10.546698816631318,-13.02571556252542,0,0,0,0.20000000000000007,-3.4000000000000057,-14.200000000000003,10.799999999999997,-7.297099651457103,-17.84379846808841,10.546698816631318,1
0022500608,2026-01-19,-14.282312965835445,9.733924779397455,-24.0162377452329,-244.84342001810955,-1,0,0,-1.0,-8.200000000000003,16.0,-24.200000000000003,-14.282312965835445,9.733924779397455,-24.0162377452329,0
0022500609,2026-01-19,6.756224046640057,2.753677141814933,4.002546904825107,27.911846941573003,1,0,0,-0.19999999999999996,5.599999999999994,1.7999999999999972,3.799999999999997,6.756224046640057,2.753677141814933,4.002546904825107,1
0022500610,2026-01-19,-2.9825051064809287,8.969081194276782,-11.951586300757702,-240.8136893892181,-1,1,0,-0.39999999999999997,-5.200000000000003,6.200000000000003,-11.400000000000006,-2.9825051064809287,8.969081194276782,-11.951586300757702,0
0022500611,2026-01-19,-2.648391034461497,-19.87425386951257,17.22586283505105,255.97477438959686,0,0,0,0.39999999999999997,-8.0,-26.0,18.0,-2.648391034461497,-19.87425386951257,17.22586283505105,1
0022500612,2026-01-19,15.99587989494016,-5.382347406844303,21.378227301784467,76.62321890180601,0,0,0,0.4,11.0,-10.800000000000011,21.80000000000001,15.99587989494016,-5.382347406844303,21.378227301784467,1
0022500613,2026-01-20,-3.022321313517196,3.543249104500717,-6.565570418017941,-118.70662756629918,0,1,1,-0.19999999999999996,-1.0,5.6000000000000085,-6.6000000000000085,-3.022321313517196,3.543249104500717,-6.565570418017941,0
0022500614,2026-01-20,6.421568401848091,7.171452708537345,-0.7498843066892276,-93.96173807446166,1,0,1,-0.4,6.799999999999997,7.400000000000006,-0.6000000000000085,6.421568401848091,7.171452708537345,-0.7498843066892276,1
0022500615,2026-01-20,-4.173776994471723,0.8009957046747616,-4.974772699146504,-15.45172848533798,1,0,1,0.0,-6.3999999999999915,-1.4000000000000057,-4.999999999999986,-4.173776994471723,0.8009957046747616,-4.974772699146504,1
0022500616,2026-01-20,-4.875828768444137,6.049753297956272,-10.925582066400409,-256.5016492815073,-2,1,0,-0.2,-0.7999999999999972,10.799999999999997,-11.599999999999994,-4.875828768444137,6.049753297956272,-10.925582066400409,1
0022500617,2026-01-20,-5.896658035693903,-6.475924629231471,0.5792665935375481,97.57875278234292,0,0,0,0.4,-8.0,-9.200000000000003,1.2000000000000028,-5.896658035693903,-6.475924629231471,0.5792665935375481,0
0022500618,2026-01-20,17.019650818983507,0.389299469977459,16.630351349006045,71.84276797364873,-1,1,0,0.4,16.80000000000001,0.0,16.80000000000001,17.019650818983507,0.389299469977459,16.630351349006045,0
0022500619,2026-01-20,8.943564311561431,-5.954088401192834,14.897652712754287,-81.53122765299258,1,0,1,0.4,-0.4000000000000057,-15.200000000000003,14.799999999999997,8.943564311561431,-5.954088401192834,14.897652712754287,0
0022500620,2026-01-21,8.763369442217154,-5.654034055361038,14.4174034975782,-164.211484050973,1,0,0,0.0,1.5999999999999943,-12.599999999999994,14.199999999999989,8.763369442217154,-5.654034055361038,14.4174034975782,0
0022500621,2026-01-21,8.504786580755876,-6.3648278453075875,14.86961442606345,206.45892564588735,0,0,0,0.0,7.400000000000006,-8.399999999999991,15.799999999999997,8.504786580755876,-6.3648278453075875,14.86961442606345,1
0022500622,2026-01-21,-6.538930432722168,-7.024863096527184,0.485932663805011,226.16508934194076,0,0,0,0.0,-3.200000000000003,-3.1999999999999886,-1.4210854715202004e-14,-6.538930432722168,-7.024863096527184,0.485932663805011,1
0022500623,2026-01-21,1.9485909846472396,-7.722880183130371,9.671471167777597,12.144245536822154,1,0,0,0.2,-0.6000000000000085,-10.799999999999997,10.199999999999989,1.9485909846472396,-7.722880183130371,9.671471167777597,0
0022500624,2026-01-21,14.463823723281536,31.040047285150038,-16.576223561868517,-329.96755087002884,1,0,0,-0.6000000000000001,9.200000000000003,26.39999999999999,-17.19999999999999,14.463823723281536,31.040047285150038,-16.576223561868517,0
0022500625,2026-01-21,-12.271721047199222,13.643247279777839,-25.914968326977096,-254.71951155281067,0,0,0,-0.4,-16.400000000000006,10.0,-26.400000000000006,-12.271721047199222,13.643247279777839,-25.914968326977096,0
0022500626,2026-01-21,5.619045652207419,1.4824818560789765,4.136563796128439,-122.04800870734334,0,1,1,0.19999999999999996,3.799999999999997,0.20000000000000284,3.5999999999999943,5.619045652207419,1.4824818560789765,4.136563796128439,0
0022500627,2026-01-22,-6.084080639401506,-2.2355441902507067,-3.8485364491508163,136.4484363177753,3,0,1,0.19999999999999996,-1.4000000000000057,2.0,-3.4000000000000057,-6.084080639401506,-2.2355441902507067,-3.8485364491508163,0
0022500628,2026-01-22,2.9496857452192273,6.182996109364211,-3.2333103641450034,-153.23137128131134,0,0,0,-0.4,2.0,5.400000000000006,-3.4000000000000057,2.9496857452192273,6.182996109364211,-3.2333103641450034,1
0022500629,2026-01-22,-9.348650750644666,-1.0763955717058593,-8.272255178938826,-303.3045152539885,1,0,0,-0.6,-4.200000000000003,5.0,-9.200000000000003,-9.348650750644666,-1.0763955717058593,-8.272255178938826,0
0022500630,2026-01-22,-5.014519598949661,-3.8968875543941834,-1.1176320445554904,-100.57536652342651,1,0,0,0.0,-5.0,-4.199999999999989,-0.8000000000000114,-5.014519598949661,-3.8968875543941834,-1.1176320445554904,1
0022500631,2026-01-22,-7.886795953276575,-3.1715268610348915,-4.715269092241689,118.320043448663,0,0,0,-0.19999999999999996,-3.8000000000000114,0.6000000000000085,-4.40000000000002,-7.886795953276575,-3.1715268610348915,-4.715269092241689,0
0022500632,2026-01-22,0.6623898319974018,11.599130930262675,-10.936741098265259,-238.70418212991922,0,0,0,-0.39999999999999997,6.599999999999994,18.200000000000003,-11.600000000000009,0.6623898319974018,11.599130930262675,-10.936741098265259,0
0022500633,2026-01-22,-3.8526585477371498,-1.319884498415604,-2.5327740493215685,11.117497447145752,0,0,0,0.20000000000000007,-4.3999999999999915,-1.5999999999999943,-2.799999999999997,-3.8526585477371498,-1.319884498415604,-2.5327740493215685,1
0022500634,2026-01-22,-3.80843257161807,-6.71736768346004,2.90893511184199,34.16311926395383,2,0,0,0.0,-5.599999999999994,-8.600000000000009,3.000000000000014,-3.80843257161807,-6.71736768346004,2.90893511184199,1
0022500635,2026-01-23,-4.061569975836974,-13.982898274031754,9.921328298194789,39.61907949124361,1,0,1,0.20000000000000007,-3.1999999999999886,-14.400000000000006,11.200000000000017,-4.061569975836974,-13.982898274031754,9.921328298194789,0
0022500636,2026-01-23,-8.520393167928589,7.22997654487888,-15.75036971280745,-120.66792136474942,-1,0,0,-0.39999999999999997,-3.3999999999999915,12.599999999999994,-15.999999999999986,-8.520393167928589,7.22997654487888,-15.75036971280745,1
0022500637,2026-01-23,-9.133764904669462,17.319005207456982,-26.452770112126473,-305.59126288983725,0,0,0,-0.39999999999999997,-11.799999999999997,13.799999999999997,-25.599999999999994,-9.133764904669462,17.319005207456982,-26.452770112126473,0
0022500638,2026-01-23,-7.5863876636326495,-7.93960051041941,0.3532128467867466,186.66448297318948,0,0,0,0.19999999999999996,-3.200000000000003,-3.4000000000000057,0.20000000000000284,-7.5863876636326495,-7.93960051041941,0.3532128467867466,1
0022500639,2026-01-23,-1.7441254255129053,-9.792633224009492,8.048507798496587,159.9116531857403,0,0,0,0.2,2.5999999999999943,-5.3999999999999915,7.999999999999986,-1.7441254255129053,-9.792633224009492,8.048507798496587,0
0022500640,2026-01-23,-5.9232064114299305,6.873408134153436,-12.796614545583358,-120.2718958722985,1,0,1,-0.39999999999999997,-3.0,10.399999999999991,-13.399999999999991,-5.9232064114299305,6.873408134153436,-12.796614545583358,0
0022500641,2026-01-23,20.4516927735001,-11.578305619569306,32.029998393069384,340.1214630303848,0,0,0,0.6000000000000001,18.799999999999997,-14.0,32.8,20.4516927735001,-11.578305619569306,32.029998393069384,0
0022500642,2026-01-23,-3.6171561454777077,-5.540132503549486,1.9229763580717751,11.661842183063527,-1,1,0,0.20000000000000007,-0.4000000000000057,-2.3999999999999915,1.9999999999999858,-3.6171561454777077,-5.540132503549486,1.9229763580717751,0
0022500643,2026-01-24,4.48059753009079,10.34686046454054,-5.866262934449725,-92.34267424918039,-1,0,0,0.2,8.599999999999994,13.600000000000009,-5.000000000000014,4.48059753009079,10.34686046454054,-5.866262934449725,0
0022500645,2026-01-24,9.499056605125944,-9.358354748708464,18.857411353834422,103.26077063863977,0,0,0,0.6,6.800000000000011,-10.799999999999997,17.60000000000001,9.499056605125944,-9.358354748708464,18.857411353834422,1
0022500646,2026-01-24,-3.484461492524474,6.120185780078145,-9.604647272602639,-63.2487552274838,1,0,1,-0.4,-5.6000000000000085,3.8000000000000114,-9.40000000000002,-3.484461492524474,6.120185780078145,-9.604647272602639,0
0022500647,2026-01-24,6.174894583506543,4.705861950258566,1.4690326332479877,-142.6132046912678,1,0,1,0.0,3.200000000000003,2.200000000000003,1.0,6.174894583506543,4.705861950258566,1.4690326332479877,1
0022500648,2026-01-24,6.297958344020344,-7.352492285783342,13.650450629803695,-69.06775660375024,0,0,0,0.4,13.199999999999989,-1.3999999999999915,14.59999999999998,6.297958344020344,-7.352492285783342,13.650450629803695,0
0022500649,2026-01-24,-0.16655000061180658,6.574895608086109,-6.741445608697885,-125.25996075659486,0,0,0,-0.2,0.0,7.0,-7.0,-0.16655000061180658,6.574895608086109,-6.741445608697885,0
0022500644,2026-01-25,-5.831486408312642,-2.650449572125538,-3.1810368361871126,34.99097315598169,0,0,0,-0.39999999999999997,-7.0,-4.0,-3.0,-5.831486408312642,-2.650449572125538,-3.1810368361871126,0
0022500650,2026-01-25,-9.36300809076053,-22.856487653278165,13.493479562517631,242.57172093199006,0,0,0,0.6000000000000001,-6.6000000000000085,-21.200000000000003,14.599999999999994,-9.36300809076053,-22.856487653278165,13.493479562517631,1
0022500653,2026-01-25,3.7376978948774138,-5.244889521749386,8.982587416626767,205.2116535512714,0,0,0,0.0,3.1999999999999886,-5.799999999999997,8.999999999999986,3.7376978948774138,-5.244889521749386,8.982587416626767,0
0022500654,2026-01-25,2.380181029166721,-10.222915643752614,12.603096672919353,300.3681644162193,1,0,0,0.4,3.5999999999999943,-8.799999999999997,12.399999999999991,2.380181029166721,-10.222915643752614,12.603096672919353,0
0022500655,2026-01-25,-2.2766268909175835,-4.109379623328351,1.8327527324107706,83.95756389661688,1,0,1,0.0,-13.0,-14.200000000000003,1.2000000000000028,-2.2766268909175835,-4.109379623328351,1.8327527324107706,0
0022500656,2026-01-25,8.199235995526877,-10.81031331569261,19.00954931121947,238.00165998645411,1,0,0,0.6000000000000001,9.800000000000011,-7.799999999999997,17.60000000000001,8.199235995526877,-10.81031331569261,19.00954931121947,1
0022500657,2026-01-26,-1.7892683151007986,-7.4146709441696,5.625402629068802,-46.37159644958251,0,0,0,0.19999999999999996,-3.799999999999997,-8.400000000000006,4.6000000000000085,-1.7892683151007986,-7.4146709441696,5.625402629068802,1
0022500658,2026-01-26,-0.10352288429710654,-8.133131677067468,8.029608792770334,85.35647163793419,0,0,0,0.4,0.0,-7.3999999999999915,7.3999999999999915,-0.10352288429710654,-8.133131677067468,8.029608792770334,1
0022500659,2026-01-26,2.475019652237421,-1.3073015515296902,3.7823212037671343,43.35550132102844,0,0,0,0.0,4.200000000000003,0.0,4.200000000000003,2.475019652237421,-1.3073015515296902,3.7823212037671343,1
0022500660,2026-01-26,0.4008958150692763,0.9669019419071674,-0.5660061268378929,103.9508756334044,-1,0,0,-0.20000000000000007,0.7999999999999972,1.3999999999999915,-0.5999999999999943,0.4008958150692763,0.9669019419071674,-0.5660061268378929,1
0022500661,2026-01-26,10.243415470947909,0.5991988262590553,9.644216644688843,-40.38349108569082,0,0,0,0.20000000000000007,8.799999999999997,-0.7999999999999972,9.599999999999994,10.243415470947909,0.5991988262590553,9.644216644688843,0
0022500662,2026-01-26,-0.4862341262122243,-3.270185678599887,2.7839515523876286,168.9997067118686,0,0,0,0.4,-3.200000000000003,-5.800000000000011,2.6000000000000085,-0.4862341262122243,-3.270185678599887,2.7839515523876286,1
0022500663,2026-01-26,-10.704994575308547,6.0496632295178046,-16.75465780482634,7.589037244698147,0,1,1,-0.6,-14.799999999999997,2.5999999999999943,-17.39999999999999,-10.704994575308547,6.0496632295178046,-16.75465780482634,1
0022500664,2026-01-27,-2.3897104422976128,8.6818062471948,-11.071516689492388,-220.58328163701503,2,0,1,-0.6,-4.0,7.400000000000006,-11.400000000000006,-2.3897104422976128,8.6818062471948,-11.071516689492388,1
0022500665,2026-01-27,0.1458327120945455,-16.793353554688238,16.939186266782812,191.58363556727227,1,0,0,0.4,-5.799999999999997,-22.0,16.200000000000003,0.1458327120945455,-16.793353554688238,16.939186266782812,1
0022500666,2026-01-27,3.7521069224141,-4.448701123588577,8.20080804600267,-37.18670775138162,-3,1,0,0.2,6.3999999999999915,-1.6000000000000085,8.0,3.7521069224141,-4.448701123588577,8.20080804600267,1
0022500667,2026-01-27,5.910497697694282,-5.087140593956249,10.99763829165055,392.72755849864166,0,0,0,0.0,4.599999999999994,-6.400000000000006,11.0,5.910497697694282,-5.087140593956249,10.99763829165055,1
0022500668,2026-01-27,-1.892699885484518,13.714796735613803,-15.607496621098322,-0.8340541710620073,2,0,0,-0.20000000000000007,-11.200000000000003,5.0,-16.200000000000003,-1.892699885484518,13.714796735613803,-15.607496621098322,0
0022500669,2026-01-27,10.967012277032595,-16.41778883052615,27.38480110755874,246.98485803727863,0,0,0,0.6,10.599999999999994,-15.799999999999997,26.39999999999999,10.967012277032595,-16.41778883052615,27.38480110755874,1
0022500670,2026-01-27,-2.827575822910376,16.329704054740503,-19.15727987765086,-208.93397180029888,1,0,0,-0.6000000000000001,0.6000000000000085,20.39999999999999,-19.799999999999983,-2.827575822910376,16.329704054740503,-19.15727987765086,0
0022500671,2026-01-28,-4.85851420074907,-0.6263683358310743,-4.232145864918001,30.86358921180522,0,0,0,0.0,-4.0,0.7999999999999972,-4.799999999999997,-4.85851420074907,-0.6263683358310743,-4.232145864918001,1
0022500672,2026-01-28,-24.84173498245447,-0.4450314634833745,-24.396703518971112,-61.47034108789626,0,0,0,-0.6000000000000001,-19.0,6.3999999999999915,-25.39999999999999,-24.84173498245447,-0.4450314634833745,-24.396703518971112,1
0022500673,2026-01-28,-0.6320358066557077,-5.640873044363175,5.008837237707479,142.5227767619317,0,0,0,0.0,-3.4000000000000057,-8.599999999999994,5.199999999999989,-0.6320358066557077,-5.640873044363175,5.008837237707479,0
0022500674,2026-01-28,10.314027211137073,-5.428300340357495,15.742327551494562,19.299944113959327,1,0,0,0.39999999999999997,16.599999999999994,0.6000000000000085,15.999999999999986,10.314027211137073,-5.428300340357495,15.742327551494562,0
0022500675,2026-01-28,4.335036308150066,10.026092490137913,-5.691056181987832,-18.119690298755813,2,0,1,0.20000000000000007,8.399999999999991,12.599999999999994,-4.200000000000003,4.335036308150066,10.026092490137913,-5.691056181987832,0
0022500676,2026-01-28,-5.3228614572616095,13.379058182672381,-18.70191963993399,19.62379772738359,0,0,0,-0.6000000000000001,3.0,21.200000000000003,-18.200000000000003,-5.3228614572616095,13.379058182672381,-18.70191963993399,0
0022500677,2026-01-28,11.742828938579464,-2.1062656896199456,13.849094628199419,-119.71887424229226,2,0,0,0.6000000000000001,15.200000000000003,0.5999999999999943,14.600000000000009,11.742828938579464,-2.1062656896199456,13.849094628199419,0
0022500678,2026-01-28,3.2539849088188504,15.886866880107405,-12.632881971288601,-206.6431931569232,-1,1,0,-0.2,-1.2000000000000028,12.0,-13.200000000000003,3.2539849088188504,15.886866880107405,-12.632881971288601,0
0022500679,2026-01-28,-1.6282861860110671,-2.887344027789055,1.2590578417779827,17.55449980502476,-1,0,0,0.20000000000000007,-1.0,-2.0,1.0,-1.6282861860110671,-2.887344027789055,1.2590578417779827,0
0022500529,2026-01-29,2.5573199626710448,2.9954005897748885,-0.438080627103826,-13.940786145048378,0,1,1,0.0,-4.400000000000006,-3.4000000000000057,-1.0,2.5573199626710448,2.9954005897748885,-0.438080627103826,0
0022500680,2026-01-29,5.178696914653344,-4.377999327878356,9.556696242531707,81.68908920129343,0,0,0,0.4,6.3999999999999915,-3.0,9.399999999999991,5.178696914653344,-4.377999327878356,9.556696242531707,1
0022500681,2026-01-29,-1.0422777797018625,-8.096341281622443,7.054063501920599,-166.27497879873363,0,0,0,0.0,2.1999999999999886,-4.800000000000011,7.0,-1.0422777797018625,-8.096341281622443,7.054063501920599,1
0022500682,2026-01-29,5.853731940663764,0.11068334239502065,5.743048598268729,-96.09114865320839,0,1,1,0.20000000000000007,8.399999999999991,2.200000000000003,6.199999999999989,5.853731940663764,0.11068334239502065,5.743048598268729,0
0022500683,2026-01-29,-3.663281514115397,7.146540385433951,-10.809821899549345,14.674772344974372,0,1,1,-0.20000000000000007,3.5999999999999943,14.0,-10.400000000000006,-3.663281514115397,7.146540385433951,-10.809821899549345,0
0022500684,2026-01-29,5.985928957325612,-11.331071452448342,17.31700040977396,293.53260124803387,0,0,0,0.4,2.0,-15.399999999999991,17.39999999999999,5.985928957325612,-11.331071452448342,17.31700040977396,1
0022500685,2026-01-29,0.25411688336929217,4.660071293741041,-4.405954410371768,-68.16109901747222,0,0,0,-0.20000000000000007,-3.0,1.7999999999999972,-4.799999999999997,0.25411688336929217,4.660071293741041,-4.405954410371768,1
0022500686,2026-01-29,-12.368201786433815,-1.561075464538746,-10.807126321895046,-141.3461310180569,-1,1,0,-0.19999999999999996,-5.800000000000011,5.0,-10.800000000000011,-12.368201786433815,-1.561075464538746,-10.807126321895046,1
0022500687,2026-01-30,-8.573682050369882,8.210520378653015,-16.784202429022905,-34.86169869278183,0,0,0,-0.6000000000000001,-6.0,10.600000000000009,-16.60000000000001,-8.573682050369882,8.210520378653015,-16.784202429022905,1
0022500688,2026-01-30,-7.0041123794892854,-8.733968962389625,1.7298565829003194,-229.54255174828904,-1,1,0,-0.19999999999999996,-4.199999999999989,-6.0,1.8000000000000114,-7.0041123794892854,-8.733968962389625,1.7298565829003194,0
0022500689,2026-01-30,-0.2052648906764034,-14.450603588817145,14.245338698140745,245.98836486429877,1,0,1,0.6,5.3999999999999915,-9.0,14.399999999999991,-0.2052648906764034,-14.450603588817145,14.245338698140745,1
0022500690,2026-01-30,8.342900437083202,-9.75914407050496,18.102044507588158,80.10386912462968,-1,0,0,0.4,0.7999999999999972,-15.800000000000011,16.60000000000001,8.342900437083202,-9.75914407050496,18.102044507588158,1
0022500691,2026-01-30,-1.998991832859602,-2.9364813229442035,0.9374894900846016,-93.33477688248445,1,0,0,0.2,-5.0,-5.799999999999997,0.7999999999999972,-1.998991832859602,-2.9364813229442035,0.9374894900846016,1
0022500693,2026-01-30,-8.816429538761227,3.4054154666368532,-12.221845005398109,-16.963829122658808,-1,1,0,-0.4,-7.599999999999994,4.3999999999999915,-11.999999999999986,-8.816429538761227,3.4054154666368532,-12.221845005398109,1
0022500694,2026-01-30,10.431558501903396,2.748309059225818,7.683249442677603,24.35186616609758,1,0,1,0.2,18.599999999999994,12.200000000000003,6.3999999999999915,10.431558501903396,2.748309059225818,7.683249442677603,0
0022500695,2026-01-30,-2.6313153204746413,2.822554805878667,-5.453870126353302,43.05766118165661,-2,1,0,-0.20000000000000007,-8.599999999999994,-3.200000000000003,-5.3999999999999915,-2.6313153204746413,2.822554805878667,-5.453870126353302,1
0022500696,2026-01-30,-4.331547462024858,-1.4032194211484068,-2.9283280408764254,-67.67750879429718,1,0,1,-0.19999999999999996,3.200000000000003,6.599999999999994,-3.3999999999999915,-4.331547462024858,-1.4032194211484068,-2.9283280408764254,0
0022500692,2026-01-31,0.9688505193211512,-3.744039251349605,4.712889770670773,38.795862957897725,0,0,0,0.19999999999999996,6.599999999999994,1.4000000000000057,5.199999999999989,0.9688505193211512,-3.744039251349605,4.712889770670773,0
0022500697,2026-01-31,10.235556859329137,-1.3355080819471254,11.571064941276287,-164.84232465573064,-1,0,0,0.4,9.399999999999991,-2.0,11.399999999999991,10.235556859329137,-1.3355080819471254,11.571064941276287,1
0022500698,2026-01-31,-3.1414620559284288,6.241150923830375,-9.382612979758804,-52.564913898036366,1,0,0,-0.4,-3.0,7.3999999999999915,-10.399999999999991,-3.1414620559284288,6.241150923830375,-9.382612979758804,1
0022500699,2026-01-31,8.927492996143059,12.825353499132191,-3.8978605029891327,120.06220578488342,1,0,1,0.0,6.400000000000006,10.600000000000009,-4.200000000000003,8.927492996143059,12.825353499132191,-3.8978605029891327,1
0022500700,2026-01-31,1.8543233055866466,13.490227403697702,-11.635904098111048,-181.25489579002124,-1,1,0,-0.6,0.4000000000000057,12.200000000000003,-11.799999999999997,1.8543233055866466,13.490227403697702,-11.635904098111048,0
0022500701,2026-01-31,1.409045498368414,-1.6692405543631423,3.0782860527315394,177.68600243311494,0,0,0,0.19999999999999996,-5.799999999999997,-8.200000000000003,2.4000000000000057,1.409045498368414,-1.6692405543631423,3.0782860527315394,1
0022500702,2026-02-01,1.9779860064464856,-10.940968507755969,12.918954514202463,152.621664898576,-1,0,0,0.39999999999999997,5.200000000000003,-7.6000000000000085,12.800000000000011,1.9779860064464856,-10.940968507755969,12.918954514202463,1
0022500703,2026-02-01,-0.9063539574491415,-10.876013270707631,9.969659313258498,82.81256066177252,-1,1,0,0.0,-3.799999999999997,-13.400000000000006,9.600000000000009,-0.9063539574491415,-10.876013270707631,9.969659313258498,1
0022500704,2026-02-01,4.753988205168952,-3.7937924348407677,8.547780640009725,310.2133774735389,0,0,0,0.39999999999999997,10.0,0.8000000000000114,9.199999999999989,4.753988205168952,-3.7937924348407677,8.547780640009725,1
0022500705,2026-02-01,0.9062973709799707,-5.667570872542072,6.573868243522057,11.205671017859231,0,1,1,0.19999999999999996,7.200000000000003,0.3999999999999915,6.800000000000011,0.9062973709799707,-5.667570872542072,6.573868243522057,1
0022500706,2026-02-01,1.40513867844777,-13.260985812888592,14.666124491336351,206.79868010400924,0,0,0,0.6,-0.7999999999999972,-16.0,15.200000000000003,1.40513867844777,-13.260985812888592,14.666124491336351,1
0022500707,2026-02-01,-1.5787200253110285,-8.809471054530604,7.230751029219567,-50.77072825222149,0,0,0,0.4,4.400000000000006,-2.4000000000000057,6.800000000000011,-1.5787200253110285,-8.809471054530604,7.230751029219567,1
0022500708,2026-02-01,2.505819515376146,-23.024662657426532,25.5304821728027,31.384785900905854,0,0,0,0.4,-1.7999999999999972,-25.799999999999997,24.0,2.505819515376146,-23.024662657426532,25.5304821728027,1
0022500709,2026-02-01,-3.3343949286099956,-4.108804906499046,0.7744099778890017,22.24935335782243,0,0,0,0.0,-4.200000000000003,-4.799999999999997,0.5999999999999943,-3.3343949286099956,-4.108804906499046,0.7744099778890017,0
0022500710,2026-02-01,-18.876604822453828,-0.4708648131086477,-18.405740009345173,-88.76803152003481,0,0,0,-0.6000000000000001,-14.199999999999989,3.5999999999999943,-17.799999999999983,-18.876604822453828,-0.4708648131086477,-18.405740009345173,0
0022500711,2026-02-01,3.647832499026592,0.2716444497815047,3.3761880492451075,-95.80529709142434,-1,0,0,0.4,-1.4000000000000057,-4.400000000000006,3.0,3.647832499026592,0.2716444497815047,3.3761880492451075,0
0022500712,2026-02-02,8.22634384532357,-3.562754480073906,11.789098325397491,119.95597372004636,0,0,0,0.4,7.0,-4.799999999999997,11.799999999999997,8.22634384532357,-3.562754480073906,11.789098325397491,1
0022500713,2026-02-02,1.286981840964657,10.547272712519344,-9.260290871554654,-163.60179355670311,0,0,0,-0.20000000000000007,9.200000000000003,18.39999999999999,-9.199999999999989,1.286981840964657,10.547272712519344,-9.260290871554654,0
0022500714,2026-02-02,-1.6633800837998507,17.224077349891715,-18.88745743369157,-196.6609401906121,0,0,0,-0.8,-4.400000000000006,14.799999999999997,-19.200000000000003,-1.6633800837998507,17.224077349891715,-18.88745743369157,1
0022500715,2026-02-02,0.19625389353149103,-15.132414321528643,15.328668215060137,111.80865235034412,-1,1,0,0.20000000000000007,0.20000000000000284,-15.599999999999994,15.799999999999997,0.19625389353149103,-15.132414321528643,15.328668215060137,0
0022500716,2026-02-03,3.636374251593537,-7.744880537436558,11.381254789030095,32.096841286501785,0,0,0,0.20000000000000007,11.200000000000003,-0.8000000000000114,12.000000000000014,3.636374251593537,-7.744880537436558,11.381254789030095,1
0022500717,2026-02-03,8.755512931851896,-4.191937866641183,12.947450798493069,118.5282072579007,-1,1,0,0.6,9.399999999999991,-4.0,13.399999999999991,8.755512931851896,-4.191937866641183,12.947450798493069,0
0022500718,2026-02-03,-9.552047240650154,11.696015320014297,-21.248062560664447,-271.5941135427704,0,0,0,-0.4,-1.3999999999999915,19.599999999999994,-20.999999999999986,-9.552047240650154,11.696015320014297,-21.248062560664447,0
0022500719,2026-02-03,-16.190611712077654,2.212152208915086,-18.402763920992726,-224.36269808971838,0,0,0,-0.39999999999999997,-21.200000000000003,-2.4000000000000057,-18.799999999999997,-16.190611712077654,2.212152208915086,-18.402763920992726,0
0022500720,2026-02-03,1.6581283161635696,-4.081322234448024,5.739450550611585,19.23492905534704,-1,0,0,0.0,6.799999999999997,1.2000000000000028,5.599999999999994,1.6581283161635696,-4.081322234448024,5.739450550611585,0
0022500721,2026-02-03,-4.183707604473611,8.114945467417542,-12.298653071891128,-191.4952915608544,1,0,0,-0.39999999999999997,5.6000000000000085,17.19999999999999,-11.59999999999998,-4.183707604473611,8.114945467417542,-12.298653071891128,0
0022500722,2026-02-03,-2.4000971437393304,3.5579843465539938,-5.958081490293321,-19.011915198439965,0,0,0,-0.2,-11.0,-6.200000000000003,-4.799999999999997,-2.4000971437393304,3.5579843465539938,-5.958081490293321,1
0022500723,2026-02-03,1.5638964556642634,-2.9360768805284465,4.499973336192724,215.34705459890802,0,0,0,0.0,-3.5999999999999943,-8.0,4.400000000000006,1.5638964556642634,-2.9360768805284465,4.499973336192724,1
0022500724,2026-02-03,-17.259121242265692,-15.91732460930396,-1.3417966329617428,68.96816625623387,3,0,1,-0.4,-4.800000000000011,-3.799999999999997,-1.0000000000000142,-17.259121242265692,-15.91732460930396,-1.3417966329617428,0
0022500725,2026-02-03,-13.037127759031463,1.4078347582167794,-14.444962517248252,-84.05614537704832,0,0,0,-0.6,-6.0,9.0,-15.0,-13.037127759031463,1.4078347582167794,-14.444962517248252,0
0022500726,2026-02-04,2.6994568012275266,-20.12614817902835,22.82560498025589,-1.2395957907783668,0,1,1,0.6,5.0,-17.799999999999997,22.799999999999997,2.6994568012275266,-20.12614817902835,22.82560498025589,1
0022500727,2026-02-04,-11.619950921579473,2.5270433184327032,-14.146994240012177,-54.575495362694255,1,0,0,-0.20000000000000007,-15.199999999999989,-0.4000000000000057,-14.799999999999983,-11.619950921579473,2.5270433184327032,-14.146994240012177,0
0022500728,2026-02-04,-2.0192402539047265,4.612438430804019,-6.631678684708735,-6.3177902890984114,1,0,1,0.0,0.5999999999999943,6.800000000000011,-6.200000000000017,-2.0192402539047265,4.612438430804019,-6.631678684708735,0
0022500729,2026-02-04,2.134474505664116,9.296860509361068,-7.162386003696957,136.45844898868359,-1,1,0,-0.2,1.7999999999999972,8.200000000000003,-6.400000000000006,2.134474505664116,9.296860509361068,-7.162386003696957,1
0022500730,2026-02-04,-2.983432480696024,0.5926525348704246,-3.5760850155664574,-124.98357400769714,2,0,1,0.0,-3.0,0.4000000000000057,-3.4000000000000057,-2.983432480696024,0.5926525348704246,-3.5760850155664574,1
0022500731,2026-02-04,-3.159063045191033,1.868606831475276,-5.027669876666289,-61.74948581144963,1,0,0,-0.2,-6.799999999999997,-2.0,-4.799999999999997,-3.159063045191033,1.868606831475276,-5.027669876666289,0
0022500732,2026-02-04,-2.1411327412691037,2.9523060619866186,-5.093438803255694,-36.28575953097561,-1,0,0,-0.20000000000000007,-5.0,-0.7999999999999972,-4.200000000000003,-2.1411327412691037,2.9523060619866186,-5.093438803255694,0
0022500733,2026-02-05,9.757739606457179,-7.959845212384181,17.71758481884133,328.5269064759789,0,0,0,0.20000000000000007,7.599999999999994,-10.600000000000009,18.200000000000003,9.757739606457179,-7.959845212384181,17.71758481884133,0
0022500734,2026-02-05,2.7813912006941592,-2.1944044629273805,4.975795663621563,186.02881992960965,0,0,0,0.2,11.200000000000003,6.199999999999989,5.000000000000014,2.7813912006941592,-2.1944044629273805,4.975795663621563,1
0022500735,2026-02-05,2.74472219605461,-7.021212692204358,9.765934888258968,159.7261614877459,0,0,0,0.39999999999999997,5.799999999999997,-4.599999999999994,10.399999999999991,2.74472219605461,-7.021212692204358,9.765934888258968,1
0022500736,2026-02-05,3.4324236175272773,-2.0096844323458356,5.442108049873101,52.83299892613195,-1,1,0,0.2,-1.2000000000000028,-6.800000000000011,5.6000000000000085,3.4324236175272773,-2.0096844323458356,5.442108049873101,1
0022500737,2026-02-05,-6.868261385459505,7.697998806673425,-14.566260192132903,148.6665924707977,-2,1,0,-0.4,-10.599999999999994,4.0,-14.599999999999994,-6.868261385459505,7.697998806673425,-14.566260192132903,0
0022500738,2026-02-05,-3.489118922836724,6.525085252327926,-10.014204175164618,-191.37707598531688,1,0,1,-0.6,0.5999999999999943,11.0,-10.400000000000006,-3.489118922836724,6.525085252327926,-10.014204175164618,0
0022500739,2026-02-05,13.089178825937537,7.698045464235662,5.3911333617018755,47.86219049789429,0,0,0,0.4,3.3999999999999915,-1.6000000000000085,5.0,13.089178825937537,7.698045464235662,5.3911333617018755,0
0022500740,2026-02-05,-10.397188791411097,0.31535136654368046,-10.71254015795478,62.97995951043731,0,0,0,-0.4,-4.400000000000006,5.0,-9.400000000000006,-10.397188791411097,0.31535136654368046,-10.71254015795478,1
0022500741,2026-02-06,5.885880137596999,-5.356334228766585,11.24221436636358,149.53164445974153,-1,0,0,0.4,-11.600000000000009,-21.39999999999999,9.799999999999983,5.885880137596999,-5.356334228766585,11.24221436636358,1
0022500742,2026-02-06,-7.322702221474316,6.852818666472629,-14.175520887946938,20.411485355792138,-1,1,0,-0.4,-5.200000000000003,9.0,-14.200000000000003,-7.322702221474316,6.852818666472629,-14.175520887946938,1
0022500743,2026-02-06,-0.16055804792932804,3.9063841003732165,-4.066942148302568,46.04185608546186,-1,0,0,0.0,-4.3999999999999915,-1.5999999999999943,-2.799999999999997,-0.16055804792932804,3.9063841003732165,-4.066942148302568,1
0022500744,2026-02-06,11.376718076903074,0.20187994900099682,11.17483812790206,274.1393327897099,0,0,0,0.6000000000000001,14.599999999999994,3.1999999999999886,11.400000000000006,11.376718076903074,0.20187994900099682,11.17483812790206,0
0022500745,2026-02-06,-13.148112829146655,-6.052752316966931,-7.095360512179738,47.41675147636283,1,0,0,-0.4,-9.0,-1.2000000000000028,-7.799999999999997,-13.148112829146655,-6.052752316966931,-7.095360512179738,1
0022500746,2026-02-06,-4.2139952828002265,0.22561378039620195,-4.439609063196429,-203.13289201563634,0,0,0,-0.4,-3.4000000000000057,0.5999999999999943,-4.0,-4.2139952828002265,0.22561378039620195,-4.439609063196429,0
0022500747,2026-02-07,-7.432383137284759,1.7099080835479725,-9.142291220832748,-19.737453881048168,0,0,0,-0.39999999999999997,-13.399999999999991,-4.6000000000000085,-8.799999999999983,-7.432383137284759,1.7099080835479725,-9.142291220832748,1
0022500748,2026-02-07,3.8061957529522914,-4.033158927658818,7.839354680611089,123.6712774949865,1,0,0,0.0,9.0,1.4000000000000057,7.599999999999994,3.8061957529522914,-4.033158927658818,7.839354680611089,0
0022500749,2026-02-07,6.500863375415776,-8.711330420883044,15.212193796298825,206.2350067017078,0,0,0,0.8,4.799999999999997,-11.0,15.799999999999997,6.500863375415776,-8.711330420883044,15.212193796298825,1
0022500750,2026-02-07,0.48916979914920944,-3.2575335702370154,3.746703369386202,174.4970742978246,0,0,0,0.39999999999999997,0.6000000000000085,-3.3999999999999915,4.0,0.48916979914920944,-3.2575335702370154,3.746703369386202,1
0022500751,2026-02-07,0.03841318327266663,7.81381813192138,-7.775404948648699,25.610584430313793,0,0,0,-0.4,3.5999999999999943,11.0,-7.400000000000006,0.03841318327266663,7.81381813192138,-7.775404948648699,0
0022500752,2026-02-07,-14.112712869926895,-0.18443365458894334,-13.928279215337948,-129.0309228313056,-1,0,0,-0.2,-7.3999999999999915,6.200000000000003,-13.599999999999994,-14.112712869926895,-0.18443365458894334,-13.928279215337948,0
0022500753,2026-02-07,9.049526254521268,1.7576097349073336,7.291916519613946,14.646867886094242,0,0,0,0.19999999999999996,8.599999999999994,0.6000000000000085,7.999999999999986,9.049526254521268,1.7576097349073336,7.291916519613946,1
0022500754,2026-02-07,-7.401270859978766,0.3097427526502088,-7.711013612628968,79.41349810853603,0,0,0,-0.20000000000000007,-6.599999999999994,0.20000000000000284,-6.799999999999997,-7.401270859978766,0.3097427526502088,-7.711013612628968,0
0022500755,2026-02-07,-7.426556371488601,-6.312832079987487,-1.1137242915011116,59.40582444620554,0,1,1,-0.2,-4.400000000000006,-3.1999999999999886,-1.200000000000017,-7.426556371488601,-6.312832079987487,-1.1137242915011116,1
0022500756,2026-02-07,-9.743565247889194,14.336693011955234,-24.080258259844424,-270.1615849379193,-2,1,0,-0.8,-11.599999999999994,11.799999999999997,-23.39999999999999,-9.743565247889194,14.336693011955234,-24.080258259844424,0
0022500757,2026-02-08,-1.5713179373145039,-11.239722071489084,9.668404134174557,43.07153777757776,0,0,0,0.19999999999999996,-8.799999999999997,-16.39999999999999,7.599999999999994,-1.5713179373145039,-11.239722071489084,9.668404134174557,0
0022500758,2026-02-08,2.1030331025539226,18.956567077041527,-16.853533974487593,-158.16346172877184,-1,1,0,0.0,-2.3999999999999915,15.200000000000003,-17.599999999999994,2.1030331025539226,18.956567077041527,-16.853533974487593,0
0022500759,2026-02-08,-1.9797245676875406,-1.3069121030903261,-0.6728124645972313,110.27744250911474,1,0,0,0.0,-1.8000000000000114,-0.7999999999999972,-1.0000000000000142,-1.9797245676875406,-1.3069121030903261,-0.6728124645972313,1
0022500760,2026-02-08,12.547430809760684,2.2290285342564857,10.318402275504209,27.2129383112474,0,0,0,0.19999999999999996,16.200000000000003,5.800000000000011,10.399999999999991,12.547430809760684,2.2290285342564857,10.318402275504209,0
0022500761,2026-02-09,-6.956678474026333,5.781365922049801,-12.738044396076152,-145.1573001012805,-1,0,0,0.19999999999999996,-9.799999999999997,2.4000000000000057,-12.200000000000003,-6.956678474026333,5.781365922049801,-12.738044396076152,0
0022500762,2026-02-09,-2.187941470369111,-5.849542477258112,3.6616010068890024,-131.83061623904837,0,0,0,0.2,-7.599999999999994,-11.400000000000006,3.8000000000000114,-2.187941470369111,-5.849542477258112,3.6616010068890024,1
0022500763,2026-02-09,1.922091940942778,-10.733337436762838,12.655429377705627,163.93277211270697,-1,1,0,0.2,5.799999999999997,-7.3999999999999915,13.199999999999989,1.922091940942778,-10.733337436762838,12.655429377705627,0
0022500764,2026-02-09,-2.886126734803497,-3.7111284664800195,0.8250017316765392,34.798512540447746,-1,0,0,0.0,1.5999999999999943,1.5999999999999943,0.0,-2.886126734803497,-3.7111284664800195,0.8250017316765392,1
0022500765,2026-02-09,5.768434115433152,4.914854935170297,0.8535791802628667,81.59185412457646,-1,1,0,0.0,4.199999999999989,3.6000000000000085,0.5999999999999801,5.768434115433152,4.914854935170297,0.8535791802628667,1
0022500766,2026-02-09,2.592105820649465,-3.042529315753569,5.634635136403031,11.738466963862038,1,0,0,0.4,2.3999999999999915,-3.0,5.3999999999999915,2.592105820649465,-3.042529315753569,5.634635136403031,1
0022500767,2026-02-09,-1.312797173516259,11.825703984913417,-13.138501158429685,-10.799246854416424,0,0,0,-0.4,-2.1999999999999886,11.0,-13.199999999999989,-1.312797173516259,11.825703984913417,-13.138501158429685,0
0022500768,2026-02-09,-7.849602240338228,-11.11644166529095,3.2668394249527064,123.43254036744088,0,0,0,0.0,-10.400000000000006,-14.199999999999989,3.799999999999983,-7.849602240338228,-11.11644166529095,3.2668394249527064,1
0022500769,2026-02-09,1.7457461844866202,-3.1244516739448045,4.870197858431435,-130.64844303612858,0,0,0,0.4,3.799999999999997,-1.5999999999999943,5.3999999999999915,1.7457461844866202,-3.1244516739448045,4.870197858431435,0
0022500770,2026-02-09,-8.683371821353603,6.481724413953572,-15.16509623530716,-14.589277451163753,0,0,0,-0.4,0.20000000000000284,14.800000000000011,-14.600000000000009,-8.683371821353603,6.481724413953572,-15.16509623530716,1
0022500771,2026-02-10,5.446362308983879,-7.336627082173834,12.782989391157708,199.79571173590512,0,0,0,0.6000000000000001,0.20000000000000284,-13.0,13.200000000000003,5.446362308983879,-7.336627082173834,12.782989391157708,0
0022500772,2026-02-10,-3.417947314960614,0.5333438409301436,-3.95129115589076,38.52003578474432,1,0,0,0.0,-3.4000000000000057,-0.4000000000000057,-3.0,-3.417947314960614,0.5333438409301436,-3.95129115589076,1
0022500773,2026-02-10,3.1964215351128615,-1.004065702440144,4.200487237553006,142.5783289121764,0,0,0,0.4,-5.400000000000006,-10.400000000000006,5.0,3.1964215351128615,-1.004065702440144,4.200487237553006,1
0022500774,2026-02-10,-5.470544541381813,0.9226801842972208,-6.393224725679033,-62.25306530266971,-2,1,0,-0.20000000000000007,-9.600000000000009,-2.799999999999997,-6.800000000000011,-5.470544541381813,0.9226801842972208,-6.393224725679033,0
0022500775,2026-02-11,-2.997609106223763,-11.177667974327164,8.180058868103412,-2.184321414390297,0,0,0,0.4,-11.0,-19.60000000000001,8.600000000000009,-2.997609106223763,-11.177667974327164,8.180058868103412,1
0022500776,2026-02-11,11.984946350059872,-9.378342261680174,21.363288611740053,306.5700749314674,-1,0,0,0.4,12.199999999999989,-9.799999999999997,21.999999999999986,11.984946350059872,-9.378342261680174,21.363288611740053,1
0022500777,2026-02-11,-4.8550992829748765,-9.531206847753765,4.676107564778869,47.40614001410381,0,0,0,0.0,-0.7999999999999972,-4.400000000000006,3.6000000000000085,-4.8550992829748765,-9.531206847753765,4.676107564778869,0
0022500778,2026-02-11,4.88062481960435,-22.93051906577452,27.811143885378875,184.83943379127527,1,0,0,0.8,-6.0,-33.60000000000001,27.60000000000001,4.88062481960435,-22.93051906577452,27.811143885378875,1
0022500779,2026-02-11,-7.755820555383551,-0.9092260235431695,-6.846594531840384,-96.75286557225354,1,0,1,0.2,-8.400000000000006,-1.7999999999999972,-6.6000000000000085,-7.755820555383551,-0.9092260235431695,-6.846594531840384,0
0022500780,2026-02-11,6.481380013623252,5.169383227328439,1.3119967862948156,-101.95743322688668,1,0,1,0.0,-1.6000000000000085,-1.6000000000000085,0.0,6.481380013623252,5.169383227328439,1.3119967862948156,0
0022500781,2026-02-11,-2.464165379380603,10.494768145038847,-12.958933524419438,-108.88588463358815,1,0,0,-0.20000000000000007,-0.20000000000000284,12.200000000000003,-12.400000000000006,-2.464165379380603,10.494768145038847,-12.958933524419438,0
0022500782,2026-02-11,-0.5298793054211757,-3.6195365883114192,3.0896572828902604,50.943438973243246,0,1,1,0.19999999999999996,-0.7999999999999972,-4.6000000000000085,3.8000000000000114,-0.5298793054211757,-3.6195365883114192,3.0896572828902604,0
0022500783,2026-02-11,-1.4475886891882368,4.351062408492567,-5.798651097680814,78.50521624463681,0,0,0,-0.19999999999999996,-4.599999999999994,1.0,-5.599999999999994,-1.4475886891882368,4.351062408492567,-5.798651097680814,1
0022500784,2026-02-11,2.33378085001398,10.929971941785226,-8.596191091771242,-126.83197940653872,0,0,0,0.0,-0.5999999999999943,8.799999999999997,-9.399999999999991,2.33378085001398,10.929971941785226,-8.596191091771242,0
0022500785,2026-02-11,-2.967665827037493,9.240509378629696,-12.208175205667185,-152.1820177417976,-1,1,0,-0.19999999999999996,-7.400000000000006,4.3999999999999915,-11.799999999999997,-2.967665827037493,9.240509378629696,-12.208175205667185,0
0022500786,2026-02-11,0.06956431782158745,-8.724774250192326,8.794338568013924,21.235978212497002,0,0,0,0.4,2.8000000000000114,-6.0,8.800000000000011,0.06956431782158745,-8.724774250192326,8.794338568013924,1
0022500787,2026-02-11,-0.5169353765589335,-2.317721203426615,1.8007858268677013,177.28469865170132,0,0,0,-0.2,0.6000000000000085,-1.2000000000000028,1.8000000000000114,-0.5169353765589335,-2.317721203426615,1.8007858268677013,1
0022500788,2026-02-11,-12.303751888190803,6.758529493362062,-19.062281381552857,-88.16191685029321,1,0,1,-0.6,-21.0,-1.2000000000000028,-19.799999999999997,-12.303751888190803,6.758529493362062,-19.062281381552857,0
0022500789,2026-02-12,1.4339947192072628,-7.010077159725299,8.44407187893258,232.63396733702757,0,1,1,-0.20000000000000007,0.5999999999999943,-7.6000000000000085,8.200000000000003,1.4339947192072628,-7.010077159725299,8.44407187893258,0
0022500790,2026-02-12,-2.65485375230692,-6.952054453899223,4.297200701592283,-136.96589433628083,0,1,1,0.0,-4.6000000000000085,-8.799999999999997,4.199999999999989,-2.65485375230692,-6.952054453899223,4.297200701592283,0
0022500791,2026-02-12,1.9861710142299245,-5.220601575454722,7.206772589684661,142.72498197904838,0,0,0,0.6,0.20000000000000284,-7.200000000000003,7.400000000000006,1.9861710142299245,-5.220601575454722,7.206772589684661,1
0022500792,2026-02-19,3.850067748350668,-4.954365795023264,8.804433543373943,-112.16273181350584,0,0,0,0.4,8.600000000000009,0.20000000000000284,8.400000000000006,3.850067748350668,-4.954365795023264,8.804433543373943,0
0022500793,2026-02-19,15.602048977621592,-4.753028385648392,20.35507736326999,303.44243384340984,0,0,0,0.6,15.199999999999989,-5.6000000000000085,20.799999999999997,15.602048977621592,-4.753028385648392,20.35507736326999,1
0022500794,2026-02-19,-2.488530495202454,2.322733252887957,-4.811263748090438,10.2138626755102,0,0,0,0.0,-9.200000000000003,-3.799999999999997,-5.400000000000006,-2.488530495202454,2.322733252887957,-4.811263748090438,0
0022500795,2026-02-19,-6.091218013576238,6.437732607759173,-12.528950621335419,-123.5806782282682,0,0,0,-0.2,-4.6000000000000085,8.799999999999983,-13.399999999999991,-6.091218013576238,6.437732607759173,-12.528950621335419,1
0022500796,2026-02-19,-3.502786882868392,1.9445822513856115,-5.447369134254004,-45.330473850232465,0,0,0,-0.20000000000000007,3.0,6.799999999999997,-3.799999999999997,-3.502786882868392,1.9445822513856115,-5.447369134254004,0
0022500797,2026-02-19,-6.788965547237368,11.950754109802915,-18.73971965704029,-82.74024122349715,0,0,0,-0.6,-2.1999999999999886,17.0,-19.19999999999999,-6.788965547237368,11.950754109802915,-18.73971965704029,0
0022500798,2026-02-19,5.899478177722273,-13.580072704860996,19.47955088258326,95.47840237758987,0,0,0,0.6,18.39999999999999,-1.4000000000000057,19.799999999999997,5.899478177722273,-13.580072704860996,19.47955088258326,1
0022500799,2026-02-19,-3.4936046967577,9.570774871083017,-13.064379567840735,-97.85758853700372,0,0,0,-0.4,-2.799999999999997,9.799999999999997,-12.599999999999994,-3.4936046967577,9.570774871083017,-13.064379567840735,0
0022500800,2026-02-19,-4.7176190905469895,8.041876034262486,-12.759495124809467,-185.09956805767206,0,0,0,-0.6,-1.4000000000000057,11.600000000000009,-13.000000000000014,-4.7176190905469895,8.041876034262486,-12.759495124809467,0
0022500801,2026-02-19,-10.73131894597887,-6.02815433649603,-4.70316460948284,-16.9305893235055,0,0,0,0.19999999999999996,-20.599999999999994,-15.599999999999994,-5.0,-10.73131894597887,-6.02815433649603,-4.70316460948284,1
0022500802,2026-02-20,-11.50807027721956,5.173070961653977,-16.681141238873533,-151.97675131654637,0,1,1,-0.4,-15.0,1.7999999999999972,-16.799999999999997,-11.50807027721956,5.173070961653977,-16.681141238873533,0
0022500803,2026-02-20,-0.33698274180268584,5.325011988174623,-5.661994729977345,-102.2253457142931,0,1,1,0.0,1.0,7.200000000000003,-6.200000000000003,-0.33698274180268584,5.325011988174623,-5.661994729977345,1
0022500804,2026-02-20,2.0525711982026706,10.419126663177508,-8.366555464974862,65.06312228432012,1,0,0,-0.2,-0.6000000000000085,7.599999999999994,-8.200000000000003,2.0525711982026706,10.419126663177508,-8.366555464974862,1
0022500805,2026-02-20,0.021090542158233916,8.283444091179348,-8.262353549021118,0.8597652596201897,-8,1,0,0.0,0.5999999999999943,9.599999999999994,-9.0,0.021090542158233916,8.283444091179348,-8.262353549021118,0
0022500806,2026-02-20,9.258838746687857,-7.540563611480934,16.7994023581688,177.37307262295963,1,0,0,0.6,9.400000000000006,-8.400000000000006,17.80000000000001,9.258838746687857,-7.540563611480934,16.7994023581688,1
0022500807,2026-02-20,-1.6622422025712495,0.2829376294804149,-1.9451798320516618,-160.19938000434445,1,0,0,-0.4,2.200000000000003,4.0,-1.7999999999999972,-1.6622422025712495,0.2829376294804149,-1.9451798320516618,0
0022500808,2026-02-20,7.583857912803012,0.7638023462912145,6.820055566511786,377.24874056545195,7,0,1,0.0,3.5999999999999943,-3.1999999999999886,6.799999999999983,7.583857912803012,0.7638023462912145,6.820055566511786,1
0022500809,2026-02-20,-1.8932101434076003,3.072631684299523,-4.965841827707115,-31.57594093112266,7,0,1,-0.20000000000000007,4.400000000000006,9.599999999999994,-5.199999999999989,-1.8932101434076003,3.072631684299523,-4.965841827707115,1
0022500810,2026-02-20,3.7861591891445414,-0.6173873244447492,4.403546513589302,-86.58890273181146,7,0,1,0.4,4.0,-0.7999999999999972,4.799999999999997,3.7861591891445414,-0.6173873244447492,4.403546513589302,0
0022500811,2026-02-21,-9.15077362116412,16.4347192811681,-25.585492902332216,31.538482612713096,0,0,0,-0.6000000000000001,-14.400000000000006,10.799999999999997,-25.200000000000003,-9.15077362116412,16.4347192811681,-25.585492902332216,1
0022500812,2026-02-21,11.89813243643421,-1.238347370384858,13.136479806819047,-138.5087145504458,-1,1,0,0.2,13.400000000000006,0.0,13.400000000000006,11.89813243643421,-1.238347370384858,13.136479806819047,1
0022500813,2026-02-21,2.5356193054392833,-15.45382760311935,17.989446908558655,84.82291192802677,0,1,1,0.39999999999999997,1.5999999999999943,-17.0,18.599999999999994,2.5356193054392833,-15.45382760311935,17.989446908558655,1
0022500814,2026-02-21,-11.576405437936288,15.98470887212352,-27.561114310059796,-233.17174855447593,0,0,0,-0.8,-7.200000000000003,20.0,-27.200000000000003,-11.576405437936288,15.98470887212352,-27.561114310059796,0
0022500815,2026-02-21,23.543659711257305,-14.25977725692303,37.80343696818035,337.1148431166862,0,0,0,1.0,27.599999999999994,-11.0,38.599999999999994,23.543659711257305,-14.25977725692303,37.80343696818035,1
0022500816,2026-02-21,4.108366490680481,2.836435564780629,1.2719309258998608,-13.643995301254336,0,0,0,-0.19999999999999996,10.799999999999997,8.599999999999994,2.200000000000003,4.108366490680481,2.836435564780629,1.2719309258998608,1
0022500817,2026-02-22,-9.429894339581068,-2.683817396236037,-6.7460769433450345,62.92469855589934,0,0,0,-0.4,-12.0,-5.199999999999989,-6.800000000000011,-9.429894339581068,-2.683817396236037,-6.7460769433450345,1
0022500818,2026-02-22,2.356591268732757,6.247415255883311,-3.890823987150565,153.8086420789723,0,0,0,-0.2,5.200000000000003,9.799999999999997,-4.599999999999994,2.356591268732757,6.247415255883311,-3.890823987150565,1
0022500819,2026-02-22,-0.27761375624497475,-2.7750211640912426,2.4974074078462625,-24.10745537776097,-1,0,0,0.20000000000000007,-1.4000000000000057,-3.3999999999999915,1.9999999999999858,-0.27761375624497475,-2.7750211640912426,2.4974074078462625,0
0022500820,2026-02-22,-12.987650679910686,5.448690364331966,-18.43634104424268,-71.6969464397148,1,0,0,-0.19999999999999996,-21.799999999999983,-2.1999999999999886,-19.599999999999994,-12.987650679910686,5.448690364331966,-18.43634104424268,1
0022500821,2026-02-22,-1.0071255838259248,-7.897543296530074,6.89041771270413,21.843060147565893,0,0,0,0.4,1.0,-6.0,7.0,-1.0071255838259248,-7.897543296530074,6.89041771270413,0
0022500822,2026-02-22,-7.287365491957189,0.9722267781621099,-8.259592270119304,-130.63550639070945,0,0,0,0.0,3.200000000000003,12.200000000000003,-9.0,-7.287365491957189,0.9722267781621099,-8.259592270119304,0
0022500823,2026-02-22,-0.16915024290968006,7.2897369439898085,-7.458887186899489,-81.81341598401127,-1,0,0,-0.20000000000000007,5.200000000000003,13.0,-7.799999999999997,-0.16915024290968006,7.2897369439898085,-7.458887186899489,0
0022500824,2026-02-22,11.072150252826873,-11.265815178524875,22.337965431351734,121.85349734748752,1,0,1,0.39999999999999997,14.0,-9.799999999999997,23.799999999999997,11.072150252826873,-11.265815178524875,22.337965431351734,0
0022500825,2026-02-22,-13.190710619287245,10.62151613653495,-23.812226755822227,-178.6286952607877,0,1,1,-0.6,-10.200000000000003,14.399999999999991,-24.599999999999994,-13.190710619287245,10.62151613653495,-23.812226755822227,0
0022500826,2026-02-22,-6.479110738763879,-3.0648039560923905,-3.4143067826714795,60.574328962633444,-1,1,0,-0.19999999999999996,-13.0,-11.0,-2.0,-6.479110738763879,-3.0648039560923905,-3.4143067826714795,0
0022500827,2026-02-22,1.0800590797280165,7.64965452526063,-6.56959544553263,71.0300419976636,1,0,1,0.0,-7.0,0.0,-7.0,1.0800590797280165,7.64965452526063,-6.56959544553263,0
0022500828,2026-02-23,-7.9199876759566905,-7.785238216812431,-0.13474945914425973,20.299044922899157,0,0,0,0.0,-13.400000000000006,-12.400000000000006,-1.0,-7.9199876759566905,-7.785238216812431,-0.13474945914425973,0
0022500829,2026-02-23,9.791040520821838,-8.3439809459788,18.13502146680062,100.18907772733087,0,0,0,0.2,11.600000000000009,-7.0,18.60000000000001,9.791040520821838,-8.3439809459788,18.13502146680062,0
0022500830,2026-02-23,-0.019969093876156307,-1.2941337526211498,1.2741646587450306,262.583271561562,-1,0,0,0.19999999999999996,-11.799999999999997,-13.400000000000006,1.6000000000000085,-0.019969093876156307,-1.2941337526211498,1.2741646587450306,1
0022500831,2026-02-24,4.575735635608808,-5.079201734697534,9.654937370306351,-69.42329817612654,0,0,0,0.2,9.0,-0.5999999999999943,9.599999999999994,4.575735635608808,-5.079201734697534,9.654937370306351,0
0022500832,2026-02-24,-1.7785589338455594,-5.743836568929424,3.9652776350838588,149.60398919031263,0,0,0,0.0,-3.3999999999999915,-7.0,3.6000000000000085,-1.7785589338455594,-5.743836568929424,3.9652776350838588,1
0022500833,2026-02-24,-10.335744151269594,-8.496532775747255,-1.8392113755223392,-94.48158454474424,0,0,0,0.0,-15.599999999999994,-14.399999999999991,-1.2000000000000028,-10.335744151269594,-8.496532775747255,-1.8392113755223392,0
0022500834,2026-02-24,0.10914243461682815,-1.1640536118711395,1.2731960464879712,-160.0609511245184,0,0,0,0.0,-0.3999999999999915,-1.7999999999999972,1.4000000000000057,0.10914243461682815,-1.1640536118711395,1.2731960464879712,0
0022500835,2026-02-24,4.655587561612862,1.7274387299383989,2.9281488316744744,21.70713661854984,0,0,0,0.20000000000000007,0.7999999999999972,-1.8000000000000114,2.6000000000000085,4.655587561612862,1.7274387299383989,2.9281488316744744,1
0022500836,2026-02-24,-14.895544340626401,-2.693417393268419,-12.202126947357984,-61.625604135552294,0,0,0,-0.4,-5.400000000000006,7.199999999999989,-12.599999999999994,-14.895544340626401,-2.693417393268419,-12.202126947357984,0
0022500837,2026-02-24,-6.276832195116697,10.273159216643265,-16.54999141175995,-6.912191094752416,-1,0,0,-0.20000000000000007,-14.400000000000006,3.0,-17.400000000000006,-6.276832195116697,10.273159216643265,-16.54999141175995,1
0022500838,2026-02-24,4.845695573223253,-1.586805436102594,6.432501009325861,-189.1430498717857,1,0,0,0.19999999999999996,6.0,0.0,6.0,4.845695573223253,-1.586805436102594,6.432501009325861,1
0022500839,2026-02-24,-8.80741780439405,9.60165594031217,-18.40907374470622,-117.91164970657155,0,0,0,-0.4,-6.0,11.799999999999997,-17.799999999999997,-8.80741780439405,9.60165594031217,-18.40907374470622,0
0022500840,2026-02-24,-4.6681827026340414,11.57966401679198,-16.247846719426043,30.4823510305132,0,0,0,-0.19999999999999996,-4.3999999999999915,12.200000000000003,-16.599999999999994,-4.6681827026340414,11.57966401679198,-16.247846719426043,0
0022500841,2026-02-24,-2.902818319028242,3.5417857617391064,-6.444604080767343,-63.90460558850668,0,0,0,0.0,-4.6000000000000085,3.5999999999999943,-8.200000000000003,-2.902818319028242,3.5417857617391064,-6.444604080767343,0
0022500842,2026-02-25,-4.022738559786532,-3.5617365520045183,-0.4610020077820085,-58.04690835586575,1,0,1,0.0,1.3999999999999915,1.7999999999999972,-0.4000000000000057,-4.022738559786532,-3.5617365520045183,-0.4610020077820085,1
0022500843,2026-02-25,-10.522374691278515,2.8146945113938955,-13.33706920267243,-124.9525311458076,-1,1,0,-0.4,-16.0,-2.4000000000000057,-13.599999999999994,-10.522374691278515,2.8146945113938955,-13.33706920267243,0
0022500844,2026-02-25,-0.43791160791147377,0.6938625163436285,-1.1317741242550907,-126.49002295324772,1,0,1,-0.2,2.4000000000000057,3.799999999999997,-1.3999999999999915,-0.43791160791147377,0.6938625163436285,-1.1317741242550907,0
0022500845,2026-02-25,9.65357925146425,-14.8396492582511,24.49322850971535,278.6945150083311,0,0,0,0.39999999999999997,2.799999999999997,-22.200000000000003,25.0,9.65357925146425,-14.8396492582511,24.49322850971535,1
0022500846,2026-02-25,-2.041595360117256,5.348035543703546,-7.38963090382079,-133.54155213011813,0,1,1,0.0,-0.5999999999999943,6.599999999999994,-7.199999999999989,-2.041595360117256,5.348035543703546,-7.38963090382079,1
0022500847,2026-02-25,4.463976319685699,5.88391640266434,-1.4199400829786057,-75.47902944739553,2,0,1,-0.4,17.0,17.0,0.0,4.463976319685699,5.88391640266434,-1.4199400829786057,1
0022500848,2026-02-26,-12.277873010603898,3.563542497537952,-15.841415508141822,-93.00651059019788,0,0,0,-0.39999999999999997,-0.3999999999999915,16.200000000000003,-16.599999999999994,-12.277873010603898,3.563542497537952,-15.841415508141822,0
0022500849,2026-02-26,-7.531036997533363,6.114187967986382,-13.645224965519741,-10.225422420559653,0,0,0,-0.19999999999999996,-7.599999999999994,6.3999999999999915,-13.999999999999986,-7.531036997533363,6.114187967986382,-13.645224965519741,1
0022500850,2026-02-26,-0.06425505277812249,-9.934961245199247,9.870706192421135,157.2854204205753,0,0,0,0.19999999999999996,-2.200000000000003,-12.399999999999991,10.199999999999989,-0.06425505277812249,-9.934961245199247,9.870706192421135,1
0022500851,2026-02-26,-17.964906333852937,10.48939536429225,-28.454301698145187,-365.09629241143216,1,0,1,-1.0,-22.400000000000006,6.200000000000003,-28.60000000000001,-17.964906333852937,10.48939536429225,-28.454301698145187,0
0022500852,2026-02-26,-2.435737719662143,1.9864215047260387,-4.422159224388162,-72.37023378429785,1,0,1,0.0,0.7999999999999972,5.0,-4.200000000000003,-2.435737719662143,1.9864215047260387,-4.422159224388162,0
0022500853,2026-02-26,-7.4740469123551065,0.02138562282266321,-7.495432535177757,-86.7557975929335,0,0,0,-0.4,-9.200000000000003,-2.799999999999997,-6.400000000000006,-7.4740469123551065,0.02138562282266321,-7.495432535177757,0
0022500854,2026-02-26,10.300197065379251,-5.120743635921883,15.420940701301124,99.25278693721907,1,0,1,0.2,10.799999999999997,-4.599999999999994,15.399999999999991,10.300197065379251,-5.120743635921883,15.420940701301124,0
0022500855,2026-02-26,-12.406443445199287,-0.04751074759732887,-12.358932697601947,-10.948762579299682,0,0,0,-0.2,-16.200000000000003,-5.3999999999999915,-10.800000000000011,-12.406443445199287,-0.04751074759732887,-12.358932697601947,1
0022500856,2026-02-26,-5.224393235066472,-0.8015160932465761,-4.422877141819879,-20.462655223724596,1,0,0,-0.19999999999999996,-2.799999999999997,2.200000000000003,-5.0,-5.224393235066472,-0.8015160932465761,-4.422877141819879,0
0022500857,2026-02-26,-6.399613509162236,1.1241791793870277,-7.523792688549259,-16.522742876331677,2,0,0,-0.4,-15.799999999999997,-7.6000000000000085,-8.199999999999989,-6.399613509162236,1.1241791793870277,-7.523792688549259,0
0022500858,2026-02-27,-4.301472567302724,-5.4925613452798245,1.1910887779770896,37.54651611708209,0,0,0,0.20000000000000007,4.800000000000011,3.200000000000003,1.6000000000000085,-4.301472567302724,-5.4925613452798245,1.1910887779770896,1
0022500859,2026-02-27,11.155679482419373,-15.933925444565034,27.089604926984414,349.4477089255688,1,0,1,0.8,7.800000000000011,-18.60000000000001,26.40000000000002,11.155679482419373,-15.933925444565034,27.089604926984414,1
0022500860,2026-02-27,7.030158587119146,7.558210201472505,-0.5280516143533669,-87.60485457622372,-1,0,0,0.20000000000000007,6.599999999999994,7.400000000000006,-0.8000000000000114,7.030158587119146,7.558210201472505,-0.5280516143533669,0
0022500861,2026-02-27,1.8264125398106472,-1.6055071249532205,3.4319196647638757,21.490015696145065,-1,1,0,0.2,1.5999999999999943,-1.5999999999999943,3.1999999999999886,1.8264125398106472,-1.6055071249532205,3.4319196647638757,0
0022500862,2026-02-27,-7.297692400433235,3.2654823452567143,-10.563174745689967,109.71205703173905,0,0,0,0.0,-12.399999999999991,-1.2000000000000028,-11.199999999999989,-7.297692400433235,3.2654823452567143,-10.563174745689967,1
0022500863,2026-02-28,14.645156455310214,-0.7836766435377598,15.428833098847964,-3.1098774444672017,0,0,0,0.0,7.0,-9.200000000000003,16.200000000000003,14.645156455310214,-0.7836766435377598,15.428833098847964,1
0022500864,2026-02-28,-1.4688547246893506,2.460198157357553,-3.929052882046907,-126.29907511150395,0,0,0,-0.20000000000000007,8.799999999999997,12.200000000000003,-3.4000000000000057,-1.4688547246893506,2.460198157357553,-3.929052882046907,1
0022500865,2026-02-28,-3.9922868738965036,6.751893078215673,-10.744179952112159,-207.22795631323083,-1,0,0,0.0,1.5999999999999943,12.600000000000009,-11.000000000000014,-3.9922868738965036,6.751893078215673,-10.744179952112159,0
0022500866,2026-02-28,1.7403417334836035,0.2953036060704193,1.4450381274131872,1.350820021660411,1,0,0,0.0,7.199999999999989,5.799999999999997,1.3999999999999915,1.7403417334836035,0.2953036060704193,1.4450381274131872,0
0022500867,2026-02-28,-5.5496418092398585,-1.3322422640606248,-4.217399545179225,-44.96285143458681,0,0,0,-0.39999999999999997,-4.0,1.0,-5.0,-5.5496418092398585,-1.3322422640606248,-4.217399545179225,0
0022500868,2026-03-01,-7.8803415611761665,5.183177309269098,-13.063518870445261,-61.619871688328885,-1,0,0,-0.4,-13.0,0.3999999999999915,-13.399999999999991,-7.8803415611761665,5.183177309269098,-13.063518870445261,1
0022500869,2026-03-01,-9.449853185546814,10.903293226656842,-20.35314641220365,-319.4383375412042,0,0,0,-0.4,-10.0,9.800000000000011,-19.80000000000001,-9.449853185546814,10.903293226656842,-20.35314641220365,0
0022500870,2026-03-01,-14.36892963582882,-5.460340696935376,-8.908588938893441,-111.06419757536287,1,0,0,-0.6,-11.200000000000003,-1.4000000000000057,-9.799999999999997,-14.36892963582882,-5.460340696935376,-8.908588938893441,1
0022500871,2026-03-01,-0.8039534862758444,-8.130752309166695,7.326798822890856,1.2490323197796442,-1,0,0,-0.4,6.200000000000003,-1.3999999999999915,7.599999999999994,-0.8039534862758444,-8.130752309166695,7.326798822890856,0
0022500872,2026-03-01,-4.849822498257367,4.684588266981834,-9.534410765239201,-12.826266082195616,1,0,0,-0.4,-3.3999999999999915,6.799999999999997,-10.199999999999989,-4.849822498257367,4.684588266981834,-9.534410765239201,0
0022500873,2026-03-01,5.917678129583038,-10.384516971051653,16.302195100634684,-8.856253593742167,2,0,1,0.4,8.799999999999997,-9.200000000000003,18.0,5.917678129583038,-10.384516971051653,16.302195100634684,1
0022500874,2026-03-01,4.802276771672339,-4.091892577234674,8.894169348907017,159.75859726416843,-1,0,0,0.20000000000000007,-10.200000000000003,-17.60000000000001,7.400000000000006,4.802276771672339,-4.091892577234674,8.894169348907017,1
0022500875,2026-03-01,-0.28189004100578074,-0.6409733531677944,0.3590833121620278,-149.345669702544,1,0,0,-0.20000000000000007,-6.200000000000003,-6.400000000000006,0.20000000000000284,-0.28189004100578074,-0.6409733531677944,0.3590833121620278,0
0022500876,2026-03-01,1.2023702745431137,12.572316933497703,-11.36994665895458,-317.04480946323315,0,0,0,-0.4,1.7999999999999972,13.799999999999997,-12.0,1.2023702745431137,12.572316933497703,-11.36994665895458,0
0022500877,2026-03-01,-5.277664774645942,-0.26320290827395354,-5.014461866372005,168.338424403795,2,0,1,-0.4,-12.400000000000006,-7.200000000000003,-5.200000000000003,-5.277664774645942,-0.26320290827395354,-5.014461866372005,1
0022500878,2026-03-01,6.510617098007273,-7.4595428861808415,13.970159984188106,203.85868636895202,-2,1,0,0.0,-0.7999999999999972,-15.199999999999989,14.399999999999991,6.510617098007273,-7.4595428861808415,13.970159984188106,1
0022500879,2026-03-02,-7.768951421448108,13.760597926346747,-21.529549347794863,-291.000077454946,0,0,0,-0.39999999999999997,-3.0,18.60000000000001,-21.60000000000001,-7.768951421448108,13.760597926346747,-21.529549347794863,0
0022500880,2026-03-02,-13.26740134005017,15.583416840355554,-28.850818180405724,-162.52649615414907,0,1,1,-0.4,-3.799999999999997,24.0,-27.799999999999997,-13.26740134005017,15.583416840355554,-28.850818180405724,0
0022500881,2026-03-02,-9.214344295091749,11.828637715367464,-21.042982010459237,-266.0955672459961,1,0,1,-0.4,-9.0,13.600000000000009,-22.60000000000001,-9.214344295091749,11.828637715367464,-21.042982010459237,0
0022500882,2026-03-02,0.9708093849158246,5.534715125755312,-4.563905740839468,-35.15340123965166,1,0,1,0.0,2.0,6.200000000000003,-4.200000000000003,0.9708093849158246,5.534715125755312,-4.563905740839468,0
0022500883,2026-03-03,17.390494295582783,-4.788073970026787,22.17856826560957,117.55195721187624,1,0,0,0.4,9.0,-13.399999999999991,22.39999999999999,17.390494295582783,-4.788073970026787,22.17856826560957,1
0022500884,2026-03-03,3.2570325627880266,7.602493123400464,-4.345460560612441,-54.19864946160578,0,0,0,-0.4,-3.6000000000000085,1.2000000000000028,-4.800000000000011,3.2570325627880266,7.602493123400464,-4.345460560612441,1
0022500885,2026-03-03,-3.244144515814696,-15.504565418298654,12.260420902483943,204.20573440555813,1,0,1,0.4,-3.5999999999999943,-16.200000000000003,12.600000000000009,-3.244144515814696,-15.504565418298654,12.260420902483943,1
0022500886,2026-03-03,6.800109955670791,-16.495508294683958,23.29561825035477,202.9329627262914,1,0,0,0.6,14.399999999999991,-8.799999999999997,23.19999999999999,6.800109955670791,-16.495508294683958,23.29561825035477,1
0022500887,2026-03-03,3.3949027474640445,5.963704702309386,-2.5688019548453447,-87.36196152499042,1,0,0,-0.20000000000000007,6.400000000000006,9.0,-2.5999999999999943,3.3949027474640445,5.963704702309386,-2.5688019548453447,0
0022500888,2026-03-03,3.36294004909864,3.320189124210927,0.04275092488769028,-175.91374773885786,0,0,0,-0.20000000000000007,5.0,4.599999999999994,0.4000000000000057,3.36294004909864,3.320189124210927,0.04275092488769028,0
0022500889,2026-03-03,-6.635830727141794,6.763266410675286,-13.399097137817066,-309.77593487158356,0,0,0,-0.6000000000000001,-8.0,5.599999999999994,-13.599999999999994,-6.635830727141794,6.763266410675286,-13.399097137817066,0
0022500890,2026-03-03,-4.405450956734171,-6.177735951156492,1.772284994422347,192.02078157168148,0,0,0,0.4,-6.0,-8.0,2.0,-4.405450956734171,-6.177735951156492,1.772284994422347,1
0022500891,2026-03-03,1.5474202292012365,0.5691777565749732,0.978242472626246,167.50570601541312,0,0,0,-0.4,-7.0,-8.200000000000003,1.2000000000000028,1.5474202292012365,0.5691777565749732,0.978242472626246,1
0022500892,2026-03-03,12.256295582647681,11.752463352416498,0.5038322302311808,-198.0191002758172,-3,0,0,0.0,19.60000000000001,20.0,-0.3999999999999915,12.256295582647681,11.752463352416498,0.5038322302311808,0
0022500893,2026-03-04,4.211927597221148,-2.887185185635005,7.099112782856167,-86.05124989684987,0,1,1,0.0,-4.799999999999997,-11.400000000000006,6.6000000000000085,4.211927597221148,-2.887185185635005,7.099112782856167,0
0022500894,2026-03-04,-6.181203684184965,0.3738477001927407,-6.555051384377705,155.3565899354303,1,0,1,-0.19999999999999996,-13.599999999999994,-5.799999999999997,-7.799999999999997,-6.181203684184965,0.3738477001927407,-6.555051384377705,0
0022500895,2026-03-04,3.710285772201587,-5.565603730658438,9.275889502860059,176.10420931492854,-1,1,0,0.6,3.1999999999999886,-7.200000000000003,10.399999999999991,3.710285772201587,-5.565603730658438,9.275889502860059,1
0022500896,2026-03-04,11.384858660293574,5.949070831971952,5.4357878283216445,-79.65755756731937,-2,1,0,0.0,11.400000000000006,5.3999999999999915,6.000000000000014,11.384858660293574,5.949070831971952,5.4357878283216445,0
0022500897,2026-03-04,-9.415158220735918,16.39090263485795,-25.806060855593874,-6.289091486526331,-1,0,0,-0.4,-14.0,12.199999999999989,-26.19999999999999,-9.415158220735918,16.39090263485795,-25.806060855593874,0
0022500898,2026-03-04,6.413817953832449,-13.900110169944426,20.31392812377687,191.05253828221453,-1,0,0,0.4,-1.4000000000000057,-22.0,20.599999999999994,6.413817953832449,-13.900110169944426,20.31392812377687,1
0022500899,2026-03-05,9.015671975760995,-2.5890305416799464,11.604702517440945,132.15151690104176,0,0,0,0.39999999999999997,4.200000000000003,-7.799999999999997,12.0,9.015671975760995,-2.5890305416799464,11.604702517440945,1
0022500900,2026-03-05,-2.085565638715252,4.539103098512442,-6.624668737227685,2.8753043539843475,1,0,1,0.0,-1.7999999999999972,5.0,-6.799999999999997,-2.085565638715252,4.539103098512442,-6.624668737227685,0
0022500901,2026-03-05,9.68854270197437,-15.441293051427763,25.129835753402144,208.8860859499714,0,0,0,0.6,14.799999999999997,-10.400000000000006,25.200000000000003,9.68854270197437,-15.441293051427763,25.129835753402144,1
0022500902,2026-03-05,5.894567020870838,-7.284445027563322,13.17901204843414,104.92248144691257,0,0,0,0.4,4.3999999999999915,-8.400000000000006,12.799999999999997,5.894567020870838,-7.284445027563322,13.17901204843414,0
0022500903,2026-03-05,-2.6539050756636016,-0.4441214972214169,-2.209783578442182,80.88638845001833,0,0,0,0.4,-1.0,1.2000000000000028,-2.200000000000003,-2.6539050756636016,-0.4441214972214169,-2.209783578442182,1
0022500904,2026-03-05,0.9044083415850537,-5.526310585610716,6.430718927195767,3.2318400442391066,0,0,0,0.20000000000000007,1.2000000000000028,-5.799999999999997,7.0,0.9044083415850537,-5.526310585610716,6.430718927195767,1
0022500905,2026-03-05,-0.42338281243769416,-3.2742163318190904,2.850833519381408,139.6515900705299,0,0,0,0.39999999999999997,-8.0,-11.599999999999994,3.5999999999999943,-0.42338281243769416,-3.2742163318190904,2.850833519381408,0
0022500906,2026-03-05,-6.330084820193903,5.137635367869322,-11.467720188063248,36.02424021636193,1,0,0,-0.19999999999999996,-1.7999999999999972,10.400000000000006,-12.200000000000003,-6.330084820193903,5.137635367869322,-11.467720188063248,1
0022500907,2026-03-05,1.2266710872304856,10.301737437033353,-9.07506634980286,-45.99944098703827,0,0,0,-0.19999999999999996,-3.5999999999999943,5.200000000000003,-8.799999999999997,1.2266710872304856,10.301737437033353,-9.07506634980286,0
0022500908,2026-03-06,15.964105755313156,-4.5409849364688455,20.505090691781994,269.7015815310947,1,0,1,0.6,5.199999999999989,-15.0,20.19999999999999,15.964105755313156,-4.5409849364688455,20.505090691781994,1
0022500909,2026-03-06,7.094155302252119,-12.231638470859394,19.3257937731115,20.641019685202536,1,0,1,0.4,1.7999999999999972,-17.0,18.799999999999997,7.094155302252119,-12.231638470859394,19.3257937731115,0
0022500910,2026-03-06,8.707411604347627,-4.230481499104599,12.937893103452234,96.98905818616254,-1,1,0,0.19999999999999996,4.800000000000011,-8.200000000000003,13.000000000000014,8.707411604347627,-4.230481499104599,12.937893103452234,1
0022500911,2026-03-06,3.874567723336739,11.2960557540828,-7.421488030746059,-32.534000945920525,-1,1,0,0.0,6.799999999999997,14.400000000000006,-7.6000000000000085,3.874567723336739,11.2960557540828,-7.421488030746059,0
0022500912,2026-03-06,-9.506744468121951,-4.60375369104527,-4.902990777076687,139.00208280678567,0,1,1,-0.19999999999999996,-21.400000000000006,-17.19999999999999,-4.200000000000017,-9.506744468121951,-4.60375369104527,-4.902990777076687,1
0022500913,2026-03-06,-2.1267287565266315,-2.0657369887408663,-0.060991767785750994,114.31691855419308,-1,1,0,0.20000000000000007,-0.19999999999998863,-0.4000000000000057,0.20000000000001705,-2.1267287565266315,-2.0657369887408663,-0.060991767785750994,1
0022500914,2026-03-06,10.748366665336036,-17.048649790698505,27.797016456034545,171.7521859835863,-1,1,0,0.6,4.799999999999997,-23.60000000000001,28.400000000000006,10.748366665336036,-17.048649790698505,27.797016456034545,1
0022500915,2026-03-07,3.135491940691921,-3.5258278229624977,6.661319763654412,90.65592185100331,0,0,0,0.4,3.200000000000003,-3.4000000000000057,6.6000000000000085,3.135491940691921,-3.5258278229624977,6.661319763654412,0
0022500916,2026-03-07,7.881409338097228,-12.713189807573528,20.59459914567076,372.51882767703546,0,0,0,0.6,7.200000000000003,-13.799999999999997,21.0,7.881409338097228,-12.713189807573528,20.59459914567076,0
0022500917,2026-03-07,14.179669262644538,-12.637003050602658,26.816672313247196,19.720219319665375,0,0,0,0.4,14.400000000000006,-13.199999999999989,27.599999999999994,14.179669262644538,-12.637003050602658,26.816672313247196,1
0022500918,2026-03-07,-2.494346546989405,6.258995916080124,-8.753342463069549,-165.6783036851307,2,0,1,-0.19999999999999996,0.7999999999999972,9.599999999999994,-8.799999999999997,-2.494346546989405,6.258995916080124,-8.753342463069549,0
0022500919,2026-03-07,-11.663919872072597,4.350476424973138,-16.01439629704571,158.16946045928944,1,0,0,0.0,-13.0,2.4000000000000057,-15.400000000000006,-11.663919872072597,4.350476424973138,-16.01439629704571,1
0022500920,2026-03-07,-4.199993996396401,-13.153688629740074,8.953694633343712,209.05032810092007,1,0,0,0.4,0.6000000000000085,-8.200000000000003,8.800000000000011,-4.199993996396401,-13.153688629740074,8.953694633343712,1
0022500921,2026-03-08,-8.460447328956036,2.873115374632107,-11.333562703588154,-17.45901693838664,3,0,0,-0.20000000000000007,-3.200000000000003,7.400000000000006,-10.600000000000009,-8.460447328956036,2.873115374632107,-11.333562703588154,0
0022500922,2026-03-08,0.32535567548563904,8.900025902090249,-8.574670226604633,-89.56229242128165,0,0,0,0.0,2.799999999999997,11.0,-8.200000000000003,0.32535567548563904,8.900025902090249,-8.574670226604633,1
0022500923,2026-03-08,10.744783943130543,-0.9497834678699633,11.694567411000495,-125.7480172445994,1,0,1,0.4,12.400000000000006,1.0,11.400000000000006,10.744783943130543,-0.9497834678699633,11.694567411000495,1
0022500924,2026-03-08,14.957847252088513,4.902236824855066,10.055610427233436,141.9368827239232,1,0,0,0.2,10.799999999999997,0.20000000000000284,10.599999999999994,14.957847252088513,4.902236824855066,10.055610427233436,1
0022500925,2026-03-08,0.20527102447974244,-11.647732795966789,11.853003820446537,87.50944813057663,-1,0,0,0.4,4.400000000000006,-7.6000000000000085,12.000000000000014,0.20527102447974244,-11.647732795966789,11.853003820446537,1
0022500926,2026-03-08,-11.973400899321831,10.062763670513476,-22.0361645698353,-57.41824837883314,0,1,1,-0.39999999999999997,-11.599999999999994,10.200000000000003,-21.799999999999997,-11.973400899321831,10.062763670513476,-22.0361645698353,0
0022500927,2026-03-08,5.326807600833334,-3.3547395073358786,8.681547108169235,86.33164596930987,0,0,0,0.20000000000000007,4.599999999999994,-4.400000000000006,9.0,5.326807600833334,-3.3547395073358786,8.681547108169235,1
0022500928,2026-03-08,-10.904943063306973,8.513861497815313,-19.418804561122283,14.365519312566448,0,0,0,-0.20000000000000007,-13.600000000000009,4.400000000000006,-18.000000000000014,-10.904943063306973,8.513861497815313,-19.418804561122283,1
0022500929,2026-03-08,-2.4923435884112877,-13.98524828072857,11.492904692317278,126.59074283326686,0,0,0,0.4,-3.3999999999999915,-14.999999999999986,11.599999999999994,-2.4923435884112877,-13.98524828072857,11.492904692317278,1
0022500930,2026-03-08,5.591624797057463,14.126804794938337,-8.535179997880856,-100.39038365577903,0,0,0,-0.2,2.6000000000000085,11.200000000000003,-8.599999999999994,5.591624797057463,14.126804794938337,-8.535179997880856,1
0022500931,2026-03-09,7.979849981293512,-0.8357705048796333,8.815620486173174,142.52313347021413,-1,1,0,0.0,3.4000000000000057,-5.799999999999997,9.200000000000003,7.979849981293512,-0.8357705048796333,8.815620486173174,1
0022500932,2026-03-09,-10.756510507238545,9.253732846726052,-20.01024335396459,-78.57539078824107,0,0,0,-0.2,-13.0,7.200000000000003,-20.200000000000003,-10.756510507238545,9.253732846726052,-20.01024335396459,1
0022500933,2026-03-09,-5.65271285880074,-21.2614578914354,15.608745032634657,154.19400011938956,-1,0,0,0.6,-6.0,-22.200000000000003,16.200000000000003,-5.65271285880074,-21.2614578914354,15.608745032634657,1
0022500934,2026-03-09,0.051079625848160504,-1.4022085627507295,1.45328818859889,-205.1262242889427,0,0,0,-0.2,1.1999999999999886,0.3999999999999915,0.7999999999999972,0.051079625848160504,-1.4022085627507295,1.45328818859889,1
0022500935,2026-03-09,10.073408733524033,12.010702008265824,-1.9372932747417764,-54.09358273244584,1,0,1,0.20000000000000007,10.400000000000006,12.200000000000003,-1.7999999999999972,10.073408733524033,12.010702008265824,-1.9372932747417764,1
0022500936,2026-03-10,-10.930619807735866,2.0591870199448294,-12.9898068276807,96.03284172663462,0,1,1,0.0,-14.399999999999991,-1.3999999999999915,-13.0,-10.930619807735866,2.0591870199448294,-12.9898068276807,1
0022500937,2026-03-10,-2.71351665697712,-0.34149541806326056,-2.372021238913871,-314.8670160817587,-1,1,0,0.2,1.3999999999999915,4.400000000000006,-3.000000000000014,-2.71351665697712,-0.34149541806326056,-2.372021238913871,0
0022500938,2026-03-10,6.258366053385032,-19.86115678416408,26.119522837549113,242.0628665774641,0,0,0,1.0,6.3999999999999915,-20.0,26.39999999999999,6.258366053385032,-19.86115678416408,26.119522837549113,1
0022500939,2026-03-10,25.914997102809863,-13.506462295676386,39.421459398486256,138.71147341448295,1,0,0,1.0,30.60000000000001,-10.0,40.60000000000001,25.914997102809863,-13.506462295676386,39.421459398486256,1
0022500940,2026-03-10,-3.9407330944982277,2.736906045778781,-6.677639140277006,70.82762992165681,0,0,0,0.0,0.4000000000000057,7.800000000000011,-7.400000000000006,-3.9407330944982277,2.736906045778781,-6.677639140277006,1
0022500941,2026-03-10,-17.32494224251336,7.516401339663503,-24.84134358217684,-67.88165915254808,0,0,0,-0.6000000000000001,-12.799999999999997,11.0,-23.799999999999997,-17.32494224251336,7.516401339663503,-24.84134358217684,0
0022500942,2026-03-10,5.504919865849402,3.7405022601389817,1.7644176057104293,26.982837128501387,0,0,0,0.0,12.400000000000006,9.599999999999994,2.8000000000000114,5.504919865849402,3.7405022601389817,1.7644176057104293,1
0022500943,2026-03-10,3.1235934943313453,11.895111001798753,-8.77151750746743,98.53987605113389,-1,1,0,-0.2,-5.0,3.200000000000003,-8.200000000000003,3.1235934943313453,11.895111001798753,-8.77151750746743,0
0022500944,2026-03-10,-8.489250664211568,8.141098779538908,-16.630349443750447,-9.448788891970253,0,0,0,-0.19999999999999996,-3.3999999999999915,12.799999999999997,-16.19999999999999,-8.489250664211568,8.141098779538908,-16.630349443750447,0
0022500945,2026-03-10,6.078949906619059,-9.102947113243559,15.181897019862632,-36.34310708163548,0,0,0,0.4,7.200000000000003,-8.200000000000003,15.400000000000006,6.078949906619059,-9.102947113243559,15.181897019862632,1
0022500946,2026-03-10,9.541298063440621,0.48048092955845334,9.060817133882162,-41.36562060709389,-1,0,0,0.0,10.799999999999997,1.3999999999999915,9.400000000000006,9.541298063440621,0.48048092955845334,9.060817133882162,1
0022500947,2026-03-11,2.774813067458851,-9.387949517625799,12.162762585084668,-79.31596074526055,1,0,0,0.20000000000000007,6.200000000000003,-6.199999999999989,12.399999999999991,2.774813067458851,-9.387949517625799,12.162762585084668,1
0022500948,2026-03-11,2.0733644846717425,1.903541191929932,0.16982329274180757,-132.44782662820012,2,0,1,0.0,9.599999999999994,10.0,-0.4000000000000057,2.0733644846717425,1.903541191929932,0.16982329274180757,1
0022500949,2026-03-11,1.5027764486322894,9.290957011306219,-7.788180562673935,-290.8062960614134,0,0,0,0.0,-0.19999999999998863,7.599999999999994,-7.799999999999983,1.5027764486322894,9.290957011306219,-7.788180562673935,0
0022500950,2026-03-11,4.066040593829527,12.126893384739745,-8.060852790910223,-25.556843775025982,1,0,1,-0.19999999999999996,2.0,10.0,-8.0,4.066040593829527,12.126893384739745,-8.060852790910223,1
0022500951,2026-03-11,-4.867806159976297,8.215301132524573,-13.083107292500877,-185.28070152475902,0,1,1,-0.19999999999999996,2.5999999999999943,15.0,-12.400000000000006,-4.867806159976297,8.215301132524573,-13.083107292500877,0
0022500952,2026-03-11,10.366580007833903,-1.510600112101983,11.877180119935893,-8.281697665040383,1,0,1,0.20000000000000007,11.599999999999994,-0.3999999999999915,11.999999999999986,10.366580007833903,-1.510600112101983,11.877180119935893,1
0022500953,2026-03-12,8.526113456678445,-2.0124427927494963,10.538556249427927,158.63773249056226,0,0,0,-0.2,3.0,-8.0,11.0,8.526113456678445,-2.0124427927494963,10.538556249427927,1
0022500954,2026-03-12,-13.124016586252054,10.080250744011082,-23.20426733026313,-191.69667911757983,0,0,0,-0.8,-5.0,18.19999999999999,-23.19999999999999,-13.124016586252054,10.080250744011082,-23.20426733026313,0
0022500955,2026-03-12,11.612759410050629,-19.90244803993302,31.51520744998365,270.3042688294804,-1,1,0,1.0,6.3999999999999915,-26.200000000000017,32.60000000000001,11.612759410050629,-19.90244803993302,31.51520744998365,1
0022500956,2026-03-12,17.975778191164324,-15.509204845452516,33.484983036616825,201.43640512434558,0,0,0,0.6,19.999999999999986,-14.0,33.999999999999986,17.975778191164324,-15.509204845452516,33.484983036616825,1
0022500957,2026-03-12,18.515179552239616,-15.221266132519233,33.73644568475886,76.84257580666099,0,0,0,0.8,27.400000000000006,-6.0,33.400000000000006,18.515179552239616,-15.221266132519233,33.73644568475886,1
0022500958,2026-03-12,5.743984537771524,-11.252709704037684,16.99669424180923,115.25034009081241,1,0,1,0.4,6.3999999999999915,-11.400000000000006,17.799999999999997,5.743984537771524,-11.252709704037684,16.99669424180923,0
0022500959,2026-03-12,-3.363984554279611,-5.7784559534709246,2.4144713991912994,78.5549836598982,1,0,0,0.4,2.0,-0.8000000000000114,2.8000000000000114,-3.363984554279611,-5.7784559534709246,2.4144713991912994,1
0022500960,2026-03-12,9.188962857385107,2.3695523303185553,6.8194105270665375,141.780750884697,0,0,0,0.20000000000000007,1.6000000000000085,-5.0,6.6000000000000085,9.188962857385107,2.3695523303185553,6.8194105270665375,1
0022501111,2026-03-12,11.018602691206567,0.5453161773230022,10.473286513883549,4.770997801822659,0,0,0,0.0,16.0,5.800000000000011,10.199999999999989,11.018602691206567,0.5453161773230022,10.473286513883549,0
0022500961,2026-03-13,5.38417404072122,-8.416170200361861,13.800344241083064,281.0576964509944,0,1,1,0.4,0.0,-14.400000000000006,14.400000000000006,5.38417404072122,-8.416170200361861,13.800344241083064,1
0022500962,2026-03-13,-12.3690437467056,8.52050631008315,-20.88955005678874,-274.7274711659743,-1,1,0,-0.4,-7.799999999999997,13.400000000000006,-21.200000000000003,-12.3690437467056,8.52050631008315,-20.88955005678874,0
0022500963,2026-03-13,-12.700502380712265,0.7181407564833933,-13.418643137195655,-45.64482241405153,1,0,1,-0.6000000000000001,-10.0,2.1999999999999886,-12.199999999999989,-12.700502380712265,0.7181407564833933,-13.418643137195655,1
0022500964,2026-03-13,-9.862359614070002,3.7101997237420647,-13.572559337812098,195.3436880638924,0,0,0,-0.19999999999999996,-13.0,1.4000000000000057,-14.400000000000006,-9.862359614070002,3.7101997237420647,-13.572559337812098,1
0022500965,2026-03-13,-9.528389829255133,2.39588160371369,-11.924271432968826,-233.82076266118042,-1,1,0,-0.39999999999999997,-3.200000000000003,8.799999999999997,-12.0,-9.528389829255133,2.39588160371369,-11.924271432968826,0
0022500966,2026-03-13,-1.6051318376121344,-6.183728285358569,4.578596447746435,-90.85865818455363,1,0,0,-0.2,-1.0,-5.799999999999997,4.799999999999997,-1.6051318376121344,-6.183728285358569,4.578596447746435,0
0022500967,2026-03-13,-5.084773704858449,-6.718844458345387,1.634070753486935,164.2682602149,1,0,0,0.0,-1.0,-2.4000000000000057,1.4000000000000057,-5.084773704858449,-6.718844458345387,1.634070753486935,1
0022500968,2026-03-13,16.74964777748623,0.7136939368687365,16.03595384061751,169.61045785674332,1,0,1,0.4,12.200000000000017,-4.400000000000006,16.600000000000023,16.74964777748623,0.7136939368687365,16.03595384061751,1
0022500969,2026-03-14,3.584359201766702,-1.1927783090923185,4.77713751085904,164.54503844239343,0,0,0,0.0,6.200000000000003,2.0,4.200000000000003,3.584359201766702,-1.1927783090923185,4.77713751085904,1
0022500970,2026-03-14,16.363364531611595,-13.726046593088554,30.089411124700167,69.03797642280665,0,0,0,0.8,17.39999999999999,-12.400000000000006,29.799999999999997,16.363364531611595,-13.726046593088554,30.089411124700167,1
0022500971,2026-03-14,0.10439439543219464,-11.36501587074342,11.469410266175622,368.72062056334994,0,0,0,0.4,-12.599999999999994,-25.400000000000006,12.800000000000011,0.10439439543219464,-11.36501587074342,11.469410266175622,1
0022500972,2026-03-14,1.027312827768469,4.412517130412638,-3.3852043026441425,-20.154650650729764,0,0,0,0.0,1.8000000000000114,4.799999999999997,-2.999999999999986,1.027312827768469,4.412517130412638,-3.3852043026441425,0
0022500973,2026-03-14,12.538767452101169,7.045201053748741,5.493566398352424,155.28782171072498,-1,0,0,0.20000000000000007,16.19999999999999,10.400000000000006,5.799999999999983,12.538767452101169,7.045201053748741,5.493566398352424,1
0022500974,2026-03-14,3.500564431210364,-3.643138527311123,7.143702958521499,-30.820683147082036,0,0,0,0.20000000000000007,-0.20000000000000284,-7.599999999999994,7.3999999999999915,3.500564431210364,-3.643138527311123,7.143702958521499,1
0022500975,2026-03-14,12.858412057888287,2.6172401548104887,10.241171903077799,264.0616185944484,-2,1,0,0.4,11.599999999999994,1.4000000000000057,10.199999999999989,12.858412057888287,2.6172401548104887,10.241171903077799,0
0022500976,2026-03-15,-1.7782388979157986,-15.779183423569407,14.00094452565363,150.8358224153401,1,0,0,0.6,-2.3999999999999915,-16.60000000000001,14.200000000000017,-1.7782388979157986,-15.779183423569407,14.00094452565363,1
0022500977,2026-03-15,16.18587791407147,-7.605055482738223,23.7909333968097,246.47703503595153,0,0,0,0.39999999999999997,11.400000000000006,-12.799999999999997,24.200000000000003,16.18587791407147,-7.605055482738223,23.7909333968097,0
0022500978,2026-03-15,-8.370960595603066,3.73002179742204,-12.10098239302508,-128.90050518302246,0,0,0,-0.19999999999999996,-9.799999999999997,2.0,-11.799999999999997,-8.370960595603066,3.73002179742204,-12.10098239302508,1
0022500979,2026-03-15,-0.10605163937739803,2.432372304884595,-2.5384239442620036,103.95396138231513,-1,1,0,0.2,-3.0,-1.0,-2.0,-0.10605163937739803,2.432372304884595,-2.5384239442620036,1
0022500980,2026-03-15,-2.4654895131051973,8.625225707799743,-11.090715220904944,-7.959223732231294,-1,1,0,-0.19999999999999996,-1.6000000000000085,9.800000000000011,-11.40000000000002,-2.4654895131051973,8.625225707799743,-11.090715220904944,1
0022500981,2026-03-15,6.8707450039999,-6.821189575518474,13.691934579518374,147.33761676414906,0,0,0,0.39999999999999997,4.6000000000000085,-9.0,13.600000000000009,6.8707450039999,-6.821189575518474,13.691934579518374,1
0022500982,2026-03-15,1.044520175794716,-6.5746794097937595,7.619199585588487,27.335685797952465,-1,1,0,0.19999999999999996,3.799999999999997,-4.200000000000003,8.0,1.044520175794716,-6.5746794097937595,7.619199585588487,1
0022500983,2026-03-16,1.6159538577718138,2.7971492650355003,-1.181195407263676,-45.349128268949926,0,0,0,0.0,-4.799999999999997,-3.1999999999999886,-1.6000000000000085,1.6159538577718138,2.7971492650355003,-1.181195407263676,1
0022500984,2026-03-16,-1.5803833759698733,5.120759590594815,-6.7011429665646975,-192.97537275761442,1,0,1,0.0,5.799999999999997,13.400000000000006,-7.6000000000000085,-1.5803833759698733,5.120759590594815,-6.7011429665646975,0
0022500985,2026-03-16,-3.041960413106864,8.844864116845173,-11.886824529952044,-172.2548544636711,1,0,1,0.0,-6.199999999999989,5.400000000000006,-11.599999999999994,-3.041960413106864,8.844864116845173,-11.886824529952044,0
0022500986,2026-03-16,-9.88296255002004,-8.377290682193646,-1.5056718678263623,109.0437339367727,-1,0,0,-0.20000000000000007,-7.6000000000000085,-6.3999999999999915,-1.200000000000017,-9.88296255002004,-8.377290682193646,-1.5056718678263623,1
0022500987,2026-03-16,-1.480617172475874,-4.661539746514336,3.1809225740384814,54.14873358406339,0,0,0,0.4,-0.6000000000000085,-4.0,3.3999999999999915,-1.480617172475874,-4.661539746514336,3.1809225740384814,1
0022500988,2026-03-16,10.430277286447009,-7.701416007706882,18.13169329415392,-0.3185907045115073,2,0,1,0.19999999999999996,11.0,-7.799999999999997,18.799999999999997,10.430277286447009,-7.701416007706882,18.13169329415392,1
0022500989,2026-03-16,-15.281316811993776,2.292726267668826,-17.57404307966261,20.144535311770824,1,0,0,-0.4,-17.60000000000001,0.4000000000000057,-18.000000000000014,-15.281316811993776,2.292726267668826,-17.57404307966261,0
0022500990,2026-03-16,-2.059307638869001,-0.1703186024068799,-1.8889890364621325,-113.243935005607,0,0,0,0.0,-0.4000000000000057,1.2000000000000028,-1.6000000000000085,-2.059307638869001,-0.1703186024068799,-1.8889890364621325,0
0022500991,2026-03-17,-9.737480521201718,2.92104453139072,-12.658525052592452,-2.6968190062616486,0,0,0,-0.4,-17.39999999999999,-4.200000000000003,-13.199999999999989,-9.737480521201718,2.92104453139072,-12.658525052592452,1
0022500992,2026-03-17,4.223445919469626,1.544383876112903,2.679062043356703,-183.26916718590292,-1,1,0,-0.19999999999999996,14.200000000000003,11.400000000000006,2.799999999999997,4.223445919469626,1.544383876112903,2.679062043356703,0
0022500993,2026-03-17,-13.725225336299275,8.836720401956171,-22.561945738255474,-358.908308842761,-1,1,0,-0.6,-3.5999999999999943,20.200000000000003,-23.799999999999997,-13.725225336299275,8.836720401956171,-22.561945738255474,0
0022500994,2026-03-17,7.365986645357125,-6.337469129042958,13.703455774400098,294.04330478433803,0,0,0,0.6,3.4000000000000057,-10.199999999999989,13.599999999999994,7.365986645357125,-6.337469129042958,13.703455774400098,1
0022500995,2026-03-17,-10.052610016180367,8.616715962734816,-18.669325978915186,-155.48481157109632,0,0,0,-0.2,-10.0,8.600000000000009,-18.60000000000001,-10.052610016180367,8.616715962734816,-18.669325978915186,0
0022500996,2026-03-17,-12.800675666991822,6.685625774314161,-19.48630144130596,46.840181698287324,1,0,1,-0.39999999999999997,-6.799999999999997,12.400000000000006,-19.200000000000003,-12.800675666991822,6.685625774314161,-19.48630144130596,1
0022500997,2026-03-17,8.076749926050468,5.6301122685138125,2.446637657536644,102.12140990222679,1,0,0,-0.19999999999999996,11.399999999999991,9.400000000000006,1.9999999999999858,8.076749926050468,5.6301122685138125,2.446637657536644,1
0022500998,2026-03-17,-11.846194073234145,-7.566667959815135,-4.2795261134189975,-344.8144164902851,1,0,1,0.0,-10.400000000000006,-6.599999999999994,-3.8000000000000114,-11.846194073234145,-7.566667959815135,-4.2795261134189975,0
0022500651,2026-03-18,-12.20105240125433,14.133604092747845,-26.334656494002168,-240.7699159993192,1,0,1,-0.6,-13.400000000000006,13.399999999999991,-26.799999999999997,-12.20105240125433,14.133604092747845,-26.334656494002168,1
0022500999,2026-03-18,0.5758439706482932,-6.191495911209358,6.767339881857632,175.50003104959842,0,0,0,0.39999999999999997,-6.200000000000003,-12.799999999999997,6.599999999999994,0.5758439706482932,-6.191495911209358,6.767339881857632,1
0022501000,2026-03-18,-10.792155886126565,8.683321297889165,-19.47547718401574,-452.2760105010725,1,0,1,-0.8,-10.200000000000003,8.599999999999994,-18.799999999999997,-10.792155886126565,8.683321297889165,-19.47547718401574,0
0022501001,2026-03-18,-3.3608652964373817,18.035421018124268,-21.396286314561657,-154.26596398647894,-1,1,0,-0.6,-6.199999999999989,15.199999999999989,-21.399999999999977,-3.3608652964373817,18.035421018124268,-21.396286314561657,0
0022501002,2026-03-18,-0.6367005017055334,5.515462414413449,-6.152162916119,-107.01850190144887,-1,0,0,-0.19999999999999996,7.400000000000006,13.599999999999994,-6.199999999999989,-0.6367005017055334,5.515462414413449,-6.152162916119,0
0022501004,2026-03-18,6.563866826932625,3.9061556640290718,2.657711162903545,282.47725022629925,-2,1,0,0.2,4.0,1.4000000000000057,2.5999999999999943,6.563866826932625,3.9061556640290718,2.657711162903545,1
0022501005,2026-03-18,-3.3757228341746526,-5.593016272632283,2.2172934384576513,-162.06728698543066,0,0,0,0.0,-2.4000000000000057,-5.200000000000003,2.799999999999997,-3.3757228341746526,-5.593016272632283,2.2172934384576513,1
0022501006,2026-03-18,-6.28814484674119,15.67464418615316,-21.962789032894353,-146.71693056513777,0,0,0,-0.6,-5.0,17.39999999999999,-22.39999999999999,-6.28814484674119,15.67464418615316,-21.962789032894353,0
0022501007,2026-03-18,-12.573133206764979,7.659635221959547,-20.23276842872454,-6.508442151293593,0,0,0,-0.6,-14.799999999999997,5.599999999999994,-20.39999999999999,-12.573133206764979,7.659635221959547,-20.23276842872454,0
0022501008,2026-03-19,-1.1800995241997754,-3.898860319914945,2.7187607957151587,-24.010064151606684,0,0,0,0.0,-9.599999999999994,-13.0,3.4000000000000057,-1.1800995241997754,-3.898860319914945,2.7187607957151587,1
0022501009,2026-03-19,-16.377821722815312,9.836788008760465,-26.21460973157579,-366.2628005538586,0,0,0,-0.8,-7.799999999999997,19.400000000000006,-27.200000000000003,-16.377821722815312,9.836788008760465,-26.21460973157579,0
0022501010,2026-03-19,-7.959867796632167,0.25025547825744354,-8.210123274889613,-82.53575945389252,1,0,1,-0.4,-1.3999999999999915,6.400000000000006,-7.799999999999997,-7.959867796632167,0.25025547825744354,-8.210123274889613,0
0022501011,2026-03-19,-10.386257306119603,1.539804981413326,-11.926062287532924,-203.867516971437,-1,1,0,-0.19999999999999996,-1.7999999999999972,10.200000000000003,-12.0,-10.386257306119603,1.539804981413326,-11.926062287532924,0
0022501012,2026-03-19,-0.37375293463814785,-10.80140086722497,10.427647932586831,-138.5319356619425,0,1,1,0.4,2.5999999999999943,-8.200000000000003,10.799999999999997,-0.37375293463814785,-10.80140086722497,10.427647932586831,1
0022501013,2026-03-19,5.482743074483068,-3.8114708234220416,9.294213897905127,165.43843265980172,0,0,0,0.4,7.800000000000011,-1.4000000000000057,9.200000000000017,5.482743074483068,-3.8114708234220416,9.294213897905127,1
0022501014,2026-03-19,-5.262166704211353,-1.185882394929905,-4.076284309281466,-133.05280875924518,-1,1,0,0.0,0.8000000000000114,5.6000000000000085,-4.799999999999997,-5.262166704211353,-1.185882394929905,-4.076284309281466,1
0022501015,2026-03-19,3.760369438648169,2.207962544300642,1.5524068943475244,-136.23124011997993,0,0,0,0.0,0.7999999999999972,-1.2000000000000028,2.0,3.760369438648169,2.207962544300642,1.5524068943475244,0
0022501016,2026-03-20,-26.337144093084092,4.633370823268663,-30.970514916352744,-334.00930027025197,-1,0,0,-0.8,-23.599999999999994,6.599999999999994,-30.19999999999999,-26.337144093084092,4.633370823268663,-30.970514916352744,0
0022501017,2026-03-20,10.974569199334894,-7.351090487502901,18.325659686837778,161.78917373911713,-1,1,0,0.6000000000000001,8.0,-10.799999999999997,18.799999999999997,10.974569199334894,-7.351090487502901,18.325659686837778,1
0022501018,2026-03-20,-12.435729440468663,8.974633188045317,-21.410362628513987,27.07553019183979,0,0,0,-0.6,-18.39999999999999,3.4000000000000057,-21.799999999999997,-12.435729440468663,8.974633188045317,-21.410362628513987,1
0022501019,2026-03-20,-4.914434362435401,11.109446790315445,-16.023881152750842,-293.96898167131235,0,0,0,-0.39999999999999997,2.799999999999997,19.0,-16.200000000000003,-4.914434362435401,11.109446790315445,-16.023881152750842,0
0022501020,2026-03-20,9.431422219994147,11.727715827173824,-2.296293607179684,97.5497457289996,0,0,0,0.0,10.400000000000006,12.200000000000003,-1.7999999999999972,9.431422219994147,11.727715827173824,-2.296293607179684,0
0022501021,2026-03-20,0.9639328631846666,-6.983377538309327,7.947310401494011,44.294768496281904,0,0,0,0.0,8.400000000000006,1.0,7.400000000000006,0.9639328631846666,-6.983377538309327,7.947310401494011,1
0022501022,2026-03-21,-8.357053392167145,13.539264926885465,-21.896318319052632,-487.4856046717339,-1,0,0,-1.0,-4.599999999999994,17.599999999999994,-22.19999999999999,-8.357053392167145,13.539264926885465,-21.896318319052632,0
0022501023,2026-03-21,6.0458322127311135,-11.873749765010245,17.919581977741352,175.45696722729122,1,0,1,0.6000000000000001,4.3999999999999915,-14.199999999999989,18.59999999999998,6.0458322127311135,-11.873749765010245,17.919581977741352,1
0022501024,2026-03-21,-15.983011110312049,-3.0583186551377253,-12.924692455174345,-65.03103956965583,0,0,0,-0.6,-7.800000000000011,5.200000000000003,-13.000000000000014,-15.983011110312049,-3.0583186551377253,-12.924692455174345,0
0022501025,2026-03-21,-6.669318210027086,-10.182560965263818,3.5132427552367433,-197.02052349841802,0,0,0,0.20000000000000007,-6.599999999999994,-10.399999999999991,3.799999999999997,-6.669318210027086,-10.182560965263818,3.5132427552367433,0
0022501026,2026-03-21,5.625946782975049,-9.822049238141858,15.447996021116904,59.989171169353085,0,1,1,0.6000000000000001,7.0,-8.799999999999997,15.799999999999997,5.625946782975049,-9.822049238141858,15.447996021116904,1
0022501027,2026-03-21,-7.928152861945094,-5.1797840431580795,-2.748368818786989,67.77128050506099,-1,1,0,0.0,-17.200000000000003,-14.400000000000006,-2.799999999999997,-7.928152861945094,-5.1797840431580795,-2.748368818786989,1
0022501028,2026-03-21,7.193174847892578,-15.287271180600783,22.480446028493358,376.87220047094866,-1,0,0,0.8,9.199999999999989,-12.799999999999997,21.999999999999986,7.193174847892578,-15.287271180600783,22.480446028493358,1
0022501029,2026-03-21,1.5089826304444927,5.717665112784516,-4.208682482340027,-161.95423586171432,1,0,0,0.2,7.0,12.0,-5.0,1.5089826304444927,5.717665112784516,-4.208682482340027,0
0022501030,2026-03-21,5.135135104784325,8.522599652683269,-3.3874645478989347,-172.62576625077577,0,0,0,-0.39999999999999997,4.799999999999997,8.800000000000011,-4.000000000000014,5.135135104784325,8.522599652683269,-3.3874645478989347,0
0022501031,2026-03-21,0.272801180583528,-8.674605880676125,8.947407061259678,99.9419400604038,0,0,0,0.0,0.7999999999999972,-8.199999999999989,8.999999999999986,0.272801180583528,-8.674605880676125,8.947407061259678,0
0022501032,2026-03-22,6.691815074139413,7.55694504437507,-0.8651299702356452,74.42795236051097,0,0,0,-0.20000000000000007,9.599999999999994,10.599999999999994,-1.0,6.691815074139413,7.55694504437507,-0.8651299702356452,1
0022501033,2026-03-22,18.9460950509756,14.344766633904555,4.601328417071027,43.56807780846475,1,0,0,0.4,18.400000000000006,13.599999999999994,4.800000000000011,18.9460950509756,14.344766633904555,4.601328417071027,1
0022501034,2026-03-22,13.026148148916192,-13.415268733198829,26.441416882115014,370.63438680641275,1,0,1,1.0,6.799999999999997,-19.400000000000006,26.200000000000003,13.026148148916192,-13.415268733198829,26.441416882115014,1
0022501035,2026-03-22,0.8744722320418674,-0.3784360397130513,1.2529082717549453,86.913733863581,0,0,0,0.20000000000000007,-5.400000000000006,-5.799999999999997,0.3999999999999915,0.8744722320418674,-0.3784360397130513,1.2529082717549453,0
0022501036,2026-03-22,-12.200803437353485,-0.12279922291278922,-12.078004214440677,-15.19475637899518,-1,1,0,-0.6,-14.0,-1.5999999999999943,-12.400000000000006,-12.200803437353485,-0.12279922291278922,-12.078004214440677,1
0022501037,2026-03-23,7.641296490204326,-13.065766426164814,20.707062916369125,182.0600108268618,0,0,0,0.6000000000000001,9.400000000000006,-11.800000000000011,21.200000000000017,7.641296490204326,-13.065766426164814,20.707062916369125,1
0022501038,2026-03-23,1.0653512964495206,-3.9558761878341357,5.02122748428366,22.213310650111225,1,0,0,-0.19999999999999996,1.2000000000000028,-4.199999999999989,5.3999999999999915,1.0653512964495206,-3.9558761878341357,5.02122748428366,1
0022501039,2026-03-23,-7.614428855233186,-15.38053881076506,7.766109955531894,210.62977765915252,0,0,0,0.2,-1.3999999999999915,-8.600000000000009,7.200000000000017,-7.614428855233186,-15.38053881076506,7.766109955531894,0
0022501040,2026-03-23,-6.563009282120817,4.077127667118631,-10.640136949239436,-257.3353746924936,0,0,0,-0.19999999999999996,-2.4000000000000057,8.399999999999991,-10.799999999999997,-6.563009282120817,4.077127667118631,-10.640136949239436,0
0022501041,2026-03-23,-6.88643458141442,12.128021299724224,-19.014455881138627,-201.67757476657493,0,0,0,-0.8,-3.6000000000000085,15.799999999999997,-19.400000000000006,-6.88643458141442,12.128021299724224,-19.014455881138627,0
0022501042,2026-03-23,-2.5392745818417524,5.256069698123085,-7.795344279964834,-178.53964040844903,2,0,0,-0.39999999999999997,6.799999999999997,15.200000000000003,-8.400000000000006,-2.5392745818417524,5.256069698123085,-7.795344279964834,1
0022501043,2026-03-23,-9.758637009636956,-1.6396868581528565,-8.11895015148408,-211.43196242048657,1,0,1,-0.39999999999999997,-2.5999999999999943,7.200000000000003,-9.799999999999997,-9.758637009636956,-1.6396868581528565,-8.11895015148408,0
0022501044,2026-03-23,6.301503289198919,9.111512284647233,-2.8100089954483227,-100.09759676985391,0,0,0,0.0,11.0,14.400000000000006,-3.4000000000000057,6.301503289198919,9.111512284647233,-2.8100089954483227,0
0022501045,2026-03-23,10.923098349485684,-2.6883680876261025,13.611466437111796,218.9267676032582,0,1,1,0.6,13.200000000000003,-0.5999999999999943,13.799999999999997,10.923098349485684,-2.6883680876261025,13.611466437111796,1
0022501046,2026-03-23,0.385795919743515,-3.501787674517118,3.8875835942606276,102.70678966673972,0,0,0,-0.2,3.4000000000000057,-0.7999999999999972,4.200000000000003,0.385795919743515,-3.501787674517118,3.8875835942606276,1
0022501047,2026-03-24,2.9263478770446056,-15.989145190643399,18.91549306768799,197.74453899305308,1,0,0,0.20000000000000007,5.3999999999999915,-14.199999999999989,19.59999999999998,2.9263478770446056,-15.989145190643399,18.91549306768799,1
0022501048,2026-03-24,5.626148277931279,-2.569222677143628,8.195370955074889,221.1964811210089,-1,0,0,0.4,3.200000000000003,-4.6000000000000085,7.800000000000011,5.626148277931279,-2.569222677143628,8.195370955074889,1
0022501049,2026-03-24,13.232736487081539,-2.1808296856550697,15.413566172736607,109.71230905133939,2,0,1,0.8,9.200000000000003,-6.599999999999994,15.799999999999997,13.232736487081539,-2.1808296856550697,15.413566172736607,1
0022501050,2026-03-24,-7.330791990072257,1.1481621533487925,-8.478954143421012,-69.38633352852457,0,0,0,-0.39999999999999997,-15.0,-6.400000000000006,-8.599999999999994,-7.330791990072257,1.1481621533487925,-8.478954143421012,0
0022501051,2026-03-25,-3.456467894948659,-0.09037631409569258,-3.3660915808529754,106.68694600919957,0,0,0,0.0,-8.600000000000009,-4.799999999999997,-3.8000000000000114,-3.456467894948659,-0.09037631409569258,-3.3660915808529754,0
0022501052,2026-03-25,3.9085733273305294,20.30714917610061,-16.398575848770086,-273.912407242359,0,0,0,-0.6000000000000001,5.200000000000003,21.200000000000003,-16.0,3.9085733273305294,20.30714917610061,-16.398575848770086,0
0022501053,2026-03-25,-1.280087954549117,-1.5735218300820435,0.29343387553294065,79.12680259035369,0,0,0,0.19999999999999996,-3.6000000000000085,-4.0,0.3999999999999915,-1.280087954549117,-1.5735218300820435,0.29343387553294065,1
0022501054,2026-03-25,-5.898646261474511,4.361852287237511,-10.260498548712004,-111.28982964101442,1,0,0,-0.19999999999999996,-9.0,1.5999999999999943,-10.599999999999994,-5.898646261474511,4.361852287237511,-10.260498548712004,1
0022501055,2026-03-25,9.833676005716399,-5.469676369663219,15.303352375379621,137.35713924089373,-1,1,0,0.8,4.599999999999994,-11.400000000000006,16.0,9.833676005716399,-5.469676369663219,15.303352375379621,0
0022501056,2026-03-25,-15.81810111611837,14.737817044881126,-30.555918160999507,-355.2749791930039,0,0,0,-0.8,-14.0,17.60000000000001,-31.60000000000001,-15.81810111611837,14.737817044881126,-30.555918160999507,0
0022501057,2026-03-25,4.666534568328416,-8.337955057030342,13.004489625358772,39.8772297441667,-1,0,0,0.2,8.0,-4.200000000000017,12.200000000000017,4.666534568328416,-8.337955057030342,13.004489625358772,0
0022501058,2026-03-25,-3.939238190747986,-11.639237782267685,7.699999591519699,25.509033510689278,1,0,0,0.19999999999999996,0.0,-8.399999999999991,8.399999999999991,-3.939238190747986,-11.639237782267685,7.699999591519699,1
0022501059,2026-03-25,5.750695935018953,-9.82550361759948,15.57619955261844,243.14174289744346,-1,1,0,0.6000000000000001,-1.3999999999999915,-17.60000000000001,16.200000000000017,5.750695935018953,-9.82550361759948,15.57619955261844,1
0022501060,2026-03-25,8.629131669080522,-0.7821363289995134,9.411267998080042,194.66011365809823,0,0,0,0.4,14.400000000000006,4.200000000000003,10.200000000000003,8.629131669080522,-0.7821363289995134,9.411267998080042,1
0022501061,2026-03-25,1.1364761965524366,-19.62544855735908,20.761924753911508,68.89297526698851,0,0,0,0.4,9.0,-12.599999999999994,21.599999999999994,1.1364761965524366,-19.62544855735908,20.761924753911508,1
0022501062,2026-03-25,-1.1022024256180742,0.8183752602389376,-1.9205776858569972,23.414036861909153,0,0,0,-0.19999999999999996,-4.799999999999997,-2.0,-2.799999999999997,-1.1022024256180742,0.8183752602389376,-1.9205776858569972,1
0022501063,2026-03-26,-3.3822075232890256,-9.650214084443576,6.2680065611545235,-95.77830374486189,0,0,0,-0.19999999999999996,4.200000000000003,-3.0,7.200000000000003,-3.3822075232890256,-9.650214084443576,6.2680065611545235,1
0022501064,2026-03-26,1.071372681983405,-3.5398985065921806,4.611271188575594,222.25507217441304,-1,1,0,0.20000000000000007,4.799999999999997,0.3999999999999915,4.400000000000006,1.071372681983405,-3.5398985065921806,4.611271188575594,1
0022501065,2026-03-26,3.074071739460848,-7.622902840869386,10.696974580330236,172.9726172698795,0,0,0,-0.4,5.200000000000003,-5.199999999999989,10.399999999999991,3.074071739460848,-7.622902840869386,10.696974580330236,1
0022501066,2026-03-27,-0.800861180610255,19.225120158134672,-20.025981338744955,-223.04704326012984,0,0,0,-0.39999999999999997,2.4000000000000057,22.0,-19.599999999999994,-0.800861180610255,19.225120158134672,-20.025981338744955,0
0022501067,2026-03-27,-4.617987736869878,-2.264264691474523,-2.3537230453953333,101.95697319356782,0,0,0,0.0,-12.800000000000011,-9.799999999999997,-3.000000000000014,-4.617987736869878,-2.264264691474523,-2.3537230453953333,1
0022501068,2026-03-27,5.78014264698686,-3.7203615704463147,9.500504217433164,105.48562798769785,0,0,0,0.6000000000000001,0.5999999999999943,-9.800000000000011,10.400000000000006,5.78014264698686,-3.7203615704463147,9.500504217433164,1
0022501069,2026-03-27,-10.714564264408779,6.7005375458326455,-17.4151018102414,-210.2241100596775,0,0,0,-0.2,-9.0,9.0,-18.0,-10.714564264408779,6.7005375458326455,-17.4151018102414,0
0022501070,2026-03-27,5.580535006627883,-10.929590613425518,16.5101256200534,342.9098811636859,0,0,0,0.4,-4.400000000000006,-21.80000000000001,17.400000000000006,5.580535006627883,-10.929590613425518,16.5101256200534,1
0022501071,2026-03-27,0.9018611665164542,1.7658699094737642,-0.8640087429573242,112.00612292712844,1,0,1,0.0,6.0,5.400000000000006,0.5999999999999943,0.9018611665164542,1.7658699094737642,-0.8640087429573242,1
0022501072,2026-03-27,13.85747948841248,-0.12879508764955006,13.986274576062012,314.87182852298383,0,0,0,0.6000000000000001,8.399999999999991,-7.0,15.399999999999991,13.85747948841248,-0.12879508764955006,13.986274576062012,1
0022501073,2026-03-27,-4.5163446793585535,-9.19668667221346,4.680341992854915,204.71867443336805,0,0,0,0.2,-2.5999999999999943,-7.200000000000003,4.6000000000000085,-4.5163446793585535,-9.19668667221346,4.680341992854915,1
0022501074,2026-03-27,1.9069512060428906,-19.58993085524989,21.496882061292776,157.78534878130927,0,0,0,0.8,-3.3999999999999915,-26.39999999999999,23.0,1.9069512060428906,-19.58993085524989,21.496882061292776,0
0022501075,2026-03-27,21.77080295896546,4.034554041482124,17.73624891748334,339.04246596266375,0,0,0,0.8,19.799999999999997,1.2000000000000028,18.599999999999994,21.77080295896546,4.034554041482124,17.73624891748334,1
0022501076,2026-03-28,-17.395083687324473,20.915216989641635,-38.31030067696611,-279.657321968303,0,0,0,-0.8,-22.200000000000003,16.599999999999994,-38.8,-17.395083687324473,20.915216989641635,-38.31030067696611,0
0022501077,2026-03-28,10.072502813026745,-14.671790671299291,24.74429348432606,55.17165125611655,-1,0,0,0.4,3.3999999999999915,-21.39999999999999,24.799999999999983,10.072502813026745,-14.671790671299291,24.74429348432606,0
0022501078,2026-03-28,2.9612944196732656,-20.63530600672135,23.59660042639458,217.9052348083012,-1,1,0,0.39999999999999997,8.799999999999997,-15.199999999999989,23.999999999999986,2.9612944196732656,-20.63530600672135,23.59660042639458,1
0022501079,2026-03-28,-5.690978079064934,2.160276301747629,-7.851254380812572,-62.89047514100071,0,1,1,-0.2,-14.799999999999997,-7.3999999999999915,-7.400000000000006,-5.690978079064934,2.160276301747629,-7.851254380812572,1
0022501080,2026-03-28,-6.589588562391739,-5.414211070885372,-1.175377491506369,-37.63998427395768,1,0,0,0.0,-4.799999999999997,-4.200000000000003,-0.5999999999999943,-6.589588562391739,-5.414211070885372,-1.175377491506369,0
0022501081,2026-03-28,-2.9386229241546005,-7.631786918740318,4.69316399458572,222.97287286033998,3,0,1,0.0,-11.599999999999994,-17.0,5.400000000000006,-2.9386229241546005,-7.631786918740318,4.69316399458572,1
0022501082,2026-03-29,-21.515667853404693,16.065747432931886,-37.58141528633657,-136.12730445192074,-1,1,0,-0.6000000000000001,-21.0,16.0,-37.0,-21.515667853404693,16.065747432931886,-37.58141528633657,0
0022501083,2026-03-29,3.131914650415922,2.131706585400593,1.0002080650153369,-176.53984499004105,0,0,0,0.0,0.3999999999999915,-1.4000000000000057,1.7999999999999972,3.131914650415922,2.131706585400593,1.0002080650153369,1
0022501084,2026-03-29,-13.861049946389855,-17.7730738201749,3.91202387378506,-53.81503379636115,1,0,1,-0.2,-9.200000000000003,-12.200000000000003,3.0,-13.861049946389855,-17.7730738201749,3.91202387378506,1
0022501085,2026-03-29,11.05667620447727,-0.7434083565187564,11.800084560996023,-126.41193550962771,-1,1,0,0.0,11.799999999999997,-0.20000000000000284,12.0,11.05667620447727,-0.7434083565187564,11.800084560996023,0
0022501086,2026-03-29,-5.838825347544784,-4.767669588366076,-1.071155759178711,10.437318477556119,-1,0,0,0.2,-4.799999999999997,-4.6000000000000085,-0.19999999999998863,-5.838825347544784,-4.767669588366076,-1.071155759178711,1
0022501087,2026-03-29,1.0343184205690221,-19.199749781341396,20.23406820191041,223.52364565470657,0,0,0,0.39999999999999997,-0.19999999999998863,-21.0,20.80000000000001,1.0343184205690221,-19.199749781341396,20.23406820191041,1
0022501088,2026-03-29,-5.9807013996419585,6.163946107758775,-12.144647507400755,-162.93060246382015,0,0,0,-0.39999999999999997,-10.0,2.200000000000003,-12.200000000000003,-5.9807013996419585,6.163946107758775,-12.144647507400755,0
0022501089,2026-03-29,-2.8511383981623624,-7.395744346666049,4.544605948503703,123.52463904063029,-1,0,0,0.0,3.6000000000000085,-1.4000000000000057,5.000000000000014,-2.8511383981623624,-7.395744346666049,4.544605948503703,1
0022501090,2026-03-29,17.53039981033365,6.973647601059525,10.556752209274114,121.1179076790288,0,0,0,0.4,12.599999999999994,2.0,10.599999999999994,17.53039981033365,6.973647601059525,10.556752209274114,1
0022501091,2026-03-30,-6.243665146159202,8.481776428522153,-14.725441574681366,-19.135959989352386,-1,1,0,-0.6000000000000001,-8.799999999999997,7.599999999999994,-16.39999999999999,-6.243665146159202,8.481776428522153,-14.725441574681366,1
0022501092,2026-03-30,6.89565604068946,1.4911471289001241,5.404508911789344,-117.9616083752669,1,0,1,0.0,15.200000000000003,8.799999999999997,6.400000000000006,6.89565604068946,1.4911471289001241,5.404508911789344,1
0022501093,2026-03-30,-15.324851545308235,11.380886408212618,-26.705737953520845,-160.30760701563804,0,0,0,-0.2,-8.400000000000006,19.0,-27.400000000000006,-15.324851545308235,11.380886408212618,-26.705737953520845,0
0022501094,2026-03-30,10.194835770652915,-15.330372084909257,25.52520785556216,320.9765727546735,0,0,0,0.8,1.0,-25.80000000000001,26.80000000000001,10.194835770652915,-15.330372084909257,25.52520785556216,1
0022501095,2026-03-30,11.589838302542674,20.29273707469207,-8.702898772149382,-215.54418052896517,1,0,0,-0.39999999999999997,13.400000000000006,23.400000000000006,-10.0,11.589838302542674,20.29273707469207,-8.702898772149382,0
0022501096,2026-03-30,-10.241450606879823,8.064877784839226,-18.306328391719035,-335.1924922981434,-1,0,0,-0.8,-4.599999999999994,15.199999999999989,-19.799999999999983,-10.241450606879823,8.064877784839226,-18.306328391719035,0
0022501097,2026-03-30,6.368488015551534,6.279229516989517,0.08925849856202284,107.87411538212882,-1,1,0,0.0,2.200000000000003,2.0,0.20000000000000284,6.368488015551534,6.279229516989517,0.08925849856202284,1
0022501098,2026-03-30,11.900141643889015,-8.055416831772433,19.955558475661462,350.021017259847,2,0,1,0.6000000000000001,6.200000000000003,-13.799999999999983,19.999999999999986,11.900141643889015,-8.055416831772433,19.955558475661462,1
0022500652,2026-03-31,-6.863854099373896,6.497098870230985,-13.360952969604877,54.194007798018674,1,0,1,0.0,-16.0,-3.200000000000003,-12.799999999999997,-6.863854099373896,6.497098870230985,-13.360952969604877,1
0022501099,2026-03-31,-9.366858998995056,14.42837317835658,-23.79523217735162,-12.61269798603189,1,0,1,-0.39999999999999997,-8.799999999999997,16.0,-24.799999999999997,-9.366858998995056,14.42837317835658,-23.79523217735162,1
0022501100,2026-03-31,-13.924571146982387,5.266486556621956,-19.191057703604347,-241.63843288504563,0,0,0,-0.39999999999999997,-8.599999999999994,11.599999999999994,-20.19999999999999,-13.924571146982387,5.266486556621956,-19.191057703604347,0
0022501101,2026-03-31,-1.9189694770496288,-4.570297851218882,2.65132837416923,111.31293058607412,-1,1,0,0.0,-0.5999999999999943,-2.0,1.4000000000000057,-1.9189694770496288,-4.570297851218882,2.65132837416923,1
0022501102,2026-03-31,2.2909278821869066,-2.0150469946364353,4.305974876823337,-48.55366812669058,0,0,0,0.0,9.199999999999989,5.799999999999997,3.3999999999999915,2.2909278821869066,-2.0150469946364353,4.305974876823337,1
0022501103,2026-03-31,-4.964225391965627,-9.12182527970485,4.157599887739218,-1.3767072546340842,0,1,1,0.0,-6.6000000000000085,-10.199999999999989,3.59999999999998,-4.964225391965627,-9.12182527970485,4.157599887739218,1
0022501104,2026-03-31,12.7823579274326,10.910222468737231,1.872135458695391,73.5900346103017,0,0,0,0.4,7.0,6.6000000000000085,0.3999999999999915,12.7823579274326,10.910222468737231,1.872135458695391,0
0022501003,2026-04-01,-15.234410113195011,2.5524047231321134,-17.786814836327128,-271.6611714935159,1,0,1,-0.2,-3.799999999999997,15.599999999999994,-19.39999999999999,-15.234410113195011,2.5524047231321134,-17.786814836327128,0
0022501105,2026-04-01,-9.523355141833392,4.4223436509996645,-13.945698792833088,-234.47015367956624,0,0,0,-0.39999999999999997,-10.399999999999991,4.0,-14.399999999999991,-9.523355141833392,4.4223436509996645,-13.945698792833088,0
0022501106,2026-04-01,3.602503098382968,12.732195210873329,-9.129692112490343,-163.3482811870408,0,0,0,-0.19999999999999996,12.0,21.60000000000001,-9.600000000000009,3.602503098382968,12.732195210873329,-9.129692112490343,0
0022501107,2026-04-01,-7.674120874742144,12.073149078858606,-19.747269953600785,-50.720687525210906,-1,1,0,-0.4,-6.599999999999994,14.200000000000003,-20.799999999999997,-7.674120874742144,12.073149078858606,-19.747269953600785,0
0022501108,2026-04-01,5.4322086089222665,-17.010797412141514,22.443006021063788,204.0869626495121,-2,1,0,0.39999999999999997,13.200000000000003,-10.0,23.200000000000003,5.4322086089222665,-17.010797412141514,22.443006021063788,0
0022501109,2026-04-01,-10.566744489209213,-3.1019552072496595,-7.464789281959583,55.493988305094945,-1,0,0,-0.2,-1.0,7.3999999999999915,-8.399999999999991,-10.566744489209213,-3.1019552072496595,-7.464789281959583,0
0022501110,2026-04-01,16.18084508315515,-12.08126122592978,28.262106309084935,159.1709479314061,0,1,1,0.39999999999999997,14.0,-13.0,27.0,16.18084508315515,-12.08126122592978,28.262106309084935,1
0022501112,2026-04-01,-15.315750307741538,10.377731964749941,-25.693482272491455,-329.41101127645743,-1,0,0,-1.0,-11.599999999999994,15.0,-26.599999999999994,-15.315750307741538,10.377731964749941,-25.693482272491455,0
0022501113,2026-04-01,-14.362527127852303,13.014173630885452,-27.376700758737748,-240.24295707651186,1,0,0,-0.4,-13.800000000000011,13.599999999999994,-27.400000000000006,-14.362527127852303,13.014173630885452,-27.376700758737748,0
0022501114,2026-04-02,-0.7710130370626871,-0.8502834253988283,0.07927038833616074,21.866751914940323,0,0,0,0.0,-8.200000000000003,-8.200000000000003,0.0,-0.7710130370626871,-0.8502834253988283,0.07927038833616074,1
0022501115,2026-04-02,15.434920638148157,8.501405732085544,6.933514906062602,54.329691854678,-1,0,0,0.0,15.399999999999991,8.799999999999997,6.599999999999994,15.434920638148157,8.501405732085544,6.933514906062602,1
0022501116,2026-04-02,-5.143777713084532,-2.5862141150869036,-2.557563597997625,131.63372271394906,1,0,0,0.0,-4.400000000000006,-2.200000000000003,-2.200000000000003,-5.143777713084532,-2.5862141150869036,-2.557563597997625,1
0022501117,2026-04-02,-9.737336605307746,-4.30351934626178,-5.433817259045981,-142.79367584923307,-1,1,0,0.0,-8.0,-2.5999999999999943,-5.400000000000006,-9.737336605307746,-4.30351934626178,-5.433817259045981,0
0022501118,2026-04-02,8.045095942410555,-27.026368431878012,35.07146437428857,117.95746469044207,-2,0,0,0.8,11.200000000000003,-24.799999999999997,36.0,8.045095942410555,-27.026368431878012,35.07146437428857,1
0022501119,2026-04-02,-0.7537291925462029,7.64975758005879,-8.403486772604989,-167.47280832299248,1,0,1,-0.19999999999999996,-9.800000000000011,-0.20000000000000284,-9.600000000000009,-0.7537291925462029,7.64975758005879,-8.403486772604989,0
0022501120,2026-04-03,-4.881085181927602,-8.145737974568533,3.2646527926409226,187.45357096974067,-1,1,0,0.0,-15.999999999999986,-18.60000000000001,2.6000000000000227,-4.881085181927602,-8.145737974568533,3.2646527926409226,1
0022501121,2026-04-03,20.33311134724913,20.443097807310096,-0.10998646006096058,-78.15351954433618,1,0,1,0.0,21.799999999999997,21.599999999999994,0.20000000000000284,20.33311134724913,20.443097807310096,-0.10998646006096058,1
0022501122,2026-04-03,-15.691300208177196,5.612962237918737,-21.304262446095926,-296.631832763788,1,0,0,-0.6000000000000001,-18.200000000000003,4.200000000000003,-22.400000000000006,-15.691300208177196,5.612962237918737,-21.304262446095926,0
0022501123,2026-04-03,7.365920956407166,-0.5678699394083395,7.9337908958155285,239.6136825753481,0,0,0,0.4,-13.200000000000003,-23.200000000000003,10.0,7.365920956407166,-0.5678699394083395,7.9337908958155285,1
0022501124,2026-04-03,13.048154985898293,-14.76805670391603,27.81621168981433,311.9350835489165,0,0,0,0.8,2.6000000000000085,-25.200000000000017,27.800000000000026,13.048154985898293,-14.76805670391603,27.81621168981433,1
0022501125,2026-04-03,-7.080648324561622,10.499192836256128,-17.579841160817747,-172.35752552247027,0,0,0,-0.2,-5.3999999999999915,13.0,-18.39999999999999,-7.080648324561622,10.499192836256128,-17.579841160817747,0
0022501126,2026-04-03,-14.39143949338002,6.2386644768762665,-20.630103970256293,-250.31637760825993,0,0,0,-0.6000000000000001,-9.600000000000009,10.200000000000003,-19.80000000000001,-14.39143949338002,6.2386644768762665,-20.630103970256293,0
0022501127,2026-04-03,-3.1246130956330944,-6.139314305517956,3.0147012098848567,-145.24695948551766,1,0,0,-0.2,0.7999999999999972,-2.799999999999997,3.5999999999999943,-3.1246130956330944,-6.139314305517956,3.0147012098848567,0
0022501128,2026-04-03,4.293328114540074,1.681302464968084,2.6120256495719865,-50.92696883808503,1,0,1,0.2,0.8000000000000114,-2.4000000000000057,3.200000000000017,4.293328114540074,1.681302464968084,2.6120256495719865,1
0022501129,2026-04-04,10.376077587667325,4.221670295031998,6.154407292635333,228.8769024546391,0,0,0,0.2,7.0,1.1999999999999886,5.800000000000011,10.376077587667325,4.221670295031998,6.154407292635333,1
0022501130,2026-04-04,3.2605624016538286,14.037767683740128,-10.777205282086282,-120.41125971053043,1,0,0,0.0,4.799999999999997,15.600000000000009,-10.800000000000011,3.2605624016538286,14.037767683740128,-10.777205282086282,1
0022501131,2026-04-04,8.925759379995881,10.982621818076609,-2.0568624380807314,-134.7688379506651,-1,1,0,0.0,12.800000000000011,14.200000000000003,-1.3999999999999915,8.925759379995881,10.982621818076609,-2.0568624380807314,0
0022501132,2026-04-05,3.9978732040690517,5.812467747255795,-1.8145945431867414,158.68589714117138,0,0,0,0.20000000000000007,-2.4000000000000057,0.7999999999999972,-3.200000000000003,3.9978732040690517,5.812467747255795,-1.8145945431867414,1
0022501133,2026-04-05,-7.12695354495888,-12.043024252502235,4.916070707543351,16.011818343613868,1,0,1,0.2,-13.600000000000009,-19.400000000000006,5.799999999999997,-7.12695354495888,-12.043024252502235,4.916070707543351,1
0022501134,2026-04-05,-12.34405166056105,10.02822241037984,-22.37227407094089,-127.71169421207469,-1,0,0,-0.4,-6.6000000000000085,16.999999999999986,-23.599999999999994,-12.34405166056105,10.02822241037984,-22.37227407094089,0
0022501135,2026-04-05,1.3164088324465695,-1.4294749357508465,2.745883768197425,84.77159705491954,0,0,0,0.0,-1.7999999999999972,-5.400000000000006,3.6000000000000085,1.3164088324465695,-1.4294749357508465,2.745883768197425,1
0022501136,2026-04-05,-1.1537826342895698,-0.8698109002294245,-0.2839717340601424,273.8935199866762,1,0,0,0.19999999999999996,-5.200000000000003,-5.0,-0.20000000000000284,-1.1537826342895698,-0.8698109002294245,-0.2839717340601424,1
0022501137,2026-04-05,-20.79739036990948,-8.660852129663311,-12.136538240246162,33.857682380214555,0,0,0,-0.19999999999999996,-10.799999999999997,1.2000000000000028,-12.0,-20.79739036990948,-8.660852129663311,-12.136538240246162,0
0022501138,2026-04-05,-0.3476136972430339,4.580366801296691,-4.927980498539711,-129.83476179449235,0,0,0,-0.6,-5.400000000000006,-1.3999999999999915,-4.000000000000014,-0.3476136972430339,4.580366801296691,-4.927980498539711,0
0022501139,2026-04-05,8.023757979309494,-21.42496985007324,29.448727829382754,490.98838696894245,1,0,0,0.8,6.0,-24.599999999999994,30.599999999999994,8.023757979309494,-21.42496985007324,29.448727829382754,1
0022501140,2026-04-05,-14.986148789416319,0.17555291203309764,-15.161701701449417,-274.77463278853065,-1,0,0,-0.6000000000000001,-8.200000000000003,7.599999999999994,-15.799999999999997,-14.986148789416319,0.17555291203309764,-15.161701701449417,1
0022501141,2026-04-05,0.16820267418425772,6.6199719007821045,-6.451769226597884,-200.99687543232085,-1,0,0,-0.19999999999999996,1.2000000000000028,7.199999999999989,-5.999999999999986,0.16820267418425772,6.6199719007821045,-6.451769226597884,0
0022501142,2026-04-05,-18.13734355733385,9.708684642723625,-27.846028200057496,-124.82990682454601,1,0,0,-0.6,-13.199999999999989,13.799999999999997,-26.999999999999986,-18.13734355733385,9.708684642723625,-27.846028200057496,0
0022501143,2026-04-06,0.33786835051638775,-11.985311818233129,12.323180168749511,-40.76680111446058,0,0,0,0.4,9.0,-3.799999999999997,12.799999999999997,0.33786835051638775,-11.985311818233129,12.323180168749511,0
0022501144,2026-04-06,-15.132017640624653,8.081840346828272,-23.213857987452904,-141.02557375200558,-1,1,0,-0.20000000000000007,-4.400000000000006,19.400000000000006,-23.80000000000001,-15.132017640624653,8.081840346828272,-23.213857987452904,1
0022501145,2026-04-06,-12.967348619939429,9.51002645261974,-22.47737507255917,-301.6478338142026,0,1,1,-0.6000000000000001,-11.799999999999997,11.400000000000006,-23.200000000000003,-12.967348619939429,9.51002645261974,-22.47737507255917,0
0022501146,2026-04-06,5.55955638215427,-9.458052821964827,15.017609204119102,213.08403880221795,0,0,0,0.20000000000000007,9.400000000000006,-5.199999999999989,14.599999999999994,5.55955638215427,-9.458052821964827,15.017609204119102,1
0022501147,2026-04-06,9.734832783306999,15.895409084488037,-6.160576301181029,105.64598472165585,-2,0,0,0.19999999999999996,16.200000000000017,22.19999999999999,-5.999999999999972,9.734832783306999,15.895409084488037,-6.160576301181029,1
0022501148,2026-04-07,3.223482408230069,5.636510024745846,-2.413027616515784,-116.16431729013652,0,0,0,0.0,0.20000000000000284,2.8000000000000114,-2.6000000000000085,3.223482408230069,5.636510024745846,-2.413027616515784,0
0022501149,2026-04-07,3.577797769393186,3.4180530248696215,0.15974474452358045,122.53354497412784,0,0,0,0.0,3.4000000000000057,3.8000000000000114,-0.4000000000000057,3.577797769393186,3.4180530248696215,0.15974474452358045,1
0022501150,2026-04-07,-9.322613288770285,-0.8227263500166941,-8.499886938753567,-137.33582939591224,0,0,0,0.0,-10.400000000000006,-1.0,-9.400000000000006,-9.322613288770285,-0.8227263500166941,-8.499886938753567,1
0022501151,2026-04-07,-3.638629835234312,-19.04420376842367,15.40557393318935,20.681582953355246,-1,0,0,0.0,-9.399999999999991,-25.599999999999994,16.200000000000003,-3.638629835234312,-19.04420376842367,15.40557393318935,1
0022501152,2026-04-07,15.703884990111149,10.700791555848284,5.003093434262841,-216.13969710524134,0,0,0,0.2,15.799999999999997,10.200000000000003,5.599999999999994,15.703884990111149,10.700791555848284,5.003093434262841,0
0022501153,2026-04-07,-1.8836298717482833,-11.259531134089855,9.37590126234157,100.5595372600651,0,0,0,0.0,-4.200000000000003,-14.400000000000006,10.200000000000003,-1.8836298717482833,-11.259531134089855,9.37590126234157,1
0022501154,2026-04-07,1.3411555119081555,0.9369649942095037,0.40419051769865355,113.081375654888,0,0,0,-0.2,0.5999999999999943,-0.20000000000000284,0.7999999999999972,1.3411555119081555,0.9369649942095037,0.40419051769865355,1
0022501155,2026-04-07,-5.71206445498288,14.894103266633977,-20.606167721616863,-155.26740276328383,0,0,0,-0.4,-10.799999999999983,11.200000000000003,-21.999999999999986,-5.71206445498288,14.894103266633977,-20.606167721616863,0
0022501156,2026-04-07,12.018413811654398,-0.22438156036935197,12.24279537202374,192.61309153685488,0,0,0,0.19999999999999996,5.6000000000000085,-7.799999999999997,13.400000000000006,12.018413811654398,-0.22438156036935197,12.24279537202374,1
0022501157,2026-04-07,-14.28740800625556,-2.919315447584964,-11.368092558670575,-82.92597084978092,0,0,0,-0.4,-3.6000000000000085,7.0,-10.600000000000009,-14.28740800625556,-2.919315447584964,-11.368092558670575,0
0022501158,2026-04-08,2.3358027498371285,12.250946784807866,-9.915144034970718,60.80195959194816,0,0,0,0.0,0.20000000000000284,10.799999999999997,-10.599999999999994,2.3358027498371285,12.250946784807866,-9.915144034970718,1
0022501159,2026-04-08,-1.1677406547738087,1.0142351480853193,-2.1819758028591223,-38.591863657454724,1,0,1,0.4,4.3999999999999915,7.0,-2.6000000000000085,-1.1677406547738087,1.0142351480853193,-2.1819758028591223,1
0022501160,2026-04-08,1.6877958740205656,-4.481974052649008,6.169769926669574,242.6230332953894,1,0,1,0.19999999999999996,3.0,-1.6000000000000085,4.6000000000000085,1.6877958740205656,-4.481974052649008,6.169769926669574,1
0022501161,2026-04-08,5.841190994947397,3.1522720765370735,2.688918918410346,212.40257580141792,0,0,0,0.20000000000000007,8.599999999999994,5.799999999999997,2.799999999999997,5.841190994947397,3.1522720765370735,2.688918918410346,1
0022501162,2026-04-08,13.454583325041426,-16.07755350771339,29.53213683275483,308.2944308249321,0,0,0,1.0,18.60000000000001,-11.400000000000006,30.000000000000014,13.454583325041426,-16.07755350771339,29.53213683275483,1
0022501163,2026-04-08,-8.759645270040338,11.72328898310414,-20.482934253144506,-213.4311513406908,0,1,1,-0.4,-9.799999999999997,10.600000000000009,-20.400000000000006,-8.759645270040338,11.72328898310414,-20.482934253144506,0
0022501164,2026-04-08,6.6274536739981755,-6.258229533322549,12.885683207320739,143.4692670999102,0,1,1,0.2,3.3999999999999915,-10.599999999999994,13.999999999999986,6.6274536739981755,-6.258229533322549,12.885683207320739,1
0022501165,2026-04-09,-1.0859387419260145,-12.944141507114082,11.858202765188059,34.00112559668287,0,0,0,0.0,-6.3999999999999915,-18.39999999999999,12.0,-1.0859387419260145,-12.944141507114082,11.858202765188059,1
0022501166,2026-04-09,2.480262419781269,9.62208631637509,-7.14182389659384,-135.2344951724392,0,0,0,-0.2,1.2000000000000028,9.400000000000006,-8.200000000000003,2.480262419781269,9.62208631637509,-7.14182389659384,0
0022501167,2026-04-09,-8.014058543173462,-4.194626343440646,-3.8194321997327987,-48.04234449752062,0,0,0,0.19999999999999996,-14.799999999999997,-10.399999999999991,-4.400000000000006,-8.014058543173462,-4.194626343440646,-3.8194321997327987,0
0022501168,2026-04-09,-5.660593595517497,2.980166411020008,-8.640760006537516,-50.33810133846873,1,0,0,-0.20000000000000007,-8.400000000000006,-0.5999999999999943,-7.800000000000011,-5.660593595517497,2.980166411020008,-8.640760006537516,1
0022501169,2026-04-09,12.59653734112598,-5.194602243144487,17.79113958427048,101.67178037537269,-1,0,0,0.6,6.799999999999997,-10.0,16.799999999999997,12.59653734112598,-5.194602243144487,17.79113958427048,1
0022501170,2026-04-09,-0.6025113788021343,-2.6998208520362255,2.0973094732340734,-142.17336357512227,0,0,0,-0.2,-3.0,-5.400000000000006,2.4000000000000057,-0.6025113788021343,-2.6998208520362255,2.0973094732340734,0
0022501171,2026-04-10,0.2822490663729553,-4.250305718741629,4.532554785114579,-100.16196290376024,1,0,0,0.0,-0.5999999999999943,-5.799999999999997,5.200000000000003,0.2822490663729553,-4.250305718741629,4.532554785114579,0
0022501172,2026-04-10,-7.141883837392584,2.3140483160121477,-9.45593215340474,-246.4329685596183,0,1,1,-0.4,-4.200000000000003,6.600000000000023,-10.800000000000026,-7.141883837392584,2.3140483160121477,-9.45593215340474,0
0022501173,2026-04-10,-4.717072131966006,-12.086458554046217,7.3693864220802165,-72.15427834426737,0,0,0,-0.20000000000000007,-1.6000000000000085,-9.599999999999994,7.999999999999986,-4.717072131966006,-12.086458554046217,7.3693864220802165,1
0022501174,2026-04-10,19.599872742295616,-1.758803288715825,21.358676031011463,298.10777097908635,-2,1,0,0.6000000000000001,5.799999999999997,-14.599999999999994,20.39999999999999,19.599872742295616,-1.758803288715825,21.358676031011463,1
0022501175,2026-04-10,0.6836298318501548,-1.6876398040522531,2.3712696359024106,-149.09088466433604,0,1,1,0.0,4.599999999999994,2.4000000000000057,2.1999999999999886,0.6836298318501548,-1.6876398040522531,2.3712696359024106,0
0022501176,2026-04-10,3.384902413209943,4.749624317027113,-1.364721903817168,115.65441024953134,0,1,1,0.20000000000000007,-2.5999999999999943,-1.1999999999999886,-1.4000000000000057,3.384902413209943,4.749624317027113,-1.364721903817168,1
0022501177,2026-04-10,-5.09249311284664,3.4296129576504484,-8.522106070497054,-153.3467175956696,-1,1,0,-0.4,-5.200000000000003,3.0,-8.200000000000003,-5.09249311284664,3.4296129576504484,-8.522106070497054,0
0022501178,2026-04-10,14.6254693566663,-2.8013691514906895,17.426838508156997,50.34529489782449,-1,1,0,0.8,9.0,-8.799999999999997,17.799999999999997,14.6254693566663,-2.8013691514906895,17.426838508156997,0
0022501179,2026-04-10,10.347579476279535,5.75616769305654,4.5914117832229735,124.23640523450808,1,0,1,-0.2,8.400000000000006,2.799999999999997,5.6000000000000085,10.347579476279535,5.75616769305654,4.5914117832229735,1
0022501180,2026-04-10,8.543267536085068,-11.161931977067127,19.705199513152188,371.24520483944866,0,0,0,0.6000000000000001,7.200000000000003,-13.200000000000003,20.400000000000006,8.543267536085068,-11.161931977067127,19.705199513152188,1
0022501181,2026-04-10,-5.674839984220071,-3.282178304135982,-2.3926616800841174,-50.224523169860504,1,0,0,0.0,1.7999999999999972,5.400000000000006,-3.6000000000000085,-5.674839984220071,-3.282178304135982,-2.3926616800841174,1
0022501182,2026-04-10,-0.30031233676017166,14.386982511051002,-14.68729484781117,-150.33949227356402,0,0,0,0.0,1.0,16.200000000000003,-15.200000000000003,-0.30031233676017166,14.386982511051002,-14.68729484781117,1
0022501183,2026-04-10,4.193215668786209,-5.628631846974713,9.821847515760922,-42.81813360701153,0,0,0,0.19999999999999996,4.199999999999989,-5.0,9.199999999999989,4.193215668786209,-5.628631846974713,9.821847515760922,1
0022501184,2026-04-10,-2.0461180800399035,-1.1253081788193526,-0.9208099012205766,-113.36041330788203,2,0,1,0.2,0.0,1.2000000000000028,-1.2000000000000028,-2.0461180800399035,-1.1253081788193526,-0.9208099012205766,1
0022501185,2026-04-10,4.264425123122692,10.494085589858784,-6.229660466736126,101.56350203569082,-1,1,0,0.0,0.4000000000000057,6.800000000000011,-6.400000000000006,4.264425123122692,10.494085589858784,-6.229660466736126,1
0022501186,2026-04-12,8.024498157529294,5.1575051174674655,2.8669930400618373,128.7132317830874,0,0,0,-0.19999999999999996,-4.200000000000003,-6.200000000000003,2.0,8.024498157529294,5.1575051174674655,2.8669930400618373,1
0022501187,2026-04-12,8.58997345004859,-10.9536012786606,19.543574728709196,399.30784976463724,0,0,0,0.8,5.400000000000006,-15.199999999999989,20.599999999999994,8.58997345004859,-10.9536012786606,19.543574728709196,1
0022501188,2026-04-12,-15.116414023194395,3.509855940093985,-18.62626996328839,-319.32568351402324,0,0,0,-0.6000000000000001,-10.799999999999997,6.799999999999997,-17.599999999999994,-15.116414023194395,3.509855940093985,-18.62626996328839,0
0022501189,2026-04-12,3.4720039456519487,21.898716858807106,-18.42671291315512,-87.08442540581336,0,0,0,-0.19999999999999996,2.799999999999997,21.80000000000001,-19.000000000000014,3.4720039456519487,21.898716858807106,-18.42671291315512,1
0022501190,2026-04-12,8.031374600569407,-2.961684415973508,10.993059016542912,103.95003916104133,0,0,0,0.4,3.5999999999999943,-6.599999999999994,10.199999999999989,8.031374600569407,-2.961684415973508,10.993059016542912,0
0022501191,2026-04-12,-9.393583716386956,-10.735810238578878,1.3422265221918988,100.14770751106084,0,0,0,0.0,-8.199999999999989,-9.599999999999994,1.4000000000000057,-9.393583716386956,-10.735810238578878,1.3422265221918988,1
0022501192,2026-04-12,9.161620099555535,-12.139807254709964,21.30142735426551,245.23013264796487,0,0,0,0.19999999999999996,9.399999999999991,-12.399999999999991,21.799999999999983,9.161620099555535,-12.139807254709964,21.30142735426551,1
0022501193,2026-04-12,9.69988444594911,11.192877990615642,-1.4929935446665246,-23.08440671051403,0,0,0,-0.2,6.799999999999997,8.799999999999997,-2.0,9.69988444594911,11.192877990615642,-1.4929935446665246,1
0022501194,2026-04-12,17.485381137519184,-16.771068650235932,34.2564497877551,289.61275082814586,0,0,0,0.8,12.799999999999997,-23.80000000000001,36.60000000000001,17.485381137519184,-16.771068650235932,34.2564497877551,1
0022501195,2026-04-12,4.239787239126898,1.411468054904688,2.8283191842222353,200.75699553161644,0,0,0,0.2,-2.0,-4.599999999999994,2.5999999999999943,4.239787239126898,1.411468054904688,2.8283191842222353,1
0022501196,2026-04-12,20.476207566385213,-11.43097056189248,31.907178128277685,265.0638386454116,0,0,0,0.4,25.19999999999999,-6.599999999999994,31.799999999999983,20.476207566385213,-11.43097056189248,31.907178128277685,0
0022501197,2026-04-12,-4.814473689449301,-6.005794480260576,1.1913207908112664,88.28777363268796,0,0,0,-0.19999999999999996,-9.599999999999994,-10.200000000000003,0.6000000000000085,-4.814473689449301,-6.005794480260576,1.1913207908112664,0
0022501198,2026-04-12,-0.6672810891583794,-4.3891039246024945,3.721822835444101,338.36834840249026,0,0,0,0.2,-17.39999999999999,-20.19999999999999,2.799999999999997,-0.6672810891583794,-4.3891039246024945,3.721822835444101,1
0022501199,2026-04-12,-3.665170418435764,-5.448836657582291,1.7836662391465268,104.81584592677336,0,0,0,0.2,0.4000000000000057,-1.7999999999999972,2.200000000000003,-3.665170418435764,-5.448836657582291,1.7836662391465268,1
0022501200,2026-04-12,1.1030608926747192,-7.41044791908196,8.513508811756688,171.32716674517042,0,0,0,0.0,0.6000000000000085,-7.599999999999994,8.200000000000003,1.1030608926747192,-7.41044791908196,8.513508811756688,1
0052500111,2026-04-14,-8.398160702615755,-7.877141111187683,-0.5210195914280771,62.46730245755816,0,0,0,0.0,-16.200000000000017,-15.200000000000003,-1.0000000000000142,-8.398160702615755,-7.877141111187683,-0.5210195914280771,1
0052500121,2026-04-14,-6.362352266012834,-1.1182626784632959,-5.24408958754955,-0.5759637393427965,0,0,0,0.0,-8.799999999999997,-4.400000000000006,-4.3999999999999915,-6.362352266012834,-1.1182626784632959,-5.24408958754955,0
0052500101,2026-04-15,-6.653231211952232,6.905985766765937,-13.559216978718174,-29.62649036229982,0,0,0,-0.4,-14.800000000000011,-1.4000000000000057,-13.400000000000006,-6.653231211952232,6.905985766765937,-13.559216978718174,1
0052500131,2026-04-15,-1.7012578190828833,-7.989875562342149,6.288617743259235,114.22502140336928,0,0,0,0.39999999999999997,3.799999999999997,-2.799999999999997,6.599999999999994,-1.7012578190828833,-7.989875562342149,6.288617743259235,0
0052500201,2026-04-17,-1.9436989894561236,-8.576412495381305,6.632713505925174,-27.377418929723945,-1,0,0,0.0,5.200000000000003,-1.7999999999999972,7.0,-1.9436989894561236,-8.576412495381305,6.632713505925174,1
0052500211,2026-04-17,-7.3152664398458995,-8.657832233561464,1.3425657937155848,58.05810938304535,1,0,0,0.0,-6.400000000000006,-8.0,1.5999999999999943,-7.3152664398458995,-8.657832233561464,1.3425657937155848,1
0042500121,2026-04-18,3.868544428388489,-2.856101196354075,6.724645624742565,68.03486510861876,0,0,0,0.4,-7.799999999999997,-14.0,6.200000000000003,3.868544428388489,-2.856101196354075,6.724645624742565,1
0042500131,2026-04-18,1.067109829805105,5.229586909162094,-4.162477079357006,103.34993443161056,0,0,0,0.20000000000000007,6.3999999999999915,10.799999999999997,-4.400000000000006,1.067109829805105,5.229586909162094,-4.162477079357006,1
0042500161,2026-04-18,5.7934360905480276,-4.08727036602744,9.88070645657543,76.30855359815155,0,0,0,0.4,8.800000000000011,-1.2000000000000028,10.000000000000014,5.7934360905480276,-4.08727036602744,9.88070645657543,1
0042500171,2026-04-18,-5.745468434709679,-1.3489848114044207,-4.396483623305294,15.25035840388432,0,0,0,-0.20000000000000007,-9.399999999999991,-4.0,-5.3999999999999915,-5.745468434709679,-1.3489848114044207,-4.396483623305294,1
0042500101,2026-04-19,12.163673827797126,8.26402446861539,3.8996493591817387,123.08639833935672,5,0,0,0.20000000000000007,5.200000000000003,2.5999999999999943,2.6000000000000085,12.163673827797126,8.26402446861539,3.8996493591817387,0
0042500111,2026-04-19,11.983339124166065,5.773868631001591,6.209470493164448,158.79350106463994,3,0,0,0.20000000000000007,9.400000000000006,3.200000000000003,6.200000000000003,11.983339124166065,5.773868631001591,6.209470493164448,1
0042500141,2026-04-19,6.896099138564125,3.300555932789109,3.5955432057749874,236.46740350508867,5,0,0,0.0,13.200000000000003,9.799999999999997,3.4000000000000057,6.896099138564125,3.300555932789109,3.5955432057749874,1
0042500151,2026-04-19,5.109745343126534,2.8038383659645945,2.3059069771619587,179.76235494504726,2,0,0,0.0,6.599999999999994,4.200000000000003,2.3999999999999915,5.109745343126534,2.8038383659645945,2.3059069771619587,1
0042500122,2026-04-20,5.401296622898911,-4.08298308667608,9.484279709574995,79.05173322059954,0,0,0,0.6000000000000001,-4.599999999999994,-14.0,9.400000000000006,5.401296622898911,-4.08298308667608,9.484279709574995,0
0042500132,2026-04-20,-0.0978230716320212,3.450850796615512,-3.5486738682475156,112.81996753824433,0,0,0,0.20000000000000007,5.800000000000011,9.600000000000009,-3.799999999999997,-0.0978230716320212,3.450850796615512,-3.5486738682475156,1
0042500162,2026-04-20,4.068074681956389,-6.797368768036975,10.86544344999333,86.94932757601941,0,0,0,0.4,5.400000000000006,-5.799999999999997,11.200000000000003,4.068074681956389,-6.797368768036975,10.86544344999333,0
0042500112,2026-04-21,16.360184686452172,3.311146810245333,13.049037876206857,166.15196043023866,0,0,0,0.20000000000000007,13.200000000000003,-0.3999999999999915,13.599999999999994,16.360184686452172,3.311146810245333,13.049037876206857,0
0042500152,2026-04-21,9.589833524885265,2.471755985784597,7.118077539100647,186.42344760054084,0,0,0,0.20000000000000007,8.799999999999997,1.7999999999999972,7.0,9.589833524885265,2.471755985784597,7.118077539100647,0
0042500172,2026-04-21,-1.980761737078879,-2.7472606263716415,0.7664988892927598,28.849100215495355,0,0,0,0.20000000000000007,-9.799999999999997,-9.400000000000006,-0.3999999999999915,-1.980761737078879,-2.7472606263716415,0.7664988892927598,1
0042500102,2026-04-22,10.26494141112039,13.36183567562776,-3.0968942645073616,91.75992174945372,0,0,0,0.0,6.200000000000003,10.200000000000003,-4.0,10.26494141112039,13.36183567562776,-3.0968942645073616,1
0042500142,2026-04-22,11.098235913059682,-2.153081837817126,13.251317750876842,241.5071233551114,0,0,0,0.19999999999999996,13.400000000000006,2.0,11.400000000000006,11.098235913059682,-2.153081837817126,13.251317750876842,1
0042500123,2026-04-23,-3.258488421330213,4.564886762166651,-7.823375183496856,-49.56963401471785,0,0,0,-0.19999999999999996,5.400000000000006,13.200000000000003,-7.799999999999997,-3.258488421330213,4.564886762166651,-7.823375183496856,1
0042500133,2026-04-23,0.9560266685904963,3.444401396681755,-2.4883747280912303,-121.90164388158837,0,0,0,-0.4,-3.5999999999999943,-1.4000000000000057,-2.1999999999999886,0.9560266685904963,3.444401396681755,-2.4883747280912303,1
0042500163,2026-04-23,-1.8743243598994468,9.986743942857984,-11.861068302757428,-57.118611268342875,0,0,0,-0.20000000000000007,-1.7999999999999972,10.400000000000006,-12.200000000000003,-1.8743243598994468,9.986743942857984,-11.861068302757428,1
0042500113,2026-04-24,-8.840887159181648,-6.629909796799936,-2.2109773623817093,-133.2594619633926,0,0,0,0.20000000000000007,-8.199999999999989,-4.599999999999994,-3.5999999999999943,-8.840887159181648,-6.629909796799936,-2.2109773623817093,0
0042500153,2026-04-24,-4.753434935431301,-3.610296478330909,-1.1431384571003882,-152.87437183790735,0,0,0,0.20000000000000007,-5.3999999999999915,-4.3999999999999915,-1.0,-4.753434935431301,-3.610296478330909,-1.1431384571003882,0
0042500173,2026-04-24,-7.035035170826291,7.129994050870735,-14.165029221697019,-41.7542692102204,0,0,0,-0.6,2.0,14.400000000000006,-12.400000000000006,-7.035035170826291,7.129994050870735,-14.165029221697019,0
0042500103,2026-04-25,-16.16122879003258,-5.645288493993604,-10.51594029603898,-101.72062422524527,0,0,0,-0.4,-13.200000000000003,-3.200000000000003,-10.0,-16.16122879003258,-5.645288493993604,-10.51594029603898,1
0042500124,2026-04-25,0.7468086992350891,5.685742056278514,-4.9389333570434335,-32.45242218245539,0,0,0,0.19999999999999996,4.799999999999997,9.800000000000011,-5.000000000000014,0.7468086992350891,5.685742056278514,-4.9389333570434335,0
0042500143,2026-04-25,-4.525465335176023,0.3601759279932253,-4.885641263169288,-246.42043757313445,0,0,0,-0.19999999999999996,-6.0,-2.1999999999999886,-3.8000000000000114,-4.525465335176023,0.3601759279932253,-4.885641263169288,0
0042500164,2026-04-25,5.47798449922476,5.013348242821934,0.4646362564028266,-39.57460425774957,0,0,0,0.20000000000000007,4.799999999999997,4.3999999999999915,0.4000000000000057,5.47798449922476,5.013348242821934,0.4646362564028266,1
0042500114,2026-04-26,-7.026572161982514,2.16223061640774,-9.188802778390246,-151.35072039727652,0,0,0,-0.20000000000000007,-9.599999999999994,0.6000000000000085,-10.200000000000003,-7.026572161982514,2.16223061640774,-9.188802778390246,0
0042500134,2026-04-26,1.6863781478336506,-3.2237019573325085,4.910080105166168,-100.64255126164971,0,0,0,-0.19999999999999996,-0.4000000000000057,-5.400000000000006,5.0,1.6863781478336506,-3.2237019573325085,4.910080105166168,1
0042500154,2026-04-26,-8.339902944289207,-0.5660627881957083,-7.773840156093508,-169.85396015917468,0,0,0,0.0,-8.600000000000009,-1.2000000000000028,-7.400000000000006,-8.339902944289207,-0.5660627881957083,-7.773840156093508,0
0042500174,2026-04-26,-4.13324298364266,10.229585937429334,-14.362828921071984,-65.07610140284282,0,0,0,-0.8,2.3999999999999915,15.400000000000006,-13.000000000000014,-4.13324298364266,10.229585937429334,-14.362828921071984,1
0042500104,2026-04-27,-5.700301658743115,-4.741300578968335,-0.9590010797747794,-81.62157794268182,0,0,0,0.0,-5.799999999999997,-5.200000000000003,-0.5999999999999943,-5.700301658743115,-4.741300578968335,-0.9590010797747794,1
0042500144,2026-04-27,-8.02415705266256,4.4179527043283855,-12.442109756990936,-258.45771674480943,0,0,0,-0.39999999999999997,-9.799999999999997,1.5999999999999943,-11.399999999999991,-8.02415705266256,4.4179527043283855,-12.442109756990936,0
0042500165,2026-04-27,-6.031287958913651,4.059304919281772,-10.090592878195446,23.018318140054134,0,0,0,-0.4,-6.200000000000003,3.8000000000000114,-10.000000000000014,-6.031287958913651,4.059304919281772,-10.090592878195446,1
0042500115,2026-04-28,10.462705543904917,-11.289733162640687,21.752438706545597,168.41607301171666,0,0,0,0.4,12.399999999999991,-9.399999999999991,21.799999999999983,10.462705543904917,-11.289733162640687,21.752438706545597,0
0042500125,2026-04-28,3.797743603547829,-8.361318084307328,12.15906168785517,56.29251199742794,0,0,0,0.0,0.8000000000000114,-11.599999999999994,12.400000000000006,3.797743603547829,-8.361318084307328,12.15906168785517,1
0042500155,2026-04-28,9.793582794640471,-5.0376675117027645,14.83125030634324,185.88616346948174,0,0,0,0.19999999999999996,9.400000000000006,-5.0,14.400000000000006,9.793582794640471,-5.0376675117027645,14.83125030634324,1
0042500105,2026-04-29,-0.4699367497102429,7.0356954512528915,-7.505632200963128,62.67853930474644,0,0,0,-0.4,0.4000000000000057,8.199999999999989,-7.799999999999983,-0.4699367497102429,7.0356954512528915,-7.505632200963128,1
0042500135,2026-04-29,-0.5649913315770476,5.408001901917061,-5.972993233494094,80.605563079906,0,0,0,0.0,-1.7999999999999972,3.799999999999997,-5.599999999999994,-0.5649913315770476,5.408001901917061,-5.972993233494094,1
0042500175,2026-04-29,3.953748361120091,4.546975894933553,-0.5932275338134616,47.0797388463036,0,0,0,0.4,0.0,1.0,-1.0,3.953748361120091,4.546975894933553,-0.5932275338134616,0
0042500116,2026-04-30,-6.527278298393753,9.876005783396721,-16.40328408179046,-135.44772012882618,0,0,0,-0.19999999999999996,-8.399999999999991,8.399999999999991,-16.799999999999983,-6.527278298393753,9.876005783396721,-16.40328408179046,1
0042500126,2026-04-30,-11.007751364460887,11.2633205436493,-22.271071908110212,-67.85706365069063,0,0,0,-0.19999999999999996,-10.800000000000011,10.800000000000011,-21.600000000000023,-11.007751364460887,11.2633205436493,-22.271071908110212,0
0042500166,2026-04-30,4.055336078236266,-2.3732219453272023,6.428558023563459,-36.21862497682264,0,0,0,0.19999999999999996,3.0,-3.0,6.0,4.055336078236266,-2.3732219453272023,6.428558023563459,1
0042500106,2026-05-01,0.1694643924889334,-0.8122028827725103,0.9816672752614353,-73.9432347801519,0,0,0,0.19999999999999996,0.6000000000000085,-0.6000000000000085,1.200000000000017,0.1694643924889334,-0.8122028827725103,0.9816672752614353,0
0042500136,2026-05-01,-2.102223996894921,-1.7319039796255282,-0.370320017269367,-91.05427060013471,0,0,0,-0.19999999999999996,-0.3999999999999915,0.3999999999999915,-0.799999999999983,-2.102223996894921,-1.7319039796255282,-0.370320017269367,1
0042500176,2026-05-01,-1.9706983231945685,-4.096423989410113,2.12572566621555,-19.08510566193695,0,0,0,-0.19999999999999996,1.0,-1.0,2.0,-1.9706983231945685,-4.096423989410113,2.12572566621555,0
0042500117,2026-05-02,-2.1460143894308885,-0.841254225666006,-1.3047601637648967,113.41423625852326,0,0,0,-0.19999999999999996,-0.6000000000000085,0.6000000000000085,-1.200000000000017,-2.1460143894308885,-0.841254225666006,-1.3047601637648967,0
0042500107,2026-05-03,6.083048294423946,-3.6520572113561656,9.735105505780112,95.44037686458682,0,0,0,0.19999999999999996,4.400000000000006,-4.400000000000006,8.800000000000011,6.083048294423946,-3.6520572113561656,9.735105505780112,1
0042500137,2026-05-03,-0.7897469588485251,4.7985100389827835,-5.588256997831328,71.56911441175225,0,0,0,-0.19999999999999996,-2.6000000000000085,2.6000000000000085,-5.200000000000017,-0.7897469588485251,4.7985100389827835,-5.588256997831328,1
0042500211,2026-05-04,9.86238005145239,-10.018746456837675,19.881126508290077,81.43111189266483,2,0,0,0.0,14.0,-5.200000000000003,19.200000000000003,9.86238005145239,-10.018746456837675,19.881126508290077,1
0042500231,2026-05-04,2.470608896690308,-2.4540771210666037,4.924686017756894,112.77349502739958,2,0,0,0.0,-1.0,-5.799999999999997,4.799999999999997,2.470608896690308,-2.4540771210666037,4.924686017756894,0
0042500201,2026-05-05,-0.2987205259115342,-9.395437438199963,9.096716912288404,41.01594589168212,0,0,0,0.19999999999999996,-4.800000000000011,-12.799999999999997,7.999999999999986,-0.2987205259115342,-9.395437438199963,9.096716912288404,1
0042500221,2026-05-05,16.05587523516391,9.158121970106464,6.8977532650574584,137.17148679370007,4,0,0,0.20000000000000007,18.799999999999997,12.600000000000009,6.199999999999989,16.05587523516391,9.158121970106464,6.8977532650574584,1
0042500212,2026-05-06,18.454281047038222,-15.774350090167445,34.228631137205674,91.84317699166058,0,0,0,0.20000000000000007,20.599999999999994,-12.799999999999997,33.39999999999999,18.454281047038222,-15.774350090167445,34.228631137205674,1
0042500232,2026-05-06,1.455645072556763,-0.8224948447480074,2.278139917304771,81.85704941366726,0,0,0,-0.20000000000000007,0.19999999999998863,-2.200000000000003,2.3999999999999915,1.455645072556763,-0.8224948447480074,2.278139917304771,1
0042500202,2026-05-07,3.153703035432372,-7.115722531535624,10.269425566967996,53.316628289850314,0,0,0,0.4,-3.0,-12.199999999999989,9.199999999999989,3.153703035432372,-7.115722531535624,10.269425566967996,1
0042500222,2026-05-07,22.446112449288876,0.003192920509263786,22.442919528779623,145.3068993734198,0,0,0,0.6,22.0,0.8000000000000114,21.19999999999999,22.446112449288876,0.003192920509263786,22.442919528779623,1
0042500213,2026-05-08,-19.53613421398525,10.521475947401413,-30.05761016138665,-101.80029491622918,0,0,0,-0.4,-19.400000000000006,10.200000000000003,-29.60000000000001,-19.53613421398525,10.521475947401413,-30.05761016138665,0
0042500233,2026-05-08,-11.821465261410054,8.37733602261946,-20.198801284029493,-92.25024165126547,0,0,0,-0.20000000000000007,-9.799999999999997,11.799999999999997,-21.599999999999994,-11.821465261410054,8.37733602261946,-20.198801284029493,0
0042500203,2026-05-09,-8.301314186146442,6.737647720841622,-15.038961906988053,-65.02251882660607,0,0,0,-0.6,0.8000000000000114,14.400000000000006,-13.599999999999994,-8.301314186146442,6.737647720841622,-15.038961906988053,1
0042500223,2026-05-09,-21.745849908407934,1.1724714379464558,-22.918321346354375,-153.14302092116236,0,0,0,-0.8,-24.200000000000003,-2.0,-22.200000000000003,-21.745849908407934,1.1724714379464558,-22.918321346354375,0
0042500214,2026-05-10,-23.60868146555279,12.642165803613821,-36.25084726916661,-121.69666253779769,0,0,0,-0.6,-22.0,13.200000000000003,-35.2,-23.60868146555279,12.642165803613821,-36.25084726916661,0
0042500234,2026-05-10,-12.994755881707476,10.804212035737734,-23.798967917445168,-112.69627963105654,0,0,0,-0.4,-9.599999999999994,15.599999999999994,-25.19999999999999,-12.994755881707476,10.804212035737734,-23.798967917445168,1
0042500204,2026-05-11,-6.436825187239393,5.245505812477461,-11.682330999716878,-47.029209726990075,0,0,0,-0.4,0.3999999999999915,10.799999999999997,-10.400000000000006,-6.436825187239393,5.245505812477461,-11.682330999716878,1
0042500224,2026-05-11,-22.18056356140464,3.9047155633481907,-26.08527912475283,-170.1074990319746,0,0,0,-0.8,-24.0,1.0,-25.0,-22.18056356140464,3.9047155633481907,-26.08527912475283,0
0042500235,2026-05-12,11.175537716019875,-4.116796415013965,15.292334131033837,91.96574817538999,0,0,0,0.0,8.399999999999991,-8.200000000000003,16.599999999999994,11.175537716019875,-4.116796415013965,15.292334131033837,1
0042500205,2026-05-13,4.123933735137669,-0.1662642109247372,4.290197946062395,30.055044882871016,0,0,0,0.0,1.2000000000000028,-2.4000000000000057,3.6000000000000085,4.123933735137669,-0.1662642109247372,4.290197946062395,0
0042500206,2026-05-15,-1.6648135689799943,-1.3187751682816753,-0.34603840069831904,-2.8996048845426685,0,0,0,0.19999999999999996,0.0,0.0,0.0,-1.6648135689799943,-1.3187751682816753,-0.34603840069831904,0
0042500236,2026-05-15,-15.354127380935878,9.897892464023059,-25.25201984495893,-101.9175903721191,0,0,0,-0.19999999999999996,-13.400000000000006,13.400000000000006,-26.80000000000001,-15.354127380935878,9.897892464023059,-25.25201984495893,0
0042500207,2026-05-17,3.8192710728846464,-1.2133834574222675,5.032654530306909,28.34803160597926,0,0,0,-0.19999999999999996,2.200000000000003,-2.200000000000003,4.400000000000006,3.8192710728846464,-1.2133834574222675,5.032654530306909,0
0042500311,2026-05-18,5.878423157637215,9.516068091037127,-3.6376449333999084,66.6884748306843,4,0,0,0.19999999999999996,-2.4000000000000057,2.8000000000000114,-5.200000000000017,5.878423157637215,9.516068091037127,-3.6376449333999084,0
0042500301,2026-05-19,16.259460913028107,-6.60490172061624,22.86436263364434,34.5205915546303,7,0,0,0.19999999999999996,14.600000000000009,-7.3999999999999915,22.0,16.259460913028107,-6.60490172061624,22.86436263364434,1
0042500312,2026-05-20,3.020178599894109,3.800148586659347,-0.7799699867652006,37.767319085295185,0,0,0,0.0,-3.4000000000000057,-1.1999999999999886,-2.200000000000017,3.020178599894109,3.800148586659347,-0.7799699867652006,1
0042500302,2026-05-21,13.990646684835752,-4.1564453744972525,18.14709205933301,47.14203585774612,0,0,0,0.4,12.0,-5.599999999999994,17.599999999999994,13.990646684835752,-4.1564453744972525,18.14709205933301,1
0042500313,2026-05-22,-5.075890801422261,-4.511643085652466,-0.5642477157697918,-50.22786419911972,0,0,0,-0.20000000000000007,0.20000000000000284,-0.5999999999999943,0.7999999999999972,-5.075890801422261,-4.511643085652466,-0.5642477157697918,0
0042500303,2026-05-23,-12.496654777506876,6.62900355927674,-19.125658336783648,-59.14438979220904,0,0,0,-0.6,-10.200000000000003,7.799999999999997,-18.0,-12.496654777506876,6.62900355927674,-19.125658336783648,0
0042500314,2026-05-24,-4.409636926856223,-2.59917173298777,-1.8104651938684526,-73.07353872624662,0,0,0,-0.20000000000000007,0.3999999999999915,1.0,-0.6000000000000085,-4.409636926856223,-2.59917173298777,-1.8104651938684526,1
0042500304,2026-05-25,-16.967018604768185,7.015267393390403,-23.982285998158588,-81.48544710217993,0,0,0,-0.8,-14.600000000000009,8.200000000000003,-22.80000000000001,-16.967018604768185,7.015267393390403,-23.982285998158588,0
0042500315,2026-05-26,-3.5755093520243975,2.0231687226210084,-5.59867807464542,54.62045457286422,0,0,0,0.0,-5.599999999999994,1.0,-6.599999999999994,-3.5755093520243975,2.0231687226210084,-5.59867807464542,1
0042500316,2026-05-28,-3.1041712828179016,1.1005790196624616,-4.204750302480383,-66.26429557400752,0,0,0,-0.19999999999999996,-1.7999999999999972,1.7999999999999972,-3.5999999999999943,-3.1041712828179016,1.1005790196624616,-4.204750302480383,1
0042500317,2026-05-30,-1.0140019533676679,3.176268182712519,-4.190270136080176,48.20019859001741,0,0,0,0.19999999999999996,-2.200000000000003,2.200000000000003,-4.400000000000006,-1.0140019533676679,3.176268182712519,-4.190270136080176,0
0042500401,2026-06-03,-15.0256726342689,0.9449538135000921,-15.97062644776899,42.22344999304255,-5,0,0,-0.4,-13.0,2.799999999999997,-15.799999999999997,-15.0256726342689,0.9449538135000921,-15.97062644776899,0
0042500402,2026-06-05,-8.878926135361596,1.9915433715412405,-10.870469506902829,14.465003439706152,0,0,0,-0.4,-7.799999999999997,3.0,-10.799999999999997,-8.878926135361596,1.9915433715412405,-10.870469506902829,0
0042500403,2026-06-08,8.496445539583547,-4.887674020523619,13.38411956010719,11.895647961532404,0,0,0,0.6,5.599999999999994,-7.6000000000000085,13.200000000000003,8.496445539583547,-4.887674020523619,13.38411956010719,0
0042500404,2026-06-10,5.850489482432323,-0.0003656951181341128,5.850855177550425,-14.331748180442673,0,0,0,0.20000000000000007,5.800000000000011,0.0,5.800000000000011,5.850489482432323,-0.0003656951181341128,5.850855177550425,1
0042500405,2026-06-13,-3.7940003770243464,5.1395904305979485,-8.933590807622313,-0.834360127518039,0,0,0,-0.4,-5.3999999999999915,3.6000000000000085,-9.0,-3.7940003770243464,5.1395904305979485,-8.933590807622313,0
